word,frequency,relative_frequency,sts_category
thereum,5208,0.01337978234731942,—
as,4633,0.011902559833934498,—
block,1793,0.0046063651591289785,infrastructurel
network,1471,0.003779120551633423,infrastructurel
client,1467,0.0037688442211055275,infrastructurel
community,1316,0.0033809127436774875,gouvernance
contract,1237,0.0031779552157515595,—
eth,1176,0.003021241175201159,defi_finance
here,1150,0.002954445026769841,—
protocol,1108,0.0028465435562269425,protocolaire
blockchain,1083,0.0027823164904275982,infrastructurel
state,1082,0.0027797474077956245,—
proof,1019,0.0026178952019812766,sécurité
chain,999,0.002566513549341801,infrastructurel
code,981,0.002520270061966273,développement
evcon,978,0.002512562814070352,—
transaction,952,0.0024457666656390337,—
ethereum,924,0.0023738323519437677,protocolaire
security,873,0.0022428091377131054,sécurité
re,851,0.0021862893198096823,—
development,796,0.002044989775051125,développement
node,767,0.001970486378723885,infrastructurel
consensus,752,0.0019319501392442786,infrastructurel
no,731,0.0018779994039728294,—
ecosystem,730,0.0018754303213408556,—
et,720,0.0018497394950211178,—
clients,700,0.0017983578423816423,infrastructurel
layer,683,0.0017546834376380882,infrastructurel
value,674,0.0017315616939503242,defi_finance
nodes,670,0.0017212853634224292,infrastructurel
project,644,0.001654489214991111,—
contracts,636,0.0016339365539353207,—
ing,629,0.0016159529755115044,—
research,628,0.0016133838928795306,recherche
system,627,0.0016108148102475569,—
blocks,626,0.001608245727615583,—
transactions,624,0.0016031075623516354,—
based,615,0.0015799858186638714,—
itcoin,610,0.0015671404055040026,—
ll,606,0.0015568640749761076,—
people,601,0.0015440186618162386,—
ommunity,596,0.0015311732486563698,—
upgrade,595,0.001528604166024396,protocolaire
used,594,0.0015260350833924223,—
developers,591,0.0015183278354965008,—
decentralized,589,0.0015131896702325533,discours_vision
th,584,0.0015003442570726846,—
knowledge,569,0.0014618080175930778,sécurité
titre,567,0.0014566698523291303,—
nauteur,567,0.0014566698523291303,—
ndate,567,0.0014566698523291303,—
nurl,567,0.0014566698523291303,—
catégorisé,567,0.0014566698523291303,—
process,565,0.0014515316870651828,—
zero,558,0.0014335481086413663,sécurité
public,552,0.0014181336128495238,—
want,544,0.0013975809517937335,—
release,543,0.0013950118691617597,—
ve,541,0.0013898737038978122,—
different,534,0.0013718901254739957,—
working,531,0.0013641828775780745,—
teams,531,0.0013641828775780745,—
stake,524,0.001346199299154258,gouvernance
year,523,0.0013436302165222842,—
net,523,0.0013436302165222842,—
validators,516,0.0013256466380984677,gouvernance
applications,514,0.0013205084728345202,usages
changes,514,0.0013205084728345202,—
run,513,0.0013179393902025464,—
projects,510,0.0013102321423066252,—
post,510,0.0013102321423066252,—
user,510,0.0013102321423066252,usages
long,504,0.0012948176465147824,—
part,503,0.0012922485638828087,—
information,499,0.0012819722333549137,—
org,496,0.0012742649854589924,—
open,489,0.001256281407035176,discours_vision
possible,488,0.0012537123244032021,—
gas,486,0.0012485741591392546,defi_finance
world,482,0.0012382978286113594,—
key,481,0.0012357287459793856,—
program,478,0.0012280214980834644,—
including,469,0.0012048997543957004,—
hat,468,0.0012023306717637266,—
fork,468,0.0012023306717637266,protocolaire
end,466,0.001197192506499779,—
large,463,0.0011894852586038578,—
own,461,0.0011843470933399101,—
proofs,461,0.0011843470933399101,—
eecution,461,0.0011843470933399101,—
provide,460,0.0011817780107079364,—
full,460,0.0011817780107079364,—
problem,454,0.0011663635149160938,—
point,450,0.0011560871843881986,—
around,444,0.001140672688596356,—
order,437,0.0011226891101725396,—
case,436,0.0011201200275405658,—
create,436,0.0011201200275405658,—
help,435,0.001117550944908592,—
account,433,0.0011124127796446445,—
future,433,0.0011124127796446445,discours_vision
storage,427,0.0010969982838528018,—
implementation,426,0.001094429201220828,développement
educatio,417,0.001071307457533064,—
ru,412,0.0010584620443731953,—
ow,412,0.0010584620443731953,—
validator,410,0.0010533238791092477,gouvernance
core,401,0.0010302021354214837,—
ou,400,0.00102763305278951,—
smart,398,0.0010224948875255625,—
together,395,0.001014787639629641,—
ect,395,0.001014787639629641,—
mining,394,0.0010122185569976672,—
current,392,0.0010070803917337197,—
update,389,0.0009993731438377985,—
olidity,389,0.0009993731438377985,—
eample,388,0.0009968040612058247,—
level,385,0.0009890968133099032,—
source,383,0.0009839586480459557,—
hash,382,0.000981389565413982,—
mai,376,0.0009659750696221393,—
version,376,0.0009659750696221393,—
owever,375,0.0009634059869901656,—
eperience,366,0.0009402842433024016,—
co,364,0.000935146078038454,—
event,363,0.0009325769954064803,—
testnet,363,0.0009325769954064803,—
address,362,0.0009300079127745064,—
simply,361,0.0009274388301425327,—
important,353,0.0009068861690867425,—
oundation,351,0.0009017480038227949,—
better,349,0.0008966098385588474,—
everyone,349,0.0008966098385588474,—
https,345,0.0008863335080309523,—
technology,344,0.0008837644253989785,—
simple,343,0.0008811953427670048,—
content,343,0.0008811953427670048,—
high,342,0.000878626260135031,—
hard,342,0.000878626260135031,protocolaire
via,342,0.000878626260135031,—
able,341,0.0008760571775030572,—
ryptography,340,0.0008734880948710834,—
web,337,0.0008657808469751621,usages
erge,335,0.0008606426817112146,—
single,334,0.0008580735990792407,—
things,333,0.000855504516447267,—
issues,331,0.0008503663511833195,—
build,331,0.0008503663511833195,—
tree,330,0.0008477972685513457,—
software,329,0.0008452281859193719,développement
specific,325,0.0008349518553914768,—
something,319,0.0008195373595996342,—
available,319,0.0008195373595996342,—
per,318,0.0008169682769676603,—
cost,318,0.0008169682769676603,defi_finance
function,315,0.0008092610290717391,—
testing,315,0.0008092610290717391,développement
building,314,0.0008066919464397653,—
following,314,0.0008066919464397653,—
start,312,0.0008015537811758177,—
features,312,0.0008015537811758177,—
light,310,0.0007964156159118702,—
amount,308,0.0007912774506479227,—
mechanism,307,0.0007887083680159488,—
continue,307,0.0007887083680159488,—
likely,306,0.0007861392853839751,—
best,305,0.0007835702027520013,—
wallet,305,0.0007835702027520013,usages
months,302,0.0007758629548560799,—
miners,298,0.0007655866243281849,—
developer,297,0.0007630175416962112,développement
allow,297,0.0007630175416962112,—
change,296,0.0007604484590642373,—
look,295,0.0007578793764322635,—
language,294,0.0007553102938002898,—
evco,293,0.000752741211168316,—
another,292,0.0007501721285363423,—
keep,291,0.0007476030459043684,—
particular,291,0.0007476030459043684,—
sync,289,0.0007424648806404209,protocolaire
find,288,0.0007398957980084472,—
attack,288,0.0007398957980084472,sécurité
back,287,0.0007373267153764734,—
events,286,0.0007347576327444996,—
protocols,285,0.0007321885501125258,—
check,285,0.0007321885501125258,—
day,284,0.000729619467480552,—
price,283,0.0007270503848485783,defi_finance
tools,283,0.0007270503848485783,usages
model,282,0.0007244813022166045,recherche
ith,282,0.0007244813022166045,—
private,281,0.0007219122195846308,—
design,280,0.0007193431369526569,recherche
small,280,0.0007193431369526569,—
further,280,0.0007193431369526569,—
currently,279,0.0007167740543206831,—
means,278,0.0007142049716887094,—
application,277,0.0007116358890567356,usages
currency,277,0.0007116358890567356,defi_finance
access,277,0.0007116358890567356,—
tooling,277,0.0007116358890567356,usages
place,276,0.0007090668064247619,—
across,276,0.0007090668064247619,—
ether,274,0.0007039286411608143,defi_finance
test,274,0.0007039286411608143,—
week,273,0.0007013595585288405,—
itself,271,0.000696221393264893,—
ot,271,0.000696221393264893,—
potential,269,0.0006910832280009454,—
send,269,0.0006910832280009454,—
approach,268,0.0006885141453689716,—
too,267,0.0006859450627369979,—
allows,267,0.0006859450627369979,—
com,267,0.0006859450627369979,—
systems,266,0.0006833759801050241,—
include,266,0.0006833759801050241,—
cases,265,0.0006808068974730504,—
progress,265,0.0006808068974730504,—
various,264,0.0006782378148410765,—
updates,263,0.0006756687322091027,—
good,259,0.0006653924016812077,—
idea,259,0.0006653924016812077,—
algorithm,259,0.0006653924016812077,recherche
down,257,0.0006602542364172601,—
space,257,0.0006602542364172601,—
blog,257,0.0006602542364172601,—
free,256,0.0006576851537852863,—
hen,256,0.0006576851537852863,—
rogram,255,0.0006551160711533126,—
share,254,0.0006525469885213388,—
platform,254,0.0006525469885213388,usages
details,253,0.000649977905889365,—
years,252,0.0006474088232573912,—
general,252,0.0006474088232573912,—
secure,251,0.0006448397406254175,sécurité
needs,251,0.0006448397406254175,—
lot,251,0.0006448397406254175,—
infrastructure,250,0.0006422706579934437,infrastructurel
size,249,0.00063970157536147,—
ayer,249,0.00063970157536147,—
technical,248,0.0006371324927294962,recherche
call,246,0.0006319943274655486,—
multiple,245,0.0006294252448335748,—
values,245,0.0006294252448335748,discours_vision
funding,245,0.0006294252448335748,gouvernance
ote,244,0.0006268561622016011,—
term,243,0.0006242870795696273,—
focus,243,0.0006242870795696273,—
trie,243,0.0006242870795696273,—
market,242,0.0006217179969376535,defi_finance
real,242,0.0006217179969376535,—
done,240,0.0006165798316737059,—
esearch,240,0.0006165798316737059,—
off,238,0.0006114416664097584,—
enough,238,0.0006114416664097584,—
launch,238,0.0006114416664097584,—
far,237,0.0006088725837777847,—
right,236,0.0006063035011458108,—
let,236,0.0006063035011458108,—
ther,236,0.0006063035011458108,—
ut,235,0.0006037344185138371,—
resources,235,0.0006037344185138371,—
called,235,0.0006037344185138371,—
transition,235,0.0006037344185138371,—
erkle,234,0.0006011653358818633,—
deposit,233,0.0005985962532498896,—
major,232,0.0005960271706179158,—
forward,232,0.0005960271706179158,—
learn,232,0.0005960271706179158,—
main,232,0.0005960271706179158,—
eisting,231,0.0005934580879859419,—
found,230,0.0005908890053539682,—
course,229,0.0005883199227219944,—
hese,229,0.0005883199227219944,—
attacker,228,0.0005857508400900207,—
latest,228,0.0005857508400900207,—
issue,228,0.0005857508400900207,développement
stack,228,0.0005857508400900207,—
top,226,0.0005806126748260732,—
others,226,0.0005806126748260732,—
goal,226,0.0005806126748260732,—
attacks,225,0.0005780435921940993,—
previous,225,0.0005780435921940993,—
memory,225,0.0005780435921940993,—
accounts,224,0.0005754745095621255,—
entire,224,0.0005754745095621255,—
vote,222,0.000570336344298178,gouvernance
result,221,0.0005677672616662043,—
side,220,0.0005651981790342304,—
round,220,0.0005651981790342304,—
efforts,220,0.0005651981790342304,—
valid,219,0.0005626290964022567,—
lient,219,0.0005626290964022567,—
live,219,0.0005626290964022567,—
ways,218,0.0005600600137702829,—
list,217,0.0005574909311383091,—
onsensus,217,0.0005574909311383091,—
bug,216,0.0005549218485063354,sécurité
fact,215,0.0005523527658743615,—
group,215,0.0005523527658743615,—
miner,215,0.0005523527658743615,—
effort,215,0.0005523527658743615,—
beacon,215,0.0005523527658743615,infrastructurel
participants,214,0.0005497836832423878,—
eb,214,0.0005497836832423878,—
try,214,0.0005497836832423878,—
verification,213,0.000547214600610414,sécurité
started,213,0.000547214600610414,—
total,213,0.000547214600610414,—
local,213,0.000547214600610414,—
built,212,0.0005446455179784403,—
understand,211,0.0005420764353464665,—
against,211,0.0005420764353464665,—
kind,209,0.0005369382700825189,—
implementations,209,0.0005369382700825189,—
released,209,0.0005369382700825189,—
bit,209,0.0005369382700825189,—
reward,207,0.0005318001048185714,defi_finance
members,207,0.0005318001048185714,—
focused,206,0.0005292310221865976,—
geth,206,0.0005292310221865976,—
past,205,0.0005266619395546239,—
makes,202,0.0005189546916587025,—
anyone,202,0.0005189546916587025,—
ore,201,0.0005163856090267287,—
database,201,0.0005163856090267287,—
old,201,0.0005163856090267287,—
grants,201,0.0005163856090267287,—
improve,200,0.000513816526394755,—
creating,199,0.0005112474437627812,—
power,199,0.0005112474437627812,—
anything,199,0.0005112474437627812,—
related,199,0.0005112474437627812,—
certain,198,0.0005086783611308074,—
put,198,0.0005086783611308074,—
involved,197,0.0005061092784988336,—
works,197,0.0005061092784988336,—
increase,197,0.0005061092784988336,—
complete,197,0.0005061092784988336,—
add,196,0.0005035401958668599,—
privacy,196,0.0005035401958668599,—
needed,196,0.0005035401958668599,—
feature,196,0.0005035401958668599,développement
rotocol,196,0.0005035401958668599,—
fees,195,0.0005009711132348861,defi_finance
looking,195,0.0005009711132348861,—
eveloper,195,0.0005009711132348861,—
recent,195,0.0005009711132348861,—
follow,194,0.0004984020306029124,—
along,194,0.0004984020306029124,—
fully,194,0.0004984020306029124,—
concept,193,0.0004958329479709385,—
step,193,0.0004958329479709385,—
website,193,0.0004958329479709385,—
solution,191,0.000490694782706991,—
epected,191,0.000490694782706991,—
required,190,0.0004881257000750172,—
fee,190,0.0004881257000750172,defi_finance
weeks,190,0.0004881257000750172,—
easy,189,0.0004855566174430434,—
fter,189,0.0004855566174430434,—
peer,188,0.00048298753481106966,infrastructurel
times,188,0.00048298753481106966,—
balance,188,0.00048298753481106966,—
funds,188,0.00048298753481106966,—
ensure,188,0.00048298753481106966,—
github,188,0.00048298753481106966,développement
ca,187,0.0004804184521790959,—
blockchains,187,0.0004804184521790959,—
sure,186,0.0004778493695471221,—
problems,186,0.0004778493695471221,—
ownload,186,0.0004778493695471221,—
ere,185,0.00047528028691514834,—
service,185,0.00047528028691514834,usages
days,185,0.00047528028691514834,—
irst,184,0.0004727112042831746,—
perhaps,184,0.0004727112042831746,—
ne,184,0.0004727112042831746,—
note,184,0.0004727112042831746,—
impact,183,0.0004701421216512008,—
series,182,0.000467573039019227,—
crypto,182,0.000467573039019227,—
don,182,0.000467573039019227,—
message,182,0.000467573039019227,—
created,181,0.0004650039563872532,—
financial,181,0.0004650039563872532,defi_finance
analysis,180,0.00046243487375527946,recherche
stable,180,0.00046243487375527946,—
original,180,0.00046243487375527946,—
coins,180,0.00046243487375527946,—
communities,180,0.00046243487375527946,—
computation,180,0.00046243487375527946,—
form,180,0.00046243487375527946,—
short,180,0.00046243487375527946,—
limit,179,0.0004598657911233057,—
structure,179,0.0004598657911233057,—
improvements,179,0.0004598657911233057,—
multi,179,0.0004598657911233057,—
else,178,0.0004572967084913319,—
strategy,178,0.0004572967084913319,—
performance,177,0.00045472762585935814,infrastructurel
warm,177,0.00045472762585935814,—
money,176,0.0004521585432273844,—
allowing,176,0.0004521585432273844,—
keys,176,0.0004521585432273844,—
ur,176,0.0004521585432273844,—
useful,175,0.0004495894605954106,—
everything,175,0.0004495894605954106,—
rate,175,0.0004495894605954106,—
updated,175,0.0004495894605954106,—
staking,174,0.0004470203779634368,gouvernance
incentive,172,0.00044188221269948926,defi_finance
merge,172,0.00044188221269948926,protocolaire
epect,171,0.0004393131300675155,—
participate,171,0.0004393131300675155,—
trust,171,0.0004393131300675155,sécurité
library,171,0.0004393131300675155,développement
social,170,0.0004367440474355417,—
eg,170,0.0004367440474355417,—
added,170,0.0004367440474355417,—
ie,170,0.0004367440474355417,—
date,170,0.0004367440474355417,—
scheme,170,0.0004367440474355417,—
services,169,0.00043417496480356794,—
pre,169,0.00043417496480356794,—
machine,169,0.00043417496480356794,—
implement,169,0.00043417496480356794,—
reason,169,0.00043417496480356794,—
hile,169,0.00043417496480356794,—
online,168,0.0004316058821715942,—
themselves,168,0.0004316058821715942,—
economic,168,0.0004316058821715942,defi_finance
interface,168,0.0004316058821715942,usages
page,168,0.0004316058821715942,—
read,167,0.0004290367995396204,—
early,167,0.0004290367995396204,—
topics,167,0.0004290367995396204,—
providing,166,0.0004264677169076466,—
whether,166,0.0004264677169076466,—
move,166,0.0004264677169076466,—
releases,166,0.0004264677169076466,—
upgrades,166,0.0004264677169076466,—
store,165,0.00042389863427567286,—
etc,165,0.00042389863427567286,—
low,164,0.00042132955164369905,—
addition,164,0.00042132955164369905,—
benefit,164,0.00042132955164369905,—
included,164,0.00042132955164369905,—
genesis,164,0.00042132955164369905,—
msg,164,0.00042132955164369905,—
testnets,164,0.00042132955164369905,—
costs,163,0.0004187604690117253,—
implemented,163,0.0004187604690117253,—
ecited,163,0.0004187604690117253,—
researchers,163,0.0004187604690117253,—
similar,162,0.00041619138637975154,—
higher,162,0.00041619138637975154,—
final,162,0.00041619138637975154,—
root,162,0.00041619138637975154,—
growth,162,0.00041619138637975154,—
witness,162,0.00041619138637975154,—
eacon,162,0.00041619138637975154,—
receive,161,0.00041362230374777774,—
niversity,161,0.00041362230374777774,—
rules,160,0.000411053221115804,protocolaire
roof,160,0.000411053221115804,—
longer,160,0.000411053221115804,—
thing,160,0.000411053221115804,—
path,160,0.000411053221115804,—
distributed,159,0.00040848413848383017,—
additional,159,0.00040848413848383017,—
interested,159,0.00040848413848383017,—
tests,159,0.00040848413848383017,—
operations,158,0.0004059150558518564,—
calls,158,0.0004059150558518564,—
file,157,0.00040334597321988266,—
eist,157,0.00040334597321988266,—
digital,156,0.00040077689058790885,—
apply,156,0.00040077689058790885,—
verify,156,0.00040077689058790885,—
ee,155,0.0003982078079559351,—
ideas,155,0.0003982078079559351,—
upport,155,0.0003982078079559351,—
great,154,0.00039563872532396134,—
echange,154,0.00039563872532396134,—
nd,154,0.00039563872532396134,—
behind,154,0.00039563872532396134,—
hase,154,0.00039563872532396134,—
standard,153,0.00039306964269198753,protocolaire
solutions,153,0.00039306964269198753,—
later,153,0.00039306964269198753,—
witter,153,0.00039306964269198753,—
audit,153,0.00039306964269198753,sécurité
provides,152,0.0003905005600600138,—
voting,152,0.0003905005600600138,gouvernance
global,152,0.0003905005600600138,discours_vision
languages,151,0.00038793147742803997,—
designed,151,0.00038793147742803997,—
contet,151,0.00038793147742803997,—
types,151,0.00038793147742803997,—
scalability,151,0.00038793147742803997,—
ecurity,151,0.00038793147742803997,—
ist,151,0.00038793147742803997,—
due,150,0.0003853623947960662,—
cryptographic,149,0.00038279331216409246,recherche
require,149,0.00038279331216409246,—
individual,149,0.00038279331216409246,—
tool,149,0.00038279331216409246,—
asper,149,0.00038279331216409246,—
follows,148,0.00038022422953211865,—
pay,148,0.00038022422953211865,—
directly,148,0.00038022422953211865,—
formal,148,0.00038022422953211865,recherche
networks,147,0.0003776551469001449,—
individuals,147,0.0003776551469001449,—
hope,147,0.0003776551469001449,—
provided,147,0.0003776551469001449,—
inside,147,0.0003776551469001449,—
towards,147,0.0003776551469001449,—
ecution,147,0.0003776551469001449,—
fast,146,0.00037508606426817114,—
token,146,0.00037508606426817114,defi_finance
specification,146,0.00037508606426817114,recherche
gets,145,0.00037251698163619733,—
versions,145,0.00037251698163619733,—
recently,145,0.00037251698163619733,—
risks,145,0.00037251698163619733,—
signature,144,0.0003699478990042236,sécurité
easily,143,0.0003673788163722498,—
conference,143,0.0003673788163722498,—
pool,143,0.0003673788163722498,—
question,142,0.000364809733740276,—
takes,142,0.000364809733740276,—
input,142,0.000364809733740276,—
larger,142,0.000364809733740276,—
ready,142,0.000364809733740276,—
return,142,0.000364809733740276,—
challenges,141,0.00036224065110830226,—
bring,141,0.00036224065110830226,—
cryptography,141,0.00036224065110830226,sécurité
whole,141,0.00036224065110830226,—
critical,141,0.00036224065110830226,—
join,141,0.00036224065110830226,—
initial,141,0.00036224065110830226,—
ovember,141,0.00036224065110830226,—
line,141,0.00036224065110830226,—
spec,141,0.00036224065110830226,—
effect,141,0.00036224065110830226,—
builders,141,0.00036224065110830226,—
essentially,140,0.00035967156847632845,—
ever,140,0.00035967156847632845,—
efficiency,140,0.00035967156847632845,—
name,139,0.0003571024858443547,—
mechanisms,139,0.0003571024858443547,—
deposits,139,0.0003571024858443547,—
comple,139,0.0003571024858443547,—
random,139,0.0003571024858443547,—
correct,139,0.0003571024858443547,—
chance,139,0.0003571024858443547,—
opportunity,139,0.0003571024858443547,—
grant,139,0.0003571024858443547,—
hain,139,0.0003571024858443547,—
devcon,139,0.0003571024858443547,—
limited,138,0.00035453340321238094,—
cha,138,0.00035453340321238094,—
ince,138,0.00035453340321238094,—
requires,138,0.00035453340321238094,—
browser,138,0.00035453340321238094,usages
toward,138,0.00035453340321238094,—
party,138,0.00035453340321238094,—
contributors,138,0.00035453340321238094,—
zk,138,0.00035453340321238094,sécurité
cryptocurrency,137,0.00035196432058040713,—
self,137,0.00035196432058040713,—
steps,137,0.00035196432058040713,—
questions,137,0.00035196432058040713,—
compiler,137,0.00035196432058040713,développement
ay,137,0.00035196432058040713,—
person,136,0.0003493952379484334,—
server,136,0.0003493952379484334,—
million,135,0.0003468261553164596,—
little,135,0.0003468261553164596,—
hardware,135,0.0003468261553164596,—
bytes,135,0.0003468261553164596,—
functions,135,0.0003468261553164596,—
ability,134,0.0003442570726844858,—
eactly,134,0.0003442570726844858,—
signatures,134,0.0003442570726844858,—
secret,134,0.0003442570726844858,—
bugs,134,0.0003442570726844858,—
human,133,0.00034168799005251206,—
messages,132,0.00033911890742053825,—
learning,132,0.00033911890742053825,—
quickly,132,0.00033911890742053825,—
lockchain,132,0.00033911890742053825,—
etwork,132,0.00033911890742053825,—
italik,131,0.0003365498247885645,—
comes,131,0.0003365498247885645,—
includes,131,0.0003365498247885645,—
history,131,0.0003365498247885645,—
disk,131,0.0003365498247885645,—
enable,131,0.0003365498247885645,—
fied,130,0.00033398074215659074,—
ome,130,0.00033398074215659074,—
significant,130,0.00033398074215659074,—
ounce,130,0.00033398074215659074,—
production,130,0.00033398074215659074,—
contribute,130,0.00033398074215659074,—
epolia,130,0.00033398074215659074,—
identity,129,0.00033141165952461693,—
sharing,129,0.00033141165952461693,—
centralized,129,0.00033141165952461693,discours_vision
profit,129,0.00033141165952461693,—
uses,129,0.00033141165952461693,—
goes,129,0.00033141165952461693,—
addresses,129,0.00033141165952461693,—
worth,129,0.00033141165952461693,—
areas,129,0.00033141165952461693,—
internal,129,0.00033141165952461693,—
results,129,0.00033141165952461693,—
app,129,0.00033141165952461693,—
ence,129,0.00033141165952461693,—
feedback,129,0.00033141165952461693,—
range,128,0.0003288425768926432,—
developing,128,0.0003288425768926432,—
easier,128,0.0003288425768926432,—
answer,127,0.0003262734942606694,—
risk,127,0.0003262734942606694,sécurité
aims,127,0.0003262734942606694,—
documentation,127,0.0003262734942606694,recherche
tateless,127,0.0003262734942606694,—
er,126,0.0003237044116286956,—
interest,126,0.0003237044116286956,—
clear,126,0.0003237044116286956,—
proposal,126,0.0003237044116286956,gouvernance
ode,126,0.0003237044116286956,—
big,126,0.0003237044116286956,—
ew,126,0.0003237044116286956,—
foundation,126,0.0003237044116286956,gouvernance
hus,125,0.00032113532899672185,—
algorithms,125,0.00032113532899672185,—
efficient,125,0.00032113532899672185,—
dditionally,125,0.00032113532899672185,—
hey,125,0.00032113532899672185,—
eam,125,0.00032113532899672185,—
computer,124,0.0003185662463647481,—
rewards,124,0.0003185662463647481,—
rom,123,0.0003159971637327743,—
target,123,0.0003159971637327743,—
happen,123,0.0003159971637327743,—
curve,123,0.0003159971637327743,—
reach,123,0.0003159971637327743,—
written,122,0.00031342808110080054,—
control,122,0.00031342808110080054,—
outside,122,0.00031342808110080054,—
happens,122,0.00031342808110080054,—
ouncement,122,0.00031342808110080054,—
launched,122,0.00031342808110080054,—
contributions,122,0.00031342808110080054,—
necessary,121,0.0003108589984688267,—
pla,121,0.0003108589984688267,—
potentially,120,0.00030828991583685297,—
purpose,120,0.00030828991583685297,—
hand,120,0.00030828991583685297,—
serve,120,0.00030828991583685297,—
chains,120,0.00030828991583685297,—
starting,120,0.00030828991583685297,—
write,119,0.0003057208332048792,—
interesting,119,0.0003057208332048792,—
supporting,119,0.0003057208332048792,—
type,119,0.0003057208332048792,—
lease,119,0.0003057208332048792,—
binary,119,0.0003057208332048792,—
stateless,119,0.0003057208332048792,—
challenge,118,0.0003031517505729054,—
organization,118,0.0003031517505729054,—
scale,118,0.0003031517505729054,—
property,118,0.0003031517505729054,—
coin,118,0.0003031517505729054,—
almost,118,0.0003031517505729054,—
difficulty,118,0.0003031517505729054,—
hashes,118,0.0003031517505729054,—
eternal,118,0.0003031517505729054,—
rants,118,0.0003031517505729054,—
base,117,0.00030058266794093165,—
ask,117,0.00030058266794093165,—
fund,117,0.00030058266794093165,—
rof,117,0.00030058266794093165,—
internet,116,0.0002980135853089579,—
organizations,116,0.0002980135853089579,—
programming,116,0.0002980135853089579,développement
output,116,0.0002980135853089579,—
repository,116,0.0002980135853089579,développement
legal,115,0.0002954445026769841,—
received,115,0.0002954445026769841,—
view,115,0.0002954445026769841,—
ver,115,0.0002954445026769841,—
improving,115,0.0002954445026769841,—
benefits,115,0.0002954445026769841,—
consider,115,0.0002954445026769841,—
download,115,0.0002954445026769841,—
month,114,0.00029287542004501033,—
default,114,0.00029287542004501033,—
solve,114,0.00029287542004501033,—
friendly,114,0.00029287542004501033,—
talks,114,0.00029287542004501033,—
processing,114,0.00029287542004501033,—
ed,114,0.00029287542004501033,—
educational,114,0.00029287542004501033,—
roadmap,114,0.00029287542004501033,—
ectra,114,0.00029287542004501033,—
someone,113,0.0002903063374130366,—
cross,113,0.0002903063374130366,—
nothing,113,0.0002903063374130366,—
unique,113,0.0002903063374130366,—
sale,113,0.0002903063374130366,—
ones,113,0.0002903063374130366,—
points,113,0.0002903063374130366,—
cohort,113,0.0002903063374130366,—
ticket,113,0.0002903063374130366,—
parts,112,0.00028773725478106277,—
reputation,112,0.00028773725478106277,—
reduce,112,0.00028773725478106277,—
interact,112,0.00028773725478106277,—
gain,112,0.00028773725478106277,—
lead,112,0.00028773725478106277,—
forks,112,0.00028773725478106277,—
adding,112,0.00028773725478106277,—
period,112,0.00028773725478106277,—
supported,112,0.00028773725478106277,—
rontier,112,0.00028773725478106277,—
oerli,112,0.00028773725478106277,—
management,111,0.000285168172149089,—
perform,111,0.000285168172149089,—
majority,111,0.000285168172149089,—
develop,111,0.000285168172149089,—
ython,111,0.000285168172149089,—
lthough,111,0.000285168172149089,—
organized,111,0.000285168172149089,—
workshops,111,0.000285168172149089,—
close,110,0.0002825990895171152,—
sign,110,0.0002825990895171152,—
completely,110,0.0002825990895171152,—
uring,110,0.0002825990895171152,—
bounty,110,0.0002825990895171152,—
shard,110,0.0002825990895171152,infrastructurel
ellowship,110,0.0002825990895171152,—
basic,109,0.00028003000688514145,—
common,109,0.00028003000688514145,—
prove,109,0.00028003000688514145,—
environment,109,0.00028003000688514145,développement
trying,109,0.00028003000688514145,—
log,109,0.00028003000688514145,—
proposed,109,0.00028003000688514145,—
scaling,109,0.00028003000688514145,infrastructurel
special,108,0.0002774609242531677,—
difficult,108,0.0002774609242531677,—
opportunities,108,0.0002774609242531677,—
vision,108,0.0002774609242531677,discours_vision
integration,108,0.0002774609242531677,—
sense,107,0.0002748918416211939,—
smaller,107,0.0002748918416211939,—
described,107,0.0002748918416211939,—
stay,107,0.0002748918416211939,—
heck,107,0.0002748918416211939,—
education,107,0.0002748918416211939,—
ethermind,107,0.0002748918416211939,—
format,106,0.00027232275898922013,—
four,106,0.00027232275898922013,—
prior,106,0.00027232275898922013,—
published,106,0.00027232275898922013,—
theory,105,0.0002697536763572464,recherche
framework,105,0.0002697536763572464,développement
actual,105,0.0002697536763572464,—
virtual,105,0.0002697536763572464,—
upon,105,0.0002697536763572464,—
groups,105,0.0002697536763572464,—
accessible,105,0.0002697536763572464,discours_vision
ago,105,0.0002697536763572464,—
ust,105,0.0002697536763572464,—
hours,105,0.0002697536763572464,—
shared,105,0.0002697536763572464,—
independent,105,0.0002697536763572464,—
ighthouse,105,0.0002697536763572464,—
argument,104,0.00026718459372527257,—
computational,104,0.00026718459372527257,—
erlin,104,0.00026718459372527257,—
report,104,0.00026718459372527257,—
pen,104,0.00026718459372527257,—
operation,104,0.00026718459372527257,—
continued,104,0.00026718459372527257,—
ongoing,104,0.00026718459372527257,—
collaboration,104,0.00026718459372527257,—
uly,104,0.00026718459372527257,—
ost,103,0.0002646155110932988,—
begi,103,0.0002646155110932988,—
dedicated,103,0.0002646155110932988,—
phase,103,0.0002646155110932988,—
sender,103,0.0002646155110932988,—
quick,103,0.0002646155110932988,—
listed,103,0.0002646155110932988,—
tickets,103,0.0002646155110932988,—
ei,103,0.0002646155110932988,—
track,102,0.000262046428461325,—
active,102,0.000262046428461325,—
remain,102,0.000262046428461325,—
functionality,102,0.000262046428461325,—
understanding,102,0.000262046428461325,—
talk,102,0.000262046428461325,—
probability,102,0.000262046428461325,—
plan,102,0.000262046428461325,—
ead,102,0.000262046428461325,—
choice,101,0.00025947734582935125,—
compatible,101,0.00025947734582935125,—
developed,101,0.00025947734582935125,—
double,101,0.00025947734582935125,—
students,101,0.00025947734582935125,—
ondon,101,0.00025947734582935125,—
stanbul,101,0.00025947734582935125,—
game,100,0.0002569082631973775,—
advanced,100,0.0002569082631973775,—
goods,100,0.0002569082631973775,—
helping,100,0.0002569082631973775,—
invalid,100,0.0002569082631973775,—
abs,100,0.0002569082631973775,—
proposals,100,0.0002569082631973775,—
opsten,100,0.0002569082631973775,—
imbus,100,0.0002569082631973775,—
vitalik,99,0.0002543391805654037,—
piece,99,0.0002543391805654037,—
request,99,0.0002543391805654037,développement
entirely,99,0.0002543391805654037,—
terms,99,0.0002543391805654037,—
fi,99,0.0002543391805654037,—
primary,99,0.0002543391805654037,—
introduced,99,0.0002543391805654037,—
operators,99,0.0002543391805654037,—
pril,99,0.0002543391805654037,—
polynomial,99,0.0002543391805654037,—
average,98,0.00025177009793342993,—
safe,98,0.00025177009793342993,—
wallets,98,0.00025177009793342993,usages
components,98,0.00025177009793342993,—
nonce,98,0.00025177009793342993,—
greater,98,0.00025177009793342993,—
opcode,98,0.00025177009793342993,—
deep,98,0.00025177009793342993,—
finalized,98,0.00025177009793342993,—
traditional,98,0.00025177009793342993,—
hackathon,98,0.00025177009793342993,—
governance,98,0.00025177009793342993,gouvernance
review,98,0.00025177009793342993,—
esu,98,0.00025177009793342993,—
uthored,98,0.00025177009793342993,—
alternative,97,0.0002492010153014562,—
strong,97,0.0002492010153014562,—
ach,97,0.0002492010153014562,—
beyond,97,0.0002492010153014562,—
faster,97,0.0002492010153014562,—
eplore,97,0.0002492010153014562,—
present,97,0.0002492010153014562,—
meetups,97,0.0002492010153014562,—
buterin,96,0.00024663193266948237,—
inally,96,0.00024663193266948237,—
becomes,96,0.00024663193266948237,—
goals,96,0.00024663193266948237,—
signing,96,0.00024663193266948237,—
resource,96,0.00024663193266948237,—
field,96,0.00024663193266948237,—
initiatives,96,0.00024663193266948237,—
continues,96,0.00024663193266948237,—
writing,96,0.00024663193266948237,—
believe,96,0.00024663193266948237,—
site,96,0.00024663193266948237,—
emi,96,0.00024663193266948237,—
maintain,95,0.0002440628500375086,—
show,95,0.0002440628500375086,—
powerful,95,0.0002440628500375086,—
substantial,95,0.0002440628500375086,—
technologies,95,0.0002440628500375086,—
defined,95,0.0002440628500375086,—
evelopment,95,0.0002440628500375086,—
properties,94,0.00024149376740553483,—
sent,94,0.00024149376740553483,—
hosted,94,0.00024149376740553483,—
lower,94,0.00024149376740553483,—
discussion,94,0.00024149376740553483,—
head,94,0.00024149376740553483,—
away,94,0.00024149376740553483,—
business,93,0.00023892468477356105,usages
seconds,93,0.00023892468477356105,—
submit,93,0.00023892468477356105,—
assets,93,0.00023892468477356105,—
adoption,93,0.00023892468477356105,usages
nhe,93,0.00023892468477356105,—
usage,93,0.00023892468477356105,—
leading,93,0.00023892468477356105,—
tate,93,0.00023892468477356105,—
enables,93,0.00023892468477356105,—
rysm,93,0.00023892468477356105,—
thousands,92,0.0002363556021415873,—
government,92,0.0002363556021415873,—
ecause,92,0.0002363556021415873,—
programs,92,0.0002363556021415873,—
roject,92,0.0002363556021415873,—
role,92,0.0002363556021415873,—
parties,92,0.0002363556021415873,—
stored,92,0.0002363556021415873,—
aim,92,0.0002363556021415873,—
ame,92,0.0002363556021415873,—
vulnerabilities,91,0.0002337865195096135,—
posts,91,0.0002337865195096135,—
left,91,0.0002337865195096135,—
decentralization,91,0.0002337865195096135,discours_vision
practice,91,0.0002337865195096135,—
supply,91,0.0002337865195096135,—
eists,91,0.0002337865195096135,—
generate,91,0.0002337865195096135,—
decision,91,0.0002337865195096135,gouvernance
js,91,0.0002337865195096135,—
seems,90,0.00023121743687763973,—
setup,90,0.00023121743687763973,—
split,90,0.00023121743687763973,—
distribution,90,0.00023121743687763973,—
guide,90,0.00023121743687763973,—
sessions,90,0.00023121743687763973,—
eciting,90,0.00023121743687763973,—
etra,89,0.00022864835424566595,—
spend,89,0.00022864835424566595,—
choose,89,0.00022864835424566595,—
generation,89,0.00022864835424566595,—
eventually,89,0.00022864835424566595,—
encourage,89,0.00022864835424566595,—
relevant,89,0.00022864835424566595,—
header,89,0.00022864835424566595,—
optimizations,89,0.00022864835424566595,—
libraries,89,0.00022864835424566595,—
tokens,89,0.00022864835424566595,defi_finance
discussions,89,0.00022864835424566595,—
ontinued,89,0.00022864835424566595,—
specs,89,0.00022864835424566595,—
ogotá,89,0.00022864835424566595,—
payment,88,0.0002260792716136922,—
sending,88,0.0002260792716136922,—
compleity,88,0.0002260792716136922,—
allet,88,0.0002260792716136922,—
depth,88,0.0002260792716136922,—
speed,88,0.0002260792716136922,—
native,88,0.0002260792716136922,—
rollup,88,0.0002260792716136922,infrastructurel
ai,87,0.0002235101889817184,—
numbers,87,0.0002235101889817184,—
incentives,87,0.0002235101889817184,—
determine,87,0.0002235101889817184,—
networking,87,0.0002235101889817184,—
words,87,0.0002235101889817184,—
growing,87,0.0002235101889817184,—
bet,87,0.0002235101889817184,—
entropy,87,0.0002235101889817184,—
attendees,87,0.0002235101889817184,—
produce,86,0.00022094110634974463,—
true,86,0.00022094110634974463,—
successful,86,0.00022094110634974463,—
opcodes,86,0.00022094110634974463,—
email,86,0.00022094110634974463,—
uncle,86,0.00022094110634974463,—
files,85,0.00021837202371777085,—
product,85,0.00021837202371777085,—
el,85,0.00021837202371777085,—
half,85,0.00021837202371777085,—
se,85,0.00021837202371777085,—
wait,85,0.00021837202371777085,—
roughly,85,0.00021837202371777085,—
improved,85,0.00021837202371777085,—
instructions,85,0.00021837202371777085,—
error,85,0.00021837202371777085,—
cholars,85,0.00021837202371777085,—
increasing,84,0.0002158029410857971,—
grow,84,0.0002158029410857971,—
moving,84,0.0002158029410857971,—
effects,84,0.0002158029410857971,—
worked,84,0.0002158029410857971,—
front,84,0.0002158029410857971,—
success,84,0.0002158029410857971,—
peers,84,0.0002158029410857971,—
sharding,84,0.0002158029410857971,infrastructurel
rest,83,0.0002132338584538233,—
els,83,0.0002132338584538233,—
implementing,83,0.0002132338584538233,—
pieces,83,0.0002132338584538233,—
doesn,83,0.0002132338584538233,—
reducing,83,0.0002132338584538233,—
mine,83,0.0002132338584538233,—
contains,83,0.0002132338584538233,—
votes,83,0.0002132338584538233,—
coordination,83,0.0002132338584538233,gouvernance
cosystem,83,0.0002132338584538233,—
io,83,0.0002132338584538233,—
trusted,82,0.00021066477582184953,—
search,82,0.00021066477582184953,—
took,82,0.00021066477582184953,—
eact,82,0.00021066477582184953,—
conditions,82,0.00021066477582184953,—
bytecode,82,0.00021066477582184953,—
ork,82,0.00021066477582184953,—
epoch,82,0.00021066477582184953,protocolaire
immediately,81,0.00020809569318987577,—
epensive,81,0.00020809569318987577,—
somewhat,81,0.00020809569318987577,—
push,81,0.00020809569318987577,—
robust,81,0.00020809569318987577,sécurité
ovation,81,0.00020809569318987577,—
associated,81,0.00020809569318987577,—
eecute,81,0.00020809569318987577,—
py,81,0.00020809569318987577,—
diverse,81,0.00020809569318987577,—
arity,81,0.00020809569318987577,—
table,80,0.000205526610557902,—
entity,80,0.000205526610557902,—
accept,80,0.000205526610557902,—
play,80,0.000205526610557902,—
http,80,0.000205526610557902,—
practical,80,0.000205526610557902,—
policy,80,0.000205526610557902,—
mobile,80,0.000205526610557902,usages
recommend,80,0.000205526610557902,—
lock,80,0.000205526610557902,—
discuss,80,0.000205526610557902,—
approaches,80,0.000205526610557902,—
art,80,0.000205526610557902,—
initiative,80,0.000205526610557902,—
bad,79,0.0002029575279259282,—
billion,79,0.0002029575279259282,—
difference,79,0.0002029575279259282,—
ata,79,0.0002029575279259282,—
pools,79,0.0002029575279259282,—
participation,79,0.0002029575279259282,gouvernance
separate,79,0.0002029575279259282,—
stage,79,0.0002029575279259282,—
hub,79,0.0002029575279259282,—
degree,79,0.0002029575279259282,—
chunks,79,0.0002029575279259282,—
enabling,79,0.0002029575279259282,—
article,78,0.00020038844529395443,—
prevent,78,0.00020038844529395443,—
ultimately,78,0.00020038844529395443,—
im,78,0.00020038844529395443,—
ight,78,0.00020038844529395443,—
considered,78,0.00020038844529395443,—
compute,78,0.00020038844529395443,—
probably,78,0.00020038844529395443,—
complicated,78,0.00020038844529395443,—
feel,78,0.00020038844529395443,—
ahead,78,0.00020038844529395443,—
relatively,78,0.00020038844529395443,—
offer,78,0.00020038844529395443,—
driven,78,0.00020038844529395443,—
array,78,0.00020038844529395443,—
logic,78,0.00020038844529395443,—
scheduled,78,0.00020038844529395443,—
ceremony,78,0.00020038844529395443,—
company,77,0.00019781936266198067,—
starts,77,0.00019781936266198067,—
ten,77,0.00019781936266198067,—
elliptic,77,0.00019781936266198067,—
layers,77,0.00019781936266198067,—
official,77,0.00019781936266198067,—
vulnerability,77,0.00019781936266198067,sécurité
reference,77,0.00019781936266198067,—
focusing,77,0.00019781936266198067,—
une,77,0.00019781936266198067,—
schedule,77,0.00019781936266198067,—
eneral,77,0.00019781936266198067,—
witnesses,77,0.00019781936266198067,—
fundamental,76,0.0001952502800300069,—
communication,76,0.0001952502800300069,—
bits,76,0.0001952502800300069,—
decisions,76,0.0001952502800300069,—
generated,76,0.0001952502800300069,—
byte,76,0.0001952502800300069,—
produced,76,0.0001952502800300069,—
supports,76,0.0001952502800300069,—
tech,76,0.0001952502800300069,—
valuable,76,0.0001952502800300069,—
affected,76,0.0001952502800300069,—
strategies,76,0.0001952502800300069,—
arbitrary,76,0.0001952502800300069,—
verified,76,0.0001952502800300069,—
failure,76,0.0001952502800300069,—
chosen,76,0.0001952502800300069,—
verifier,76,0.0001952502800300069,—
hold,75,0.0001926811973980331,—
reality,75,0.0001926811973980331,—
combination,75,0.0001926811973980331,—
automatically,75,0.0001926811973980331,—
near,75,0.0001926811973980331,—
arch,75,0.0001926811973980331,—
pages,75,0.0001926811973980331,—
markets,75,0.0001926811973980331,—
switch,75,0.0001926811973980331,—
inde,75,0.0001926811973980331,—
huge,75,0.0001926811973980331,—
meet,75,0.0001926811973980331,—
ected,75,0.0001926811973980331,—
venue,75,0.0001926811973980331,—
methods,75,0.0001926811973980331,—
awarded,75,0.0001926811973980331,—
positive,74,0.00019011211476605933,—
remains,74,0.00019011211476605933,—
direct,74,0.00019011211476605933,—
direction,74,0.00019011211476605933,—
life,74,0.00019011211476605933,—
platforms,74,0.00019011211476605933,—
eploring,74,0.00019011211476605933,—
econd,73,0.00018754303213408557,—
oad,73,0.00018754303213408557,—
hy,73,0.00018754303213408557,—
spent,73,0.00018754303213408557,—
computing,73,0.00018754303213408557,—
sia,73,0.00018754303213408557,—
alpha,73,0.00018754303213408557,—
decided,73,0.00018754303213408557,—
variable,73,0.00018754303213408557,—
underlying,73,0.00018754303213408557,—
domain,73,0.00018754303213408557,—
finally,73,0.00018754303213408557,—
mentioned,73,0.00018754303213408557,—
checking,73,0.00018754303213408557,—
led,73,0.00018754303213408557,—
completed,73,0.00018754303213408557,—
censorship,73,0.00018754303213408557,discours_vision
deployed,73,0.00018754303213408557,—
finality,73,0.00018754303213408557,protocolaire
introduce,72,0.0001849739495021118,—
ven,72,0.0001849739495021118,—
names,72,0.0001849739495021118,—
maintaining,72,0.0001849739495021118,—
containing,72,0.0001849739495021118,—
mind,72,0.0001849739495021118,—
requests,72,0.0001849739495021118,—
five,72,0.0001849739495021118,—
study,72,0.0001849739495021118,recherche
etremely,72,0.0001849739495021118,—
largest,72,0.0001849739495021118,—
class,72,0.0001849739495021118,—
achieve,72,0.0001849739495021118,—
validation,72,0.0001849739495021118,—
oday,72,0.0001849739495021118,—
couple,72,0.0001849739495021118,—
comprehensive,72,0.0001849739495021118,—
society,71,0.000182404866870138,—
requirements,71,0.000182404866870138,—
impossible,71,0.000182404866870138,—
ug,71,0.000182404866870138,—
keeping,71,0.000182404866870138,—
industry,71,0.000182404866870138,—
wanted,71,0.000182404866870138,—
rule,71,0.000182404866870138,—
password,71,0.000182404866870138,—
returns,71,0.000182404866870138,—
variety,71,0.000182404866870138,—
upcoming,71,0.000182404866870138,—
previously,71,0.000182404866870138,—
creation,71,0.000182404866870138,—
won,71,0.000182404866870138,—
futarchy,71,0.000182404866870138,—
dapps,71,0.000182404866870138,usages
anuary,71,0.000182404866870138,—
hank,71,0.000182404866870138,—
translation,71,0.000182404866870138,—
held,70,0.00017983578423816422,—
setting,70,0.00017983578423816422,—
earlier,70,0.00017983578423816422,—
malicious,70,0.00017983578423816422,—
abstraction,70,0.00017983578423816422,—
equivalent,70,0.00017983578423816422,—
throughout,70,0.00017983578423816422,—
host,70,0.00017983578423816422,—
onference,70,0.00017983578423816422,—
operator,70,0.00017983578423816422,—
si,70,0.00017983578423816422,—
chunk,70,0.00017983578423816422,—
stability,70,0.00017983578423816422,—
contributing,70,0.00017983578423816422,—
ound,70,0.00017983578423816422,—
actively,69,0.00017726670160619047,—
method,69,0.00017726670160619047,—
eecuted,69,0.00017726670160619047,—
paper,69,0.00017726670160619047,recherche
architecture,69,0.00017726670160619047,infrastructurel
breaking,69,0.00017726670160619047,—
personal,69,0.00017726670160619047,—
hanghai,69,0.00017726670160619047,—
stakers,69,0.00017726670160619047,—
encun,69,0.00017726670160619047,—
entities,68,0.0001746976189742167,—
urthermore,68,0.0001746976189742167,—
rely,68,0.0001746976189742167,—
companies,68,0.0001746976189742167,—
quality,68,0.0001746976189742167,—
maimum,68,0.0001746976189742167,—
happening,68,0.0001746976189742167,—
status,68,0.0001746976189742167,—
activity,68,0.0001746976189742167,—
mean,68,0.0001746976189742167,—
storing,68,0.0001746976189742167,—
ave,68,0.0001746976189742167,—
fies,68,0.0001746976189742167,—
odestar,68,0.0001746976189742167,—
escriptio,68,0.0001746976189742167,—
providers,67,0.0001721285363422429,—
situation,67,0.0001721285363422429,—
participating,67,0.0001721285363422429,—
intended,67,0.0001721285363422429,—
sub,67,0.0001721285363422429,—
contain,67,0.0001721285363422429,—
processes,67,0.0001721285363422429,—
specifications,67,0.0001721285363422429,—
cover,67,0.0001721285363422429,—
earn,67,0.0001721285363422429,—
scope,67,0.0001721285363422429,—
otal,67,0.0001721285363422429,—
itub,67,0.0001721285363422429,—
owner,66,0.00016955945371026912,—
avoid,66,0.00016955945371026912,—
minutes,66,0.00016955945371026912,—
wide,66,0.00016955945371026912,—
eptember,66,0.00016955945371026912,—
response,66,0.00016955945371026912,—
eperiment,66,0.00016955945371026912,—
gives,66,0.00016955945371026912,—
pp,66,0.00016955945371026912,—
load,66,0.00016955945371026912,—
scalable,66,0.00016955945371026912,discours_vision
offline,66,0.00016955945371026912,—
score,66,0.00016955945371026912,—
devices,66,0.00016955945371026912,—
ugust,66,0.00016955945371026912,—
metrics,66,0.00016955945371026912,—
currencies,65,0.00016699037107829537,—
nearly,65,0.00016699037107829537,—
nstead,65,0.00016699037107829537,—
begin,65,0.00016699037107829537,—
height,65,0.00016699037107829537,—
city,65,0.00016699037107829537,—
highest,65,0.00016699037107829537,—
safety,65,0.00016699037107829537,sécurité
branch,65,0.00016699037107829537,—
successfully,65,0.00016699037107829537,—
regular,65,0.00016699037107829537,—
followed,65,0.00016699037107829537,—
models,65,0.00016699037107829537,—
ctober,65,0.00016699037107829537,—
snapshot,65,0.00016699037107829537,—
perfect,64,0.0001644212884463216,—
anonymous,64,0.0001644212884463216,—
verifying,64,0.0001644212884463216,—
board,64,0.0001644212884463216,gouvernance
home,64,0.0001644212884463216,—
handle,64,0.0001644212884463216,—
improvement,64,0.0001644212884463216,protocolaire
optimization,64,0.0001644212884463216,recherche
functio,64,0.0001644212884463216,—
engine,64,0.0001644212884463216,—
eperimental,64,0.0001644212884463216,—
news,64,0.0001644212884463216,—
discussed,64,0.0001644212884463216,—
pplications,64,0.0001644212884463216,—
behavior,64,0.0001644212884463216,—
tuned,64,0.0001644212884463216,—
options,64,0.0001644212884463216,—
dapp,64,0.0001644212884463216,usages
effective,63,0.0001618522058143478,—
care,63,0.0001618522058143478,—
selected,63,0.0001618522058143478,—
action,63,0.0001618522058143478,—
accepted,63,0.0001618522058143478,—
activities,63,0.0001618522058143478,—
wrong,63,0.0001618522058143478,—
aware,63,0.0001618522058143478,—
alongside,63,0.0001618522058143478,—
minimum,63,0.0001618522058143478,—
willing,63,0.0001618522058143478,—
ounced,63,0.0001618522058143478,—
checks,63,0.0001618522058143478,—
fun,63,0.0001618522058143478,—
avacript,63,0.0001618522058143478,—
unding,63,0.0001618522058143478,—
historical,63,0.0001618522058143478,—
happy,63,0.0001618522058143478,—
section,63,0.0001618522058143478,—
en,63,0.0001618522058143478,—
milestones,63,0.0001618522058143478,—
iscord,63,0.0001618522058143478,—
outheast,63,0.0001618522058143478,—
autonomous,62,0.00015928312318237405,discours_vision
sort,62,0.00015928312318237405,—
obvious,62,0.00015928312318237405,—
insurance,62,0.00015928312318237405,—
option,62,0.00015928312318237405,—
possibility,62,0.00015928312318237405,—
servers,62,0.00015928312318237405,—
circuits,62,0.00015928312318237405,—
attempt,62,0.00015928312318237405,—
lso,62,0.00015928312318237405,—
perspective,62,0.00015928312318237405,—
medium,62,0.00015928312318237405,—
category,62,0.00015928312318237405,—
represent,62,0.00015928312318237405,—
monitoring,62,0.00015928312318237405,—
ormal,62,0.00015928312318237405,—
dev,62,0.00015928312318237405,—
solidity,62,0.00015928312318237405,développement
standards,62,0.00015928312318237405,—
attend,62,0.00015928312318237405,—
leave,61,0.00015671404055040027,—
circuit,61,0.00015671404055040027,—
style,61,0.00015671404055040027,—
length,61,0.00015671404055040027,—
economics,61,0.00015671404055040027,—
cause,61,0.00015671404055040027,—
deployment,61,0.00015671404055040027,développement
availability,61,0.00015671404055040027,—
codebase,61,0.00015671404055040027,—
corporation,60,0.00015414495791842649,—
enter,60,0.00015414495791842649,—
operate,60,0.00015414495791842649,—
honest,60,0.00015414495791842649,—
cash,60,0.00015414495791842649,—
oin,60,0.00015414495791842649,—
equal,60,0.00015414495791842649,—
runs,60,0.00015414495791842649,—
paid,60,0.00015414495791842649,—
arguments,60,0.00015414495791842649,—
attention,60,0.00015414495791842649,—
began,60,0.00015414495791842649,—
ouncing,60,0.00015414495791842649,—
mart,60,0.00015414495791842649,—
lose,60,0.00015414495791842649,—
static,60,0.00015414495791842649,—
definition,59,0.0001515758752864527,—
portion,59,0.0001515758752864527,—
remove,59,0.0001515758752864527,—
harder,59,0.0001515758752864527,—
putting,59,0.0001515758752864527,—
introduces,59,0.0001515758752864527,—
nce,59,0.0001515758752864527,—
integrated,59,0.0001515758752864527,—
roup,59,0.0001515758752864527,—
op,59,0.0001515758752864527,—
turn,59,0.0001515758752864527,—
continuing,59,0.0001515758752864527,—
covering,59,0.0001515758752864527,—
optimal,59,0.0001515758752864527,—
ithub,59,0.0001515758752864527,—
elements,59,0.0001515758752864527,—
watch,59,0.0001515758752864527,—
plans,59,0.0001515758752864527,—
master,59,0.0001515758752864527,—
november,59,0.0001515758752864527,—
audits,59,0.0001515758752864527,—
discovery,59,0.0001515758752864527,—
ummit,59,0.0001515758752864527,—
ang,59,0.0001515758752864527,—
december,58,0.00014900679265447895,—
kinds,58,0.00014900679265447895,—
ha,58,0.00014900679265447895,—
yourself,58,0.00014900679265447895,—
allowed,58,0.00014900679265447895,—
turns,58,0.00014900679265447895,—
capital,58,0.00014900679265447895,—
correctly,58,0.00014900679265447895,—
sends,58,0.00014900679265447895,—
area,58,0.00014900679265447895,—
minimal,58,0.00014900679265447895,—
looks,58,0.00014900679265447895,—
limits,58,0.00014900679265447895,—
epand,58,0.00014900679265447895,—
enabled,58,0.00014900679265447895,—
specified,58,0.00014900679265447895,—
assume,58,0.00014900679265447895,—
python,58,0.00014900679265447895,—
hear,58,0.00014900679265447895,—
closer,58,0.00014900679265447895,—
signers,58,0.00014900679265447895,—
detailed,58,0.00014900679265447895,—
insights,58,0.00014900679265447895,—
identify,58,0.00014900679265447895,—
mpact,58,0.00014900679265447895,—
ambient,58,0.00014900679265447895,—
prover,58,0.00014900679265447895,—
yper,58,0.00014900679265447895,—
rgentina,58,0.00014900679265447895,—
olesky,58,0.00014900679265447895,—
parent,57,0.00014643771002250517,—
hands,57,0.00014643771002250517,—
reading,57,0.00014643771002250517,—
requiring,57,0.00014643771002250517,—
energy,57,0.00014643771002250517,—
centralization,57,0.00014643771002250517,—
etension,57,0.00014643771002250517,—
introduction,57,0.00014643771002250517,—
variables,57,0.00014643771002250517,—
define,57,0.00014643771002250517,—
apps,57,0.00014643771002250517,—
commitment,57,0.00014643771002250517,—
overview,57,0.00014643771002250517,—
wave,57,0.00014643771002250517,—
checkpoint,57,0.00014643771002250517,protocolaire
nglish,57,0.00014643771002250517,—
ltair,57,0.00014643771002250517,—
etent,56,0.00014386862739053139,—
orld,56,0.00014386862739053139,—
pull,56,0.00014386862739053139,développement
unit,56,0.00014386862739053139,—
changing,56,0.00014386862739053139,—
simultaneously,56,0.00014386862739053139,—
bringing,56,0.00014386862739053139,—
increased,56,0.00014386862739053139,—
finding,56,0.00014386862739053139,—
link,56,0.00014386862739053139,—
helped,56,0.00014386862739053139,—
position,56,0.00014386862739053139,—
sing,56,0.00014386862739053139,—
ast,56,0.00014386862739053139,—
archive,56,0.00014386862739053139,—
eperts,56,0.00014386862739053139,—
milestone,56,0.00014386862739053139,—
contribution,56,0.00014386862739053139,—
ections,56,0.00014386862739053139,—
mail,56,0.00014386862739053139,—
recommendations,56,0.00014386862739053139,—
diversity,56,0.00014386862739053139,—
student,56,0.00014386862739053139,—
vulnerable,55,0.0001412995447585576,—
signed,55,0.0001412995447585576,—
reduced,55,0.0001412995447585576,—
wants,55,0.0001412995447585576,—
tries,55,0.0001412995447585576,—
ecept,55,0.0001412995447585576,—
matter,55,0.0001412995447585576,—
signer,55,0.0001412995447585576,—
withdrawal,55,0.0001412995447585576,—
constant,55,0.0001412995447585576,—
trees,55,0.0001412995447585576,—
meeting,55,0.0001412995447585576,—
schemes,55,0.0001412995447585576,—
bandwidth,55,0.0001412995447585576,—
eplorer,55,0.0001412995447585576,—
prediction,55,0.0001412995447585576,—
ecember,55,0.0001412995447585576,—
bets,55,0.0001412995447585576,—
broader,55,0.0001412995447585576,—
shards,55,0.0001412995447585576,infrastructurel
eremony,55,0.0001412995447585576,—
eamples,54,0.00013873046212658385,—
physical,54,0.00013873046212658385,—
act,54,0.00013873046212658385,—
creates,54,0.00013873046212658385,—
countries,54,0.00013873046212658385,—
script,54,0.00013873046212658385,—
applied,54,0.00013873046212658385,—
gains,54,0.00013873046212658385,—
concerns,54,0.00013873046212658385,—
sha,54,0.00013873046212658385,—
decide,54,0.00013873046212658385,—
negative,54,0.00013873046212658385,—
primarily,54,0.00013873046212658385,—
isn,54,0.00013873046212658385,—
dependent,54,0.00013873046212658385,—
detail,54,0.00013873046212658385,—
submitted,54,0.00013873046212658385,—
simpler,54,0.00013873046212658385,—
helps,54,0.00013873046212658385,—
ourselves,54,0.00013873046212658385,—
ensuring,54,0.00013873046212658385,—
transfer,54,0.00013873046212658385,—
levels,54,0.00013873046212658385,—
parameters,54,0.00013873046212658385,—
upgraded,54,0.00013873046212658385,—
location,54,0.00013873046212658385,—
journey,54,0.00013873046212658385,—
substate,54,0.00013873046212658385,—
translated,54,0.00013873046212658385,—
erenity,54,0.00013873046212658385,—
syncing,54,0.00013873046212658385,—
domains,54,0.00013873046212658385,—
estimate,53,0.00013616137949461007,—
fine,53,0.00013616137949461007,—
lasher,53,0.00013616137949461007,—
popular,53,0.00013616137949461007,—
component,53,0.00013616137949461007,—
multisig,53,0.00013616137949461007,—
ma,53,0.00013616137949461007,—
remaining,53,0.00013616137949461007,—
brought,53,0.00013616137949461007,—
compatibility,53,0.00013616137949461007,—
provider,53,0.00013616137949461007,—
asset,53,0.00013616137949461007,—
validate,53,0.00013616137949461007,—
enesis,53,0.00013616137949461007,—
ash,53,0.00013616137949461007,—
hisper,53,0.00013616137949461007,—
health,53,0.00013616137949461007,—
irtual,53,0.00013616137949461007,—
achine,53,0.00013616137949461007,—
rant,53,0.00013616137949461007,—
alidator,53,0.00013616137949461007,—
hapella,53,0.00013616137949461007,—
theoretically,52,0.00013359229686263628,—
controlled,52,0.00013359229686263628,—
units,52,0.00013359229686263628,—
urrently,52,0.00013359229686263628,—
loss,52,0.00013359229686263628,—
shares,52,0.00013359229686263628,—
paying,52,0.00013359229686263628,—
depending,52,0.00013359229686263628,—
topic,52,0.00013359229686263628,—
describe,52,0.00013359229686263628,—
assuming,52,0.00013359229686263628,—
copy,52,0.00013359229686263628,—
significantly,52,0.00013359229686263628,—
encryption,52,0.00013359229686263628,sécurité
job,52,0.00013359229686263628,—
increases,52,0.00013359229686263628,—
overhead,52,0.00013359229686263628,—
command,52,0.00013359229686263628,—
demand,52,0.00013359229686263628,—
deliver,52,0.00013359229686263628,—
capabilities,52,0.00013359229686263628,—
bounties,52,0.00013359229686263628,—
advantage,52,0.00013359229686263628,—
july,52,0.00013359229686263628,—
le,52,0.00013359229686263628,—
ub,52,0.00013359229686263628,—
rivacy,52,0.00013359229686263628,—
ark,52,0.00013359229686263628,—
uadratic,52,0.00013359229686263628,—
inkeby,52,0.00013359229686263628,—
recipient,51,0.0001310232142306625,—
arguably,51,0.0001310232142306625,—
force,51,0.0001310232142306625,—
desired,51,0.0001310232142306625,—
viable,51,0.0001310232142306625,—
proving,51,0.0001310232142306625,—
iven,51,0.0001310232142306625,—
eperiences,51,0.0001310232142306625,—
room,51,0.0001310232142306625,—
balances,51,0.0001310232142306625,—
joined,51,0.0001310232142306625,—
wiki,51,0.0001310232142306625,—
february,51,0.0001310232142306625,—
paradigm,51,0.0001310232142306625,—
aspects,51,0.0001310232142306625,—
involve,51,0.0001310232142306625,—
intermediate,51,0.0001310232142306625,—
sell,51,0.0001310232142306625,—
march,51,0.0001310232142306625,—
leads,51,0.0001310232142306625,—
ime,51,0.0001310232142306625,—
custom,51,0.0001310232142306625,—
securely,51,0.0001310232142306625,—
june,51,0.0001310232142306625,—
backend,51,0.0001310232142306625,usages
repo,51,0.0001310232142306625,—
etropolis,51,0.0001310232142306625,—
fit,50,0.00012845413159868875,—
seem,50,0.00012845413159868875,—
hybrid,50,0.00012845413159868875,—
bitcoin,50,0.00012845413159868875,—
ood,50,0.00012845413159868875,—
atricia,50,0.00012845413159868875,—
offering,50,0.00012845413159868875,—
string,50,0.00012845413159868875,—
slot,50,0.00012845413159868875,protocolaire
resistance,50,0.00012845413159868875,—
media,50,0.00012845413159868875,—
nternet,50,0.00012845413159868875,—
catch,50,0.00012845413159868875,—
un,50,0.00012845413159868875,—
essential,50,0.00012845413159868875,—
august,50,0.00012845413159868875,—
video,50,0.00012845413159868875,—
academic,50,0.00012845413159868875,recherche
pruning,50,0.00012845413159868875,—
rollups,50,0.00012845413159868875,infrastructurel
emaphore,50,0.00012845413159868875,—
necessarily,49,0.00012588504896671497,—
stop,49,0.00012588504896671497,—
humans,49,0.00012588504896671497,—
encrypted,49,0.00012588504896671497,—
factors,49,0.00012588504896671497,—
specialized,49,0.00012588504896671497,—
prototype,49,0.00012588504896671497,—
serious,49,0.00012588504896671497,—
uch,49,0.00012588504896671497,—
substantially,49,0.00012588504896671497,—
wish,49,0.00012588504896671497,—
uppose,49,0.00012588504896671497,—
closely,49,0.00012588504896671497,—
lobal,49,0.00012588504896671497,—
items,49,0.00012588504896671497,—
basically,49,0.00012588504896671497,—
changed,49,0.00012588504896671497,—
inclusion,49,0.00012588504896671497,—
normal,49,0.00012588504896671497,—
engage,49,0.00012588504896671497,—
wo,49,0.00012588504896671497,—
offers,49,0.00012588504896671497,—
background,49,0.00012588504896671497,—
formally,49,0.00012588504896671497,—
strongly,49,0.00012588504896671497,—
evolving,49,0.00012588504896671497,—
tatus,49,0.00012588504896671497,—
select,49,0.00012588504896671497,—
leaders,49,0.00012588504896671497,—
image,49,0.00012588504896671497,—
primitives,49,0.00012588504896671497,—
engineering,49,0.00012588504896671497,—
allocation,49,0.00012588504896671497,—
uncles,49,0.00012588504896671497,—
amazing,49,0.00012588504896671497,—
quadratic,49,0.00012588504896671497,—
meant,49,0.00012588504896671497,—
vol,49,0.00012588504896671497,—
overall,49,0.00012588504896671497,—
aimed,49,0.00012588504896671497,—
fuzzing,49,0.00012588504896671497,—
edalla,49,0.00012588504896671497,—
categories,48,0.00012331596633474118,—
quantity,48,0.00012331596633474118,—
mission,48,0.00012331596633474118,discours_vision
institutions,48,0.00012331596633474118,—
ecentralized,48,0.00012331596633474118,—
win,48,0.00012331596633474118,—
echanges,48,0.00012331596633474118,—
merica,48,0.00012331596633474118,—
ebruary,48,0.00012331596633474118,—
regarding,48,0.00012331596633474118,—
compiled,48,0.00012331596633474118,—
reasons,48,0.00012331596633474118,—
chellingoin,48,0.00012331596633474118,—
rounds,48,0.00012331596633474118,—
edge,48,0.00012331596633474118,—
interaction,48,0.00012331596633474118,—
beta,48,0.00012331596633474118,—
late,48,0.00012331596633474118,—
maintenance,48,0.00012331596633474118,—
ounty,48,0.00012331596633474118,—
gathering,48,0.00012331596633474118,—
wi,48,0.00012331596633474118,—
aiming,48,0.00012331596633474118,—
notes,48,0.00012331596633474118,—
proposer,48,0.00012331596633474118,—
illion,48,0.00012331596633474118,—
saka,48,0.00012331596633474118,—
ul,48,0.00012331596633474118,—
ortal,48,0.00012331596633474118,—
hundreds,47,0.00012074688370276741,—
ero,47,0.00012074688370276741,—
alone,47,0.00012074688370276741,—
happened,47,0.00012074688370276741,—
january,47,0.00012074688370276741,—
de,47,0.00012074688370276741,—
incredible,47,0.00012074688370276741,—
deeper,47,0.00012074688370276741,—
ny,47,0.00012074688370276741,—
entry,47,0.00012074688370276741,—
manage,47,0.00012074688370276741,—
according,47,0.00012074688370276741,—
whatever,47,0.00012074688370276741,—
eplained,47,0.00012074688370276741,—
requirement,47,0.00012074688370276741,—
sets,47,0.00012074688370276741,—
sales,47,0.00012074688370276741,—
mostly,47,0.00012074688370276741,—
ouncements,47,0.00012074688370276741,—
latency,47,0.00012074688370276741,infrastructurel
funded,47,0.00012074688370276741,—
interactive,47,0.00012074688370276741,—
tay,47,0.00012074688370276741,—
efficiently,46,0.00011817780107079365,—
businesses,46,0.00011817780107079365,—
relying,46,0.00011817780107079365,—
face,46,0.00011817780107079365,—
install,46,0.00011817780107079365,—
precisely,46,0.00011817780107079365,—
lack,46,0.00011817780107079365,—
suppose,46,0.00011817780107079365,—
millions,46,0.00011817780107079365,—
becoming,46,0.00011817780107079365,—
effectively,46,0.00011817780107079365,—
ive,46,0.00011817780107079365,—
missing,46,0.00011817780107079365,—
cloud,46,0.00011817780107079365,—
producing,46,0.00011817780107079365,—
concepts,46,0.00011817780107079365,—
meaningful,46,0.00011817780107079365,—
implementatio,46,0.00011817780107079365,—
nice,46,0.00011817780107079365,—
specify,46,0.00011817780107079365,—
dynamic,46,0.00011817780107079365,—
cache,46,0.00011817780107079365,—
uild,46,0.00011817780107079365,—
headers,46,0.00011817780107079365,—
delay,46,0.00011817780107079365,—
oracle,46,0.00011817780107079365,—
scenarios,46,0.00011817780107079365,—
chai,46,0.00011817780107079365,—
ii,46,0.00011817780107079365,—
presented,46,0.00011817780107079365,—
sizes,46,0.00011817780107079365,—
workshop,46,0.00011817780107079365,—
dive,46,0.00011817780107079365,—
ink,46,0.00011817780107079365,—
orates,46,0.00011817780107079365,—
prices,45,0.00011560871843881986,—
lost,45,0.00011560871843881986,—
imagine,45,0.00011560871843881986,—
ce,45,0.00011560871843881986,—
modern,45,0.00011560871843881986,—
sequence,45,0.00011560871843881986,—
commit,45,0.00011560871843881986,développement
slightly,45,0.00011560871843881986,—
replace,45,0.00011560871843881986,—
functional,45,0.00011560871843881986,—
break,45,0.00011560871843881986,—
partial,45,0.00011560871843881986,—
issuance,45,0.00011560871843881986,—
crucial,45,0.00011560871843881986,—
choosing,45,0.00011560871843881986,—
suite,45,0.00011560871843881986,—
parallel,45,0.00011560871843881986,—
merged,45,0.00011560871843881986,—
blob,45,0.00011560871843881986,—
joining,45,0.00011560871843881986,—
libpp,45,0.00011560871843881986,—
omestead,45,0.00011560871843881986,—
enhance,45,0.00011560871843881986,—
onboarding,45,0.00011560871843881986,—
igma,45,0.00011560871843881986,—
rime,45,0.00011560871843881986,—
eku,45,0.00011560871843881986,—
iln,45,0.00011560871843881986,—
deal,44,0.0001130396358068461,—
largely,44,0.0001130396358068461,—
ends,44,0.0001130396358068461,—
randomly,44,0.0001130396358068461,—
revenue,44,0.0001130396358068461,—
evaluate,44,0.0001130396358068461,—
construct,44,0.0001130396358068461,—
inputs,44,0.0001130396358068461,—
fields,44,0.0001130396358068461,—
validity,44,0.0001130396358068461,—
hosting,44,0.0001130396358068461,—
publish,44,0.0001130396358068461,—
ecellent,44,0.0001130396358068461,—
ers,44,0.0001130396358068461,—
adds,44,0.0001130396358068461,—
instance,44,0.0001130396358068461,—
empty,44,0.0001130396358068461,—
coordinate,44,0.0001130396358068461,—
configuration,44,0.0001130396358068461,—
integrate,44,0.0001130396358068461,—
sers,44,0.0001130396358068461,—
organizing,44,0.0001130396358068461,—
cpp,44,0.0001130396358068461,—
ifficulty,44,0.0001130396358068461,—
atest,44,0.0001130396358068461,—
eep,44,0.0001130396358068461,—
snapshots,44,0.0001130396358068461,—
wasm,44,0.0001130396358068461,—
da,44,0.0001130396358068461,—
backed,43,0.00011047055317487231,—
pure,43,0.00011047055317487231,—
child,43,0.00011047055317487231,—
task,43,0.00011047055317487231,—
agree,43,0.00011047055317487231,—
claim,43,0.00011047055317487231,—
formula,43,0.00011047055317487231,—
concern,43,0.00011047055317487231,—
independently,43,0.00011047055317487231,—
analyze,43,0.00011047055317487231,—
interoperability,43,0.00011047055317487231,—
solving,43,0.00011047055317487231,—
appropriate,43,0.00011047055317487231,—
importantly,43,0.00011047055317487231,—
holders,43,0.00011047055317487231,—
introducing,43,0.00011047055317487231,—
pass,43,0.00011047055317487231,—
collection,43,0.00011047055317487231,—
modular,43,0.00011047055317487231,—
ownership,43,0.00011047055317487231,—
drop,43,0.00011047055317487231,—
stronger,43,0.00011047055317487231,—
updating,43,0.00011047055317487231,—
products,43,0.00011047055317487231,—
hashpower,43,0.00011047055317487231,—
payments,43,0.00011047055317487231,—
pyethereum,43,0.00011047055317487231,—
coding,43,0.00011047055317487231,développement
eplicitly,43,0.00011047055317487231,—
purchase,43,0.00011047055317487231,—
sum,43,0.00011047055317487231,—
recommended,43,0.00011047055317487231,—
lad,43,0.00011047055317487231,—
story,43,0.00011047055317487231,—
september,43,0.00011047055317487231,—
atin,43,0.00011047055317487231,—
performed,43,0.00011047055317487231,—
uilding,43,0.00011047055317487231,—
pm,43,0.00011047055317487231,—
ryan,43,0.00011047055317487231,—
olombia,43,0.00011047055317487231,—
possibilities,42,0.00010790147054289855,—
legitimate,42,0.00010790147054289855,—
increasingly,42,0.00010790147054289855,—
match,42,0.00010790147054289855,—
massive,42,0.00010790147054289855,—
waiting,42,0.00010790147054289855,—
calling,42,0.00010790147054289855,—
nature,42,0.00010790147054289855,—
moment,42,0.00010790147054289855,—
avin,42,0.00010790147054289855,—
myself,42,0.00010790147054289855,—
ovative,42,0.00010790147054289855,—
launching,42,0.00010790147054289855,—
trade,42,0.00010790147054289855,—
abstract,42,0.00010790147054289855,—
representation,42,0.00010790147054289855,—
represents,42,0.00010790147054289855,—
latter,42,0.00010790147054289855,—
advance,42,0.00010790147054289855,—
ake,42,0.00010790147054289855,—
publicly,42,0.00010790147054289855,—
reduction,42,0.00010790147054289855,—
frica,42,0.00010790147054289855,—
transparent,42,0.00010790147054289855,discours_vision
ontracts,42,0.00010790147054289855,—
ale,42,0.00010790147054289855,—
earning,42,0.00010790147054289855,—
flag,42,0.00010790147054289855,—
aid,42,0.00010790147054289855,—
april,42,0.00010790147054289855,—
erpent,42,0.00010790147054289855,—
implications,42,0.00010790147054289855,—
affect,42,0.00010790147054289855,—
ellow,42,0.00010790147054289855,—
jump,42,0.00010790147054289855,—
bridge,42,0.00010790147054289855,—
commitments,42,0.00010790147054289855,—
mplementation,42,0.00010790147054289855,—
int,42,0.00010790147054289855,—
lasma,42,0.00010790147054289855,—
grantees,42,0.00010790147054289855,—
upporting,42,0.00010790147054289855,—
fellows,42,0.00010790147054289855,—
dollar,41,0.00010533238791092476,—
errors,41,0.00010533238791092476,—
shows,41,0.00010533238791092476,—
relies,41,0.00010533238791092476,—
inflation,41,0.00010533238791092476,—
yes,41,0.00010533238791092476,—
central,41,0.00010533238791092476,—
meaning,41,0.00010533238791092476,—
mathematical,41,0.00010533238791092476,—
capacity,41,0.00010533238791092476,infrastructurel
solved,41,0.00010533238791092476,—
handling,41,0.00010533238791092476,—
actions,41,0.00010533238791092476,—
reduces,41,0.00010533238791092476,—
ssentially,41,0.00010533238791092476,—
translations,41,0.00010533238791092476,—
equilibrium,41,0.00010533238791092476,—
absolutely,41,0.00010533238791092476,—
canonical,41,0.00010533238791092476,—
attackers,41,0.00010533238791092476,—
count,41,0.00010533238791092476,—
ong,41,0.00010533238791092476,—
plus,41,0.00010533238791092476,—
hanks,41,0.00010533238791092476,—
capable,41,0.00010533238791092476,—
economy,41,0.00010533238791092476,defi_finance
techniques,41,0.00010533238791092476,—
ava,41,0.00010533238791092476,—
importance,41,0.00010533238791092476,—
stale,41,0.00010533238791092476,—
hit,41,0.00010533238791092476,—
optimistic,41,0.00010533238791092476,infrastructurel
artin,41,0.00010533238791092476,—
busy,41,0.00010533238791092476,—
tutorials,41,0.00010533238791092476,—
auction,41,0.00010533238791092476,—
eye,41,0.00010533238791092476,—
applicants,41,0.00010533238791092476,—
echnical,41,0.00010533238791092476,—
activated,41,0.00010533238791092476,—
zks,41,0.00010533238791092476,—
kzg,41,0.00010533238791092476,—
word,40,0.000102763305278951,—
combined,40,0.000102763305278951,—
spending,40,0.000102763305278951,—
dollars,40,0.000102763305278951,—
rapidly,40,0.000102763305278951,—
eer,40,0.000102763305278951,—
rates,40,0.000102763305278951,—
msterdam,40,0.000102763305278951,—
reached,40,0.000102763305278951,—
hrough,40,0.000102763305278951,—
measure,40,0.000102763305278951,—
structures,40,0.000102763305278951,—
simplest,40,0.000102763305278951,—
basis,40,0.000102763305278951,—
speak,40,0.000102763305278951,—
pply,40,0.000102763305278951,—
maintained,40,0.000102763305278951,—
serves,40,0.000102763305278951,—
pick,40,0.000102763305278951,—
transparency,40,0.000102763305278951,—
automated,40,0.000102763305278951,—
hina,40,0.000102763305278951,—
reads,40,0.000102763305278951,—
biggest,40,0.000102763305278951,—
skills,40,0.000102763305278951,—
confident,40,0.000102763305278951,—
informed,40,0.000102763305278951,—
ebssembly,40,0.000102763305278951,—
pairing,40,0.000102763305278951,—
deprecated,40,0.000102763305278951,—
aris,40,0.000102763305278951,—
clr,40,0.000102763305278951,—
ideal,39,0.00010019422264697721,—
publishing,39,0.00010019422264697721,—
law,39,0.00010019422264697721,—
governments,39,0.00010019422264697721,—
tasks,39,0.00010019422264697721,—
thousand,39,0.00010019422264697721,—
multiplication,39,0.00010019422264697721,—
stakeholders,39,0.00010019422264697721,—
instruction,39,0.00010019422264697721,—
onto,39,0.00010019422264697721,—
removed,39,0.00010019422264697721,—
collusion,39,0.00010019422264697721,—
ack,39,0.00010019422264697721,—
clever,39,0.00010019422264697721,—
epanded,39,0.00010019422264697721,—
games,39,0.00010019422264697721,—
underway,39,0.00010019422264697721,—
resistant,39,0.00010019422264697721,discours_vision
cut,39,0.00010019422264697721,—
manually,39,0.00010019422264697721,—
thers,39,0.00010019422264697721,—
buy,39,0.00010019422264697721,—
revert,39,0.00010019422264697721,—
ransaction,39,0.00010019422264697721,—
minor,39,0.00010019422264697721,—
withdraw,39,0.00010019422264697721,—
chelling,39,0.00010019422264697721,—
ual,39,0.00010019422264697721,—
involves,39,0.00010019422264697721,—
newly,39,0.00010019422264697721,—
retur,39,0.00010019422264697721,—
serving,39,0.00010019422264697721,—
polynomials,39,0.00010019422264697721,—
etend,39,0.00010019422264697721,—
tested,39,0.00010019422264697721,—
dependencies,39,0.00010019422264697721,—
urther,39,0.00010019422264697721,—
communicate,39,0.00010019422264697721,—
remote,39,0.00010019422264697721,—
devs,39,0.00010019422264697721,—
lympic,39,0.00010019422264697721,—
roundup,39,0.00010019422264697721,—
yzantium,39,0.00010019422264697721,—
onstantinople,39,0.00010019422264697721,—
agents,38,9.762514001500344e-05,—
thereby,38,9.762514001500344e-05,—
forever,38,9.762514001500344e-05,—
truth,38,9.762514001500344e-05,—
outputs,38,9.762514001500344e-05,—
places,38,9.762514001500344e-05,—
chat,38,9.762514001500344e-05,—
registration,38,9.762514001500344e-05,—
integrating,38,9.762514001500344e-05,—
presentation,38,9.762514001500344e-05,—
actors,38,9.762514001500344e-05,—
situations,38,9.762514001500344e-05,—
optimized,38,9.762514001500344e-05,—
interpreter,38,9.762514001500344e-05,—
map,38,9.762514001500344e-05,—
ublic,38,9.762514001500344e-05,—
consequences,38,9.762514001500344e-05,—
principles,38,9.762514001500344e-05,discours_vision
theoretical,38,9.762514001500344e-05,recherche
consists,38,9.762514001500344e-05,—
ccount,38,9.762514001500344e-05,—
kept,38,9.762514001500344e-05,—
propose,38,9.762514001500344e-05,—
interactions,38,9.762514001500344e-05,—
priority,38,9.762514001500344e-05,—
withdrawals,38,9.762514001500344e-05,—
promising,38,9.762514001500344e-05,—
october,38,9.762514001500344e-05,—
family,38,9.762514001500344e-05,—
conomics,38,9.762514001500344e-05,—
preparing,38,9.762514001500344e-05,—
panish,38,9.762514001500344e-05,—
tracks,38,9.762514001500344e-05,—
remi,38,9.762514001500344e-05,—
ersio,38,9.762514001500344e-05,—
affle,38,9.762514001500344e-05,—
discord,38,9.762514001500344e-05,—
vent,38,9.762514001500344e-05,—
thtaker,38,9.762514001500344e-05,—
upporter,38,9.762514001500344e-05,—
applying,37,9.505605738302966e-05,—
objective,37,9.505605738302966e-05,—
subject,37,9.505605738302966e-05,—
monetary,37,9.505605738302966e-05,defi_finance
factor,37,9.505605738302966e-05,—
patterns,37,9.505605738302966e-05,—
heavily,37,9.505605738302966e-05,—
computations,37,9.505605738302966e-05,—
moved,37,9.505605738302966e-05,—
didn,37,9.505605738302966e-05,—
posted,37,9.505605738302966e-05,—
modifications,37,9.505605738302966e-05,—
import,37,9.505605738302966e-05,—
item,37,9.505605738302966e-05,—
developments,37,9.505605738302966e-05,—
greatly,37,9.505605738302966e-05,—
ick,37,9.505605738302966e-05,—
videos,37,9.505605738302966e-05,—
quarter,37,9.505605738302966e-05,—
ground,37,9.505605738302966e-05,—
efore,37,9.505605738302966e-05,—
ðpp,37,9.505605738302966e-05,—
subsequent,37,9.505605738302966e-05,—
click,37,9.505605738302966e-05,—
witzerland,37,9.505605738302966e-05,—
guarantees,37,9.505605738302966e-05,—
cryptoeconomic,37,9.505605738302966e-05,—
verifiable,37,9.505605738302966e-05,—
blobs,37,9.505605738302966e-05,—
collaborative,37,9.505605738302966e-05,—
engagement,37,9.505605738302966e-05,—
ðξ,37,9.505605738302966e-05,—
proud,37,9.505605738302966e-05,—
inspired,37,9.505605738302966e-05,—
pgrade,37,9.505605738302966e-05,—
erification,37,9.505605738302966e-05,—
eleases,37,9.505605738302966e-05,—
cryptocurrencies,36,9.24869747510559e-05,—
fiat,36,9.24869747510559e-05,—
eistence,36,9.24869747510559e-05,—
lives,36,9.24869747510559e-05,—
environments,36,9.24869747510559e-05,—
ortunately,36,9.24869747510559e-05,—
computers,36,9.24869747510559e-05,—
reported,36,9.24869747510559e-05,—
appear,36,9.24869747510559e-05,—
figure,36,9.24869747510559e-05,—
hopefully,36,9.24869747510559e-05,—
modify,36,9.24869747510559e-05,—
ather,36,9.24869747510559e-05,—
unlock,36,9.24869747510559e-05,—
operating,36,9.24869747510559e-05,—
leverage,36,9.24869747510559e-05,—
love,36,9.24869747510559e-05,—
aul,36,9.24869747510559e-05,—
arithmetic,36,9.24869747510559e-05,—
originally,36,9.24869747510559e-05,—
electricity,36,9.24869747510559e-05,—
object,36,9.24869747510559e-05,—
holder,36,9.24869747510559e-05,—
competition,36,9.24869747510559e-05,—
stuck,36,9.24869747510559e-05,—
achieved,36,9.24869747510559e-05,—
document,36,9.24869747510559e-05,—
card,36,9.24869747510559e-05,—
determined,36,9.24869747510559e-05,—
eecuting,36,9.24869747510559e-05,—
initially,36,9.24869747510559e-05,—
utility,36,9.24869747510559e-05,—
ontract,36,9.24869747510559e-05,—
established,36,9.24869747510559e-05,—
condition,36,9.24869747510559e-05,—
compared,36,9.24869747510559e-05,—
submissions,36,9.24869747510559e-05,—
safely,36,9.24869747510559e-05,—
oundatio,36,9.24869747510559e-05,—
etended,36,9.24869747510559e-05,—
ship,36,9.24869747510559e-05,—
practices,36,9.24869747510559e-05,—
iversity,36,9.24869747510559e-05,—
ackathon,36,9.24869747510559e-05,—
esign,36,9.24869747510559e-05,—
devnets,36,9.24869747510559e-05,—
designs,35,8.991789211908211e-05,—
purely,35,8.991789211908211e-05,—
depends,35,8.991789211908211e-05,—
managed,35,8.991789211908211e-05,—
collect,35,8.991789211908211e-05,—
generating,35,8.991789211908211e-05,—
passwords,35,8.991789211908211e-05,—
purposes,35,8.991789211908211e-05,—
member,35,8.991789211908211e-05,gouvernance
knows,35,8.991789211908211e-05,—
unfortunately,35,8.991789211908211e-05,—
loop,35,8.991789211908211e-05,—
false,35,8.991789211908211e-05,—
infinite,35,8.991789211908211e-05,—
margin,35,8.991789211908211e-05,—
percentage,35,8.991789211908211e-05,—
reports,35,8.991789211908211e-05,—
fiing,35,8.991789211908211e-05,—
info,35,8.991789211908211e-05,—
communications,35,8.991789211908211e-05,—
targeting,35,8.991789211908211e-05,—
regardless,35,8.991789211908211e-05,—
nother,35,8.991789211908211e-05,—
collective,35,8.991789211908211e-05,—
brings,35,8.991789211908211e-05,—
raised,35,8.991789211908211e-05,—
keeps,35,8.991789211908211e-05,—
cstack,35,8.991789211908211e-05,—
usability,35,8.991789211908211e-05,usages
gone,35,8.991789211908211e-05,—
construction,35,8.991789211908211e-05,—
encoding,35,8.991789211908211e-05,—
package,35,8.991789211908211e-05,—
counter,35,8.991789211908211e-05,—
slow,35,8.991789211908211e-05,—
consumer,35,8.991789211908211e-05,—
images,35,8.991789211908211e-05,—
generalized,35,8.991789211908211e-05,—
stories,35,8.991789211908211e-05,—
aper,35,8.991789211908211e-05,—
rapid,35,8.991789211908211e-05,—
incident,35,8.991789211908211e-05,—
emerging,35,8.991789211908211e-05,—
offered,35,8.991789211908211e-05,—
messaging,35,8.991789211908211e-05,—
oth,35,8.991789211908211e-05,—
parameter,35,8.991789211908211e-05,—
culture,35,8.991789211908211e-05,—
bigger,35,8.991789211908211e-05,—
save,35,8.991789211908211e-05,—
module,35,8.991789211908211e-05,—
concrete,35,8.991789211908211e-05,—
swarm,35,8.991789211908211e-05,—
oracles,35,8.991789211908211e-05,—
port,35,8.991789211908211e-05,—
managing,35,8.991789211908211e-05,—
touch,35,8.991789211908211e-05,—
preserving,35,8.991789211908211e-05,—
consumption,35,8.991789211908211e-05,—
gave,35,8.991789211908211e-05,—
highlights,35,8.991789211908211e-05,—
deploy,35,8.991789211908211e-05,—
speaker,35,8.991789211908211e-05,—
hackathons,35,8.991789211908211e-05,—
participated,35,8.991789211908211e-05,—
resilience,35,8.991789211908211e-05,—
collaborate,35,8.991789211908211e-05,—
rojects,35,8.991789211908211e-05,—
featured,35,8.991789211908211e-05,—
soft,35,8.991789211908211e-05,—
summit,35,8.991789211908211e-05,—
ct,35,8.991789211908211e-05,—
permissionless,35,8.991789211908211e-05,discours_vision
ranslation,35,8.991789211908211e-05,—
evmone,35,8.991789211908211e-05,—
fellowship,35,8.991789211908211e-05,—
rigon,35,8.991789211908211e-05,—
ensures,34,8.734880948710834e-05,—
possibly,34,8.734880948710834e-05,—
accomplish,34,8.734880948710834e-05,—
maybe,34,8.734880948710834e-05,—
interacting,34,8.734880948710834e-05,—
bank,34,8.734880948710834e-05,—
ree,34,8.734880948710834e-05,—
es,34,8.734880948710834e-05,—
statement,34,8.734880948710834e-05,—
machines,34,8.734880948710834e-05,—
recover,34,8.734880948710834e-05,—
mainstream,34,8.734880948710834e-05,usages
forums,34,8.734880948710834e-05,—
query,34,8.734880948710834e-05,—
organize,34,8.734880948710834e-05,—
mined,34,8.734880948710834e-05,—
lines,34,8.734880948710834e-05,—
shipped,34,8.734880948710834e-05,—
www,34,8.734880948710834e-05,—
fashion,34,8.734880948710834e-05,—
intend,34,8.734880948710834e-05,—
fleible,34,8.734880948710834e-05,—
scenario,34,8.734880948710834e-05,—
reasonable,34,8.734880948710834e-05,—
clean,34,8.734880948710834e-05,—
writes,34,8.734880948710834e-05,—
favor,34,8.734880948710834e-05,—
moves,34,8.734880948710834e-05,—
passed,34,8.734880948710834e-05,—
device,34,8.734880948710834e-05,—
arrays,34,8.734880948710834e-05,—
pushing,34,8.734880948710834e-05,—
fault,34,8.734880948710834e-05,—
slots,34,8.734880948710834e-05,—
hashing,34,8.734880948710834e-05,—
scoring,34,8.734880948710834e-05,—
propagation,34,8.734880948710834e-05,—
unable,34,8.734880948710834e-05,—
auditing,34,8.734880948710834e-05,—
eveloping,34,8.734880948710834e-05,—
findings,34,8.734880948710834e-05,—
helpful,34,8.734880948710834e-05,—
subjective,34,8.734880948710834e-05,—
curves,34,8.734880948710834e-05,—
throughput,34,8.734880948710834e-05,infrastructurel
ibrary,34,8.734880948710834e-05,—
onboard,34,8.734880948710834e-05,—
ambients,34,8.734880948710834e-05,—
ticketing,34,8.734880948710834e-05,—
linked,33,8.477972685513456e-05,—
receiving,33,8.477972685513456e-05,—
heavy,33,8.477972685513456e-05,—
somewhere,33,8.477972685513456e-05,—
embedded,33,8.477972685513456e-05,—
encouraged,33,8.477972685513456e-05,—
websites,33,8.477972685513456e-05,—
fall,33,8.477972685513456e-05,—
advantages,33,8.477972685513456e-05,—
responsible,33,8.477972685513456e-05,—
umber,33,8.477972685513456e-05,—
etails,33,8.477972685513456e-05,—
st,33,8.477972685513456e-05,—
rypto,33,8.477972685513456e-05,—
subset,33,8.477972685513456e-05,—
air,33,8.477972685513456e-05,—
compile,33,8.477972685513456e-05,—
asking,33,8.477972685513456e-05,—
pecifically,33,8.477972685513456e-05,—
understood,33,8.477972685513456e-05,—
protection,33,8.477972685513456e-05,—
drive,33,8.477972685513456e-05,—
facilitate,33,8.477972685513456e-05,—
shortly,33,8.477972685513456e-05,—
ultimate,33,8.477972685513456e-05,—
penalties,33,8.477972685513456e-05,—
remember,33,8.477972685513456e-05,—
paths,33,8.477972685513456e-05,—
epanding,33,8.477972685513456e-05,—
road,33,8.477972685513456e-05,—
precise,33,8.477972685513456e-05,—
threshold,33,8.477972685513456e-05,—
ithout,33,8.477972685513456e-05,—
icrosoft,33,8.477972685513456e-05,—
assumption,33,8.477972685513456e-05,—
selection,33,8.477972685513456e-05,—
occurs,33,8.477972685513456e-05,—
learned,33,8.477972685513456e-05,—
country,33,8.477972685513456e-05,—
caling,33,8.477972685513456e-05,—
builds,33,8.477972685513456e-05,—
hang,33,8.477972685513456e-05,—
volunteers,33,8.477972685513456e-05,—
roots,33,8.477972685513456e-05,—
evelopers,33,8.477972685513456e-05,—
esting,33,8.477972685513456e-05,—
semantics,33,8.477972685513456e-05,—
sustainable,33,8.477972685513456e-05,discours_vision
onsenys,33,8.477972685513456e-05,—
builder,33,8.477972685513456e-05,—
tldr,33,8.477972685513456e-05,—
lacier,33,8.477972685513456e-05,—
staker,33,8.477972685513456e-05,gouvernance
natural,32,8.22106442231608e-05,—
ho,32,8.22106442231608e-05,—
cryptographically,32,8.22106442231608e-05,—
anti,32,8.22106442231608e-05,—
worldwide,32,8.22106442231608e-05,—
political,32,8.22106442231608e-05,—
involving,32,8.22106442231608e-05,—
bottom,32,8.22106442231608e-05,—
wider,32,8.22106442231608e-05,—
committed,32,8.22106442231608e-05,—
draft,32,8.22106442231608e-05,—
science,32,8.22106442231608e-05,recherche
ser,32,8.22106442231608e-05,—
irector,32,8.22106442231608e-05,—
forth,32,8.22106442231608e-05,—
seeking,32,8.22106442231608e-05,—
math,32,8.22106442231608e-05,—
instances,32,8.22106442231608e-05,—
plain,32,8.22106442231608e-05,—
lots,32,8.22106442231608e-05,—
bo,32,8.22106442231608e-05,—
hour,32,8.22106442231608e-05,—
monitor,32,8.22106442231608e-05,—
philosophy,32,8.22106442231608e-05,discours_vision
packages,32,8.22106442231608e-05,—
land,32,8.22106442231608e-05,—
weight,32,8.22106442231608e-05,—
etreme,32,8.22106442231608e-05,—
throw,32,8.22106442231608e-05,—
ddress,32,8.22106442231608e-05,—
backup,32,8.22106442231608e-05,—
contained,32,8.22106442231608e-05,—
rust,32,8.22106442231608e-05,—
record,32,8.22106442231608e-05,—
discovered,32,8.22106442231608e-05,—
responsibility,32,8.22106442231608e-05,—
liquidity,32,8.22106442231608e-05,defi_finance
shift,32,8.22106442231608e-05,—
finished,32,8.22106442231608e-05,—
recipients,32,8.22106442231608e-05,—
engineers,32,8.22106442231608e-05,—
reasonably,32,8.22106442231608e-05,—
amounts,32,8.22106442231608e-05,—
contact,32,8.22106442231608e-05,—
incompatible,32,8.22106442231608e-05,—
contributor,32,8.22106442231608e-05,gouvernance
unepected,32,8.22106442231608e-05,—
ev,32,8.22106442231608e-05,—
bonded,32,8.22106442231608e-05,—
decentralised,32,8.22106442231608e-05,—
alert,32,8.22106442231608e-05,—
presentations,32,8.22106442231608e-05,—
coverage,32,8.22106442231608e-05,—
echnology,32,8.22106442231608e-05,—
ubs,32,8.22106442231608e-05,—
simulation,32,8.22106442231608e-05,recherche
rague,32,8.22106442231608e-05,—
focuses,32,8.22106442231608e-05,—
ypecript,32,8.22106442231608e-05,—
lef,32,8.22106442231608e-05,—
ohort,32,8.22106442231608e-05,—
uction,32,8.22106442231608e-05,—
ellatri,32,8.22106442231608e-05,—
owork,32,8.22106442231608e-05,—
upload,31,7.964156159118702e-05,—
identities,31,7.964156159118702e-05,—
resulting,31,7.964156159118702e-05,—
agent,31,7.964156159118702e-05,—
ideally,31,7.964156159118702e-05,—
ell,31,7.964156159118702e-05,—
recognize,31,7.964156159118702e-05,—
scripts,31,7.964156159118702e-05,—
passes,31,7.964156159118702e-05,—
opinion,31,7.964156159118702e-05,—
protect,31,7.964156159118702e-05,—
prevents,31,7.964156159118702e-05,—
pecial,31,7.964156159118702e-05,—
caused,31,7.964156159118702e-05,—
rooms,31,7.964156159118702e-05,—
met,31,7.964156159118702e-05,—
forms,31,7.964156159118702e-05,—
rational,31,7.964156159118702e-05,—
cheaper,31,7.964156159118702e-05,—
epose,31,7.964156159118702e-05,—
answers,31,7.964156159118702e-05,—
preventing,31,7.964156159118702e-05,—
states,31,7.964156159118702e-05,—
promise,31,7.964156159118702e-05,—
classes,31,7.964156159118702e-05,—
evm,31,7.964156159118702e-05,—
guaranteed,31,7.964156159118702e-05,—
betting,31,7.964156159118702e-05,—
haven,31,7.964156159118702e-05,—
discover,31,7.964156159118702e-05,—
familiar,31,7.964156159118702e-05,—
ased,31,7.964156159118702e-05,—
reflect,31,7.964156159118702e-05,—
processed,31,7.964156159118702e-05,—
picture,31,7.964156159118702e-05,—
spread,31,7.964156159118702e-05,—
eyond,31,7.964156159118702e-05,—
eligible,31,7.964156159118702e-05,—
switching,31,7.964156159118702e-05,—
triggered,31,7.964156159118702e-05,—
hristian,31,7.964156159118702e-05,—
speaking,31,7.964156159118702e-05,—
ran,31,7.964156159118702e-05,—
lookup,31,7.964156159118702e-05,—
highlight,31,7.964156159118702e-05,—
ndia,31,7.964156159118702e-05,—
optimizer,31,7.964156159118702e-05,—
alidators,31,7.964156159118702e-05,—
orkshop,31,7.964156159118702e-05,—
thrilled,31,7.964156159118702e-05,—
docker,31,7.964156159118702e-05,—
tracing,31,7.964156159118702e-05,—
referred,31,7.964156159118702e-05,—
ollup,31,7.964156159118702e-05,—
translators,31,7.964156159118702e-05,—
takers,31,7.964156159118702e-05,—
rigo,31,7.964156159118702e-05,—
rater,31,7.964156159118702e-05,—
incentivized,30,7.707247895921324e-05,—
cutting,30,7.707247895921324e-05,—
distribute,30,7.707247895921324e-05,—
determining,30,7.707247895921324e-05,—
principle,30,7.707247895921324e-05,—
uterin,30,7.707247895921324e-05,—
children,30,7.707247895921324e-05,—
agreed,30,7.707247895921324e-05,—
corresponding,30,7.707247895921324e-05,—
cycle,30,7.707247895921324e-05,—
bound,30,7.707247895921324e-05,—
incredibly,30,7.707247895921324e-05,—
erhaps,30,7.707247895921324e-05,—
living,30,7.707247895921324e-05,—
grown,30,7.707247895921324e-05,—
ooking,30,7.707247895921324e-05,—
fourth,30,7.707247895921324e-05,—
located,30,7.707247895921324e-05,—
mid,30,7.707247895921324e-05,—
encoded,30,7.707247895921324e-05,—
recovery,30,7.707247895921324e-05,—
opening,30,7.707247895921324e-05,—
completion,30,7.707247895921324e-05,—
international,30,7.707247895921324e-05,—
guides,30,7.707247895921324e-05,—
identified,30,7.707247895921324e-05,—
integer,30,7.707247895921324e-05,—
foster,30,7.707247895921324e-05,—
odel,30,7.707247895921324e-05,—
properly,30,7.707247895921324e-05,—
closed,30,7.707247895921324e-05,—
super,30,7.707247895921324e-05,—
etensive,30,7.707247895921324e-05,—
eplain,30,7.707247895921324e-05,—
validating,30,7.707247895921324e-05,—
spirit,30,7.707247895921324e-05,—
dig,30,7.707247895921324e-05,—
asked,30,7.707247895921324e-05,—
transactio,30,7.707247895921324e-05,—
id,30,7.707247895921324e-05,—
targeted,30,7.707247895921324e-05,—
healthy,30,7.707247895921324e-05,—
researching,30,7.707247895921324e-05,—
portal,30,7.707247895921324e-05,—
theoretic,30,7.707247895921324e-05,—
contributed,30,7.707247895921324e-05,—
objects,30,7.707247895921324e-05,—
credentials,30,7.707247895921324e-05,—
decrease,30,7.707247895921324e-05,—
raise,30,7.707247895921324e-05,—
failures,30,7.707247895921324e-05,—
voted,30,7.707247895921324e-05,—
summer,30,7.707247895921324e-05,—
favorite,30,7.707247895921324e-05,—
est,30,7.707247895921324e-05,—
region,30,7.707247895921324e-05,—
warning,30,7.707247895921324e-05,—
friends,30,7.707247895921324e-05,—
prepare,30,7.707247895921324e-05,—
pdate,30,7.707247895921324e-05,—
mprovements,30,7.707247895921324e-05,—
configurations,30,7.707247895921324e-05,—
elay,30,7.707247895921324e-05,—
ind,30,7.707247895921324e-05,—
matters,29,7.450339632723947e-05,—
fraud,29,7.450339632723947e-05,—
democracy,29,7.450339632723947e-05,—
generates,29,7.450339632723947e-05,—
bid,29,7.450339632723947e-05,—
presence,29,7.450339632723947e-05,—
suitable,29,7.450339632723947e-05,—
perfectly,29,7.450339632723947e-05,—
succeed,29,7.450339632723947e-05,—
proper,29,7.450339632723947e-05,—
eetup,29,7.450339632723947e-05,—
ransactions,29,7.450339632723947e-05,—
allocated,29,7.450339632723947e-05,—
visit,29,7.450339632723947e-05,—
cap,29,7.450339632723947e-05,—
aren,29,7.450339632723947e-05,—
optimize,29,7.450339632723947e-05,—
refer,29,7.450339632723947e-05,—
modified,29,7.450339632723947e-05,—
simplified,29,7.450339632723947e-05,—
ull,29,7.450339632723947e-05,—
discussing,29,7.450339632723947e-05,—
meetup,29,7.450339632723947e-05,—
reverted,29,7.450339632723947e-05,—
finish,29,7.450339632723947e-05,—
consistent,29,7.450339632723947e-05,—
approimately,29,7.450339632723947e-05,—
fail,29,7.450339632723947e-05,—
statistics,29,7.450339632723947e-05,—
collude,29,7.450339632723947e-05,—
delivering,29,7.450339632723947e-05,—
accessed,29,7.450339632723947e-05,—
minute,29,7.450339632723947e-05,—
activate,29,7.450339632723947e-05,—
epertise,29,7.450339632723947e-05,—
monthly,29,7.450339632723947e-05,—
ection,29,7.450339632723947e-05,—
widely,29,7.450339632723947e-05,—
lists,29,7.450339632723947e-05,—
actor,29,7.450339632723947e-05,—
separately,29,7.450339632723947e-05,—
reliable,29,7.450339632723947e-05,—
docs,29,7.450339632723947e-05,—
edition,29,7.450339632723947e-05,—
awesome,29,7.450339632723947e-05,—
leveraging,29,7.450339632723947e-05,—
tudio,29,7.450339632723947e-05,—
cooperation,29,7.450339632723947e-05,—
structured,29,7.450339632723947e-05,—
pdates,29,7.450339632723947e-05,—
behaviour,29,7.450339632723947e-05,—
igh,29,7.450339632723947e-05,—
elegram,29,7.450339632723947e-05,—
rc,29,7.450339632723947e-05,—
ervice,29,7.450339632723947e-05,—
sharded,29,7.450339632723947e-05,—
artifacts,29,7.450339632723947e-05,—
ategory,29,7.450339632723947e-05,—
fair,28,7.193431369526569e-05,—
articles,28,7.193431369526569e-05,—
usual,28,7.193431369526569e-05,—
nited,28,7.193431369526569e-05,—
travel,28,7.193431369526569e-05,—
computed,28,7.193431369526569e-05,—
evaluation,28,7.193431369526569e-05,—
participant,28,7.193431369526569e-05,gouvernance
detect,28,7.193431369526569e-05,—
prime,28,7.193431369526569e-05,—
minority,28,7.193431369526569e-05,—
adjust,28,7.193431369526569e-05,—
freedom,28,7.193431369526569e-05,discours_vision
insight,28,7.193431369526569e-05,—
emergent,28,7.193431369526569e-05,—
hinese,28,7.193431369526569e-05,—
notice,28,7.193431369526569e-05,—
confirmations,28,7.193431369526569e-05,—
minimize,28,7.193431369526569e-05,—
flaws,28,7.193431369526569e-05,—
ant,28,7.193431369526569e-05,—
shut,28,7.193431369526569e-05,—
sources,28,7.193431369526569e-05,—
showing,28,7.193431369526569e-05,—
limitations,28,7.193431369526569e-05,—
orders,28,7.193431369526569e-05,—
cards,28,7.193431369526569e-05,—
ob,28,7.193431369526569e-05,—
links,28,7.193431369526569e-05,—
gap,28,7.193431369526569e-05,—
older,28,7.193431369526569e-05,—
directory,28,7.193431369526569e-05,—
smoothly,28,7.193431369526569e-05,—
tried,28,7.193431369526569e-05,—
rent,28,7.193431369526569e-05,—
oogle,28,7.193431369526569e-05,—
upgrading,28,7.193431369526569e-05,—
delivery,28,7.193431369526569e-05,—
trigger,28,7.193431369526569e-05,—
sized,28,7.193431369526569e-05,—
fill,28,7.193431369526569e-05,—
registry,28,7.193431369526569e-05,—
seed,28,7.193431369526569e-05,—
priorities,28,7.193431369526569e-05,—
weak,28,7.193431369526569e-05,—
unknown,28,7.193431369526569e-05,—
prefer,28,7.193431369526569e-05,—
submitting,28,7.193431369526569e-05,—
permanent,28,7.193431369526569e-05,—
ope,28,7.193431369526569e-05,—
waves,28,7.193431369526569e-05,—
stand,28,7.193431369526569e-05,—
eit,28,7.193431369526569e-05,—
straightforward,28,7.193431369526569e-05,—
mplementing,28,7.193431369526569e-05,—
logarithmic,28,7.193431369526569e-05,—
hree,28,7.193431369526569e-05,—
orking,28,7.193431369526569e-05,—
pleased,28,7.193431369526569e-05,—
rid,28,7.193431369526569e-05,—
guarantee,28,7.193431369526569e-05,—
university,28,7.193431369526569e-05,—
console,28,7.193431369526569e-05,—
globe,28,7.193431369526569e-05,—
prizes,28,7.193431369526569e-05,—
recap,28,7.193431369526569e-05,—
binaries,28,7.193431369526569e-05,—
strategic,28,7.193431369526569e-05,—
organizers,28,7.193431369526569e-05,—
mplementatio,28,7.193431369526569e-05,—
ts,28,7.193431369526569e-05,—
rite,28,7.193431369526569e-05,—
astly,28,7.193431369526569e-05,—
itness,28,7.193431369526569e-05,—
rezor,28,7.193431369526569e-05,—
rinity,28,7.193431369526569e-05,—
buffalo,28,7.193431369526569e-05,—
snap,28,7.193431369526569e-05,—
onchain,28,7.193431369526569e-05,—
corporations,27,6.936523106329192e-05,—
holding,27,6.936523106329192e-05,—
semi,27,6.936523106329192e-05,—
feed,27,6.936523106329192e-05,—
distinction,27,6.936523106329192e-05,—
redundancy,27,6.936523106329192e-05,—
pays,27,6.936523106329192e-05,—
hundred,27,6.936523106329192e-05,—
manual,27,6.936523106329192e-05,—
encode,27,6.936523106329192e-05,—
finds,27,6.936523106329192e-05,—
accomplished,27,6.936523106329192e-05,—
sufficient,27,6.936523106329192e-05,—
spam,27,6.936523106329192e-05,—
accurate,27,6.936523106329192e-05,—
trading,27,6.936523106329192e-05,defi_finance
flaw,27,6.936523106329192e-05,—
releasing,27,6.936523106329192e-05,—
realized,27,6.936523106329192e-05,—
returned,27,6.936523106329192e-05,—
ecutive,27,6.936523106329192e-05,—
promote,27,6.936523106329192e-05,—
forum,27,6.936523106329192e-05,—
players,27,6.936523106329192e-05,—
tiny,27,6.936523106329192e-05,—
economically,27,6.936523106329192e-05,—
iteration,27,6.936523106329192e-05,—
restricted,27,6.936523106329192e-05,—
differences,27,6.936523106329192e-05,—
grows,27,6.936523106329192e-05,—
discount,27,6.936523106329192e-05,—
cheap,27,6.936523106329192e-05,—
sufficiently,27,6.936523106329192e-05,—
depend,27,6.936523106329192e-05,—
downloading,27,6.936523106329192e-05,—
eople,27,6.936523106329192e-05,—
performing,27,6.936523106329192e-05,—
generic,27,6.936523106329192e-05,—
cheat,27,6.936523106329192e-05,—
avid,27,6.936523106329192e-05,—
git,27,6.936523106329192e-05,—
encoder,27,6.936523106329192e-05,—
eplored,27,6.936523106329192e-05,—
linear,27,6.936523106329192e-05,—
former,27,6.936523106329192e-05,—
age,27,6.936523106329192e-05,—
reasoning,27,6.936523106329192e-05,—
tag,27,6.936523106329192e-05,—
epectations,27,6.936523106329192e-05,—
vs,27,6.936523106329192e-05,—
volunteer,27,6.936523106329192e-05,—
eperiments,27,6.936523106329192e-05,—
felt,27,6.936523106329192e-05,—
meantime,27,6.936523106329192e-05,—
ollowing,27,6.936523106329192e-05,—
transitions,27,6.936523106329192e-05,—
smooth,27,6.936523106329192e-05,—
pain,27,6.936523106329192e-05,—
reporting,27,6.936523106329192e-05,—
weekly,27,6.936523106329192e-05,—
ooling,27,6.936523106329192e-05,—
speakers,27,6.936523106329192e-05,—
survey,27,6.936523106329192e-05,—
revealing,27,6.936523106329192e-05,—
landscape,27,6.936523106329192e-05,—
au,27,6.936523106329192e-05,—
articipants,27,6.936523106329192e-05,—
panel,27,6.936523106329192e-05,—
covered,27,6.936523106329192e-05,—
records,27,6.936523106329192e-05,—
spaces,27,6.936523106329192e-05,—
addressing,27,6.936523106329192e-05,—
nowledge,27,6.936523106329192e-05,—
ype,27,6.936523106329192e-05,—
benchmarks,27,6.936523106329192e-05,—
edger,27,6.936523106329192e-05,—
erificatio,27,6.936523106329192e-05,—
demo,27,6.936523106329192e-05,—
roposals,27,6.936523106329192e-05,—
ync,27,6.936523106329192e-05,—
ch,27,6.936523106329192e-05,—
interop,27,6.936523106329192e-05,—
angkok,27,6.936523106329192e-05,—
intsugi,27,6.936523106329192e-05,—
usaka,27,6.936523106329192e-05,—
founder,26,6.679614843131814e-05,—
tend,26,6.679614843131814e-05,—
talking,26,6.679614843131814e-05,—
office,26,6.679614843131814e-05,—
reserve,26,6.679614843131814e-05,—
banks,26,6.679614843131814e-05,—
ordinary,26,6.679614843131814e-05,—
leaves,26,6.679614843131814e-05,—
evaluating,26,6.679614843131814e-05,—
runtime,26,6.679614843131814e-05,—
calculate,26,6.679614843131814e-05,—
thoughts,26,6.679614843131814e-05,—
etting,26,6.679614843131814e-05,—
regard,26,6.679614843131814e-05,—
ipple,26,6.679614843131814e-05,—
influence,26,6.679614843131814e-05,—
purchasing,26,6.679614843131814e-05,—
encouraging,26,6.679614843131814e-05,—
assigned,26,6.679614843131814e-05,—
emphasis,26,6.679614843131814e-05,—
eet,26,6.679614843131814e-05,—
tha,26,6.679614843131814e-05,—
represented,26,6.679614843131814e-05,—
needing,26,6.679614843131814e-05,—
hardfork,26,6.679614843131814e-05,protocolaire
session,26,6.679614843131814e-05,—
utonomous,26,6.679614843131814e-05,—
house,26,6.679614843131814e-05,—
escrow,26,6.679614843131814e-05,—
barriers,26,6.679614843131814e-05,—
plenty,26,6.679614843131814e-05,—
desire,26,6.679614843131814e-05,—
constantly,26,6.679614843131814e-05,—
superior,26,6.679614843131814e-05,—
proven,26,6.679614843131814e-05,—
pace,26,6.679614843131814e-05,—
officially,26,6.679614843131814e-05,—
center,26,6.679614843131814e-05,—
ðpps,26,6.679614843131814e-05,—
pps,26,6.679614843131814e-05,—
novel,26,6.679614843131814e-05,—
lies,26,6.679614843131814e-05,—
vents,26,6.679614843131814e-05,—
bee,26,6.679614843131814e-05,—
crash,26,6.679614843131814e-05,—
frameworks,26,6.679614843131814e-05,—
achievements,26,6.679614843131814e-05,—
accounting,26,6.679614843131814e-05,—
yzantine,26,6.679614843131814e-05,—
engaged,26,6.679614843131814e-05,—
meetings,26,6.679614843131814e-05,—
hacking,26,6.679614843131814e-05,—
substates,26,6.679614843131814e-05,—
eplorers,26,6.679614843131814e-05,—
star,26,6.679614843131814e-05,—
eetups,26,6.679614843131814e-05,—
shape,26,6.679614843131814e-05,—
calability,26,6.679614843131814e-05,—
highlighted,26,6.679614843131814e-05,—
plugin,26,6.679614843131814e-05,—
authenticate,26,6.679614843131814e-05,—
conversations,26,6.679614843131814e-05,—
phases,26,6.679614843131814e-05,—
elease,26,6.679614843131814e-05,—
rie,26,6.679614843131814e-05,—
secured,26,6.679614843131814e-05,—
endpoint,26,6.679614843131814e-05,—
hecker,26,6.679614843131814e-05,—
impactful,26,6.679614843131814e-05,—
ngine,26,6.679614843131814e-05,—
raph,26,6.679614843131814e-05,—
translating,26,6.679614843131814e-05,—
attestation,26,6.679614843131814e-05,protocolaire
merkleization,26,6.679614843131814e-05,—
verkle,26,6.679614843131814e-05,—
ellows,26,6.679614843131814e-05,—
sites,25,6.422706579934437e-05,—
documents,25,6.422706579934437e-05,—
checked,25,6.422706579934437e-05,—
fresh,25,6.422706579934437e-05,—
challenging,25,6.422706579934437e-05,—
losing,25,6.422706579934437e-05,—
mi,25,6.422706579934437e-05,—
candidate,25,6.422706579934437e-05,—
hether,25,6.422706579934437e-05,—
replacing,25,6.422706579934437e-05,—
proportional,25,6.422706579934437e-05,—
veryone,25,6.422706579934437e-05,—
partially,25,6.422706579934437e-05,—
voters,25,6.422706579934437e-05,—
farmers,25,6.422706579934437e-05,—
retrieve,25,6.422706579934437e-05,—
humanity,25,6.422706579934437e-05,—
mitigate,25,6.422706579934437e-05,—
description,25,6.422706579934437e-05,—
meta,25,6.422706579934437e-05,—
mathematically,25,6.422706579934437e-05,—
solid,25,6.422706579934437e-05,—
ike,25,6.422706579934437e-05,—
authentication,25,6.422706579934437e-05,sécurité
orum,25,6.422706579934437e-05,—
trivial,25,6.422706579934437e-05,—
selling,25,6.422706579934437e-05,—
imilarly,25,6.422706579934437e-05,—
worse,25,6.422706579934437e-05,—
aligned,25,6.422706579934437e-05,—
locked,25,6.422706579934437e-05,—
def,25,6.422706579934437e-05,—
recursive,25,6.422706579934437e-05,—
technically,25,6.422706579934437e-05,—
implies,25,6.422706579934437e-05,—
fundamentally,25,6.422706579934437e-05,—
organizational,25,6.422706579934437e-05,—
avascript,25,6.422706579934437e-05,—
involvement,25,6.422706579934437e-05,—
stages,25,6.422706579934437e-05,—
none,25,6.422706579934437e-05,—
diff,25,6.422706579934437e-05,—
timestamp,25,6.422706579934437e-05,—
combine,25,6.422706579934437e-05,—
unlikely,25,6.422706579934437e-05,—
nfortunately,25,6.422706579934437e-05,—
worry,25,6.422706579934437e-05,—
eams,25,6.422706579934437e-05,—
eploit,25,6.422706579934437e-05,—
tack,25,6.422706579934437e-05,—
positions,25,6.422706579934437e-05,—
ethereumjs,25,6.422706579934437e-05,—
agreement,25,6.422706579934437e-05,—
outcome,25,6.422706579934437e-05,—
begun,25,6.422706579934437e-05,—
collected,25,6.422706579934437e-05,—
conduct,25,6.422706579934437e-05,—
broad,25,6.422706579934437e-05,—
leadership,25,6.422706579934437e-05,—
guidance,25,6.422706579934437e-05,—
affecting,25,6.422706579934437e-05,—
deleted,25,6.422706579934437e-05,—
naive,25,6.422706579934437e-05,—
twitter,25,6.422706579934437e-05,—
slowly,25,6.422706579934437e-05,—
translate,25,6.422706579934437e-05,—
eventual,25,6.422706579934437e-05,—
finance,25,6.422706579934437e-05,—
costly,25,6.422706579934437e-05,—
standalone,25,6.422706579934437e-05,—
locations,25,6.422706579934437e-05,—
establish,25,6.422706579934437e-05,—
evolve,25,6.422706579934437e-05,—
optimizing,25,6.422706579934437e-05,—
barrier,25,6.422706579934437e-05,—
concerning,25,6.422706579934437e-05,—
outh,25,6.422706579934437e-05,—
ectivity,25,6.422706579934437e-05,—
bribe,25,6.422706579934437e-05,—
whenever,25,6.422706579934437e-05,—
occur,25,6.422706579934437e-05,—
couldn,25,6.422706579934437e-05,—
tracking,25,6.422706579934437e-05,—
dashboard,25,6.422706579934437e-05,—
requested,25,6.422706579934437e-05,—
conducted,25,6.422706579934437e-05,—
evel,25,6.422706579934437e-05,—
opened,25,6.422706579934437e-05,—
ring,25,6.422706579934437e-05,—
basics,25,6.422706579934437e-05,—
devpp,25,6.422706579934437e-05,—
ya,25,6.422706579934437e-05,—
devco,25,6.422706579934437e-05,—
next,25,6.422706579934437e-05,—
apan,25,6.422706579934437e-05,—
mproving,25,6.422706579934437e-05,—
cademic,25,6.422706579934437e-05,—
aunchpad,25,6.422706579934437e-05,—
enhancing,25,6.422706579934437e-05,—
ptimistic,25,6.422706579934437e-05,—
owers,25,6.422706579934437e-05,—
devnet,25,6.422706579934437e-05,—
penthereum,25,6.422706579934437e-05,—
rbitrum,25,6.422706579934437e-05,—
apella,25,6.422706579934437e-05,—
aside,24,6.165798316737059e-05,—
survive,24,6.165798316737059e-05,—
namely,24,6.165798316737059e-05,—
applies,24,6.165798316737059e-05,—
removing,24,6.165798316737059e-05,—
matches,24,6.165798316737059e-05,—
authority,24,6.165798316737059e-05,—
reveal,24,6.165798316737059e-05,—
broken,24,6.165798316737059e-05,—
naturally,24,6.165798316737059e-05,—
computationally,24,6.165798316737059e-05,—
bitcoins,24,6.165798316737059e-05,—
directions,24,6.165798316737059e-05,—
owners,24,6.165798316737059e-05,—
calculations,24,6.165798316737059e-05,—
confirmed,24,6.165798316737059e-05,—
caught,24,6.165798316737059e-05,—
penalty,24,6.165798316737059e-05,—
mention,24,6.165798316737059e-05,—
deeply,24,6.165798316737059e-05,—
anguage,24,6.165798316737059e-05,—
accepting,24,6.165798316737059e-05,—
invite,24,6.165798316737059e-05,—
reddit,24,6.165798316737059e-05,—
convert,24,6.165798316737059e-05,—
simplicity,24,6.165798316737059e-05,—
maimize,24,6.165798316737059e-05,—
quantum,24,6.165798316737059e-05,—
trace,24,6.165798316737059e-05,—
destination,24,6.165798316737059e-05,—
replaced,24,6.165798316737059e-05,—
black,24,6.165798316737059e-05,—
stores,24,6.165798316737059e-05,—
assumptions,24,6.165798316737059e-05,—
ternal,24,6.165798316737059e-05,—
refine,24,6.165798316737059e-05,—
locally,24,6.165798316737059e-05,—
consisting,24,6.165798316737059e-05,—
phone,24,6.165798316737059e-05,—
book,24,6.165798316737059e-05,—
sold,24,6.165798316737059e-05,—
stands,24,6.165798316737059e-05,—
magic,24,6.165798316737059e-05,—
wei,24,6.165798316737059e-05,—
replay,24,6.165798316737059e-05,—
debugging,24,6.165798316737059e-05,développement
billions,24,6.165798316737059e-05,—
denial,24,6.165798316737059e-05,—
chart,24,6.165798316737059e-05,—
hird,24,6.165798316737059e-05,—
heap,24,6.165798316737059e-05,—
vast,24,6.165798316737059e-05,—
generator,24,6.165798316737059e-05,—
strength,24,6.165798316737059e-05,—
route,24,6.165798316737059e-05,—
inance,24,6.165798316737059e-05,—
visible,24,6.165798316737059e-05,—
audience,24,6.165798316737059e-05,—
eperimentation,24,6.165798316737059e-05,—
policies,24,6.165798316737059e-05,—
named,24,6.165798316737059e-05,—
roll,24,6.165798316737059e-05,—
cryptoeconomics,24,6.165798316737059e-05,—
override,24,6.165798316737059e-05,—
aka,24,6.165798316737059e-05,—
ended,24,6.165798316737059e-05,—
merican,24,6.165798316737059e-05,—
leaf,24,6.165798316737059e-05,—
harding,24,6.165798316737059e-05,—
leader,24,6.165798316737059e-05,—
retrieval,24,6.165798316737059e-05,—
analyzing,24,6.165798316737059e-05,—
nthereum,24,6.165798316737059e-05,—
enthusiasts,24,6.165798316737059e-05,—
erformance,24,6.165798316737059e-05,—
nstitute,24,6.165798316737059e-05,—
deadline,24,6.165798316737059e-05,—
ech,24,6.165798316737059e-05,—
eek,24,6.165798316737059e-05,—
ef,24,6.165798316737059e-05,—
benchmarking,24,6.165798316737059e-05,—
erminal,24,6.165798316737059e-05,—
tanford,24,6.165798316737059e-05,—
udit,24,6.165798316737059e-05,—
attestations,24,6.165798316737059e-05,—
ubble,24,6.165798316737059e-05,—
eff,23,5.908890053539682e-05,—
suggested,23,5.908890053539682e-05,—
charge,23,5.908890053539682e-05,—
customers,23,5.908890053539682e-05,—
universal,23,5.908890053539682e-05,discours_vision
rights,23,5.908890053539682e-05,—
aniel,23,5.908890053539682e-05,—
driving,23,5.908890053539682e-05,—
solves,23,5.908890053539682e-05,—
leaving,23,5.908890053539682e-05,—
anywhere,23,5.908890053539682e-05,—
suggestions,23,5.908890053539682e-05,—
itcoi,23,5.908890053539682e-05,—
ovations,23,5.908890053539682e-05,—
personally,23,5.908890053539682e-05,—
securing,23,5.908890053539682e-05,—
incentivize,23,5.908890053539682e-05,—
reaching,23,5.908890053539682e-05,—
cities,23,5.908890053539682e-05,—
eddit,23,5.908890053539682e-05,—
anticipated,23,5.908890053539682e-05,—
debate,23,5.908890053539682e-05,—
heary,23,5.908890053539682e-05,—
technique,23,5.908890053539682e-05,—
realize,23,5.908890053539682e-05,—
professional,23,5.908890053539682e-05,—
assumes,23,5.908890053539682e-05,—
oing,23,5.908890053539682e-05,—
passing,23,5.908890053539682e-05,—
payout,23,5.908890053539682e-05,—
heard,23,5.908890053539682e-05,—
ndroid,23,5.908890053539682e-05,—
outcomes,23,5.908890053539682e-05,—
handled,23,5.908890053539682e-05,—
mass,23,5.908890053539682e-05,—
operational,23,5.908890053539682e-05,—
bject,23,5.908890053539682e-05,—
rough,23,5.908890053539682e-05,—
eposure,23,5.908890053539682e-05,—
secondary,23,5.908890053539682e-05,—
defining,23,5.908890053539682e-05,—
tangible,23,5.908890053539682e-05,—
turned,23,5.908890053539682e-05,—
rich,23,5.908890053539682e-05,—
foundational,23,5.908890053539682e-05,—
ssuming,23,5.908890053539682e-05,—
mode,23,5.908890053539682e-05,—
eploitable,23,5.908890053539682e-05,—
invited,23,5.908890053539682e-05,—
vectors,23,5.908890053539682e-05,—
centric,23,5.908890053539682e-05,—
eplicit,23,5.908890053539682e-05,—
holds,23,5.908890053539682e-05,—
marked,23,5.908890053539682e-05,—
cultural,23,5.908890053539682e-05,—
ad,23,5.908890053539682e-05,—
designing,23,5.908890053539682e-05,—
magnitude,23,5.908890053539682e-05,—
causing,23,5.908890053539682e-05,—
validated,23,5.908890053539682e-05,—
blockmaker,23,5.908890053539682e-05,—
welcoming,23,5.908890053539682e-05,—
continuous,23,5.908890053539682e-05,—
stress,23,5.908890053539682e-05,—
eperienced,23,5.908890053539682e-05,—
ontent,23,5.908890053539682e-05,—
regularly,23,5.908890053539682e-05,—
epochs,23,5.908890053539682e-05,—
prepared,23,5.908890053539682e-05,—
prize,23,5.908890053539682e-05,—
awareness,23,5.908890053539682e-05,—
abstractio,23,5.908890053539682e-05,—
mprovement,23,5.908890053539682e-05,—
iper,23,5.908890053539682e-05,—
precompiles,23,5.908890053539682e-05,—
uint,23,5.908890053539682e-05,—
ollow,23,5.908890053539682e-05,—
metering,23,5.908890053539682e-05,—
uppeth,23,5.908890053539682e-05,—
nalysis,23,5.908890053539682e-05,—
padina,23,5.908890053539682e-05,—
tudy,23,5.908890053539682e-05,—
resilient,22,5.651981790342305e-05,—
corruption,22,5.651981790342305e-05,—
facing,22,5.651981790342305e-05,—
sample,22,5.651981790342305e-05,—
solely,22,5.651981790342305e-05,—
owned,22,5.651981790342305e-05,—
correctness,22,5.651981790342305e-05,—
emerge,22,5.651981790342305e-05,—
overcome,22,5.651981790342305e-05,—
profits,22,5.651981790342305e-05,—
probabilistic,22,5.651981790342305e-05,—
oftware,22,5.651981790342305e-05,—
reviewing,22,5.651981790342305e-05,—
forking,22,5.651981790342305e-05,—
eception,22,5.651981790342305e-05,—
internally,22,5.651981790342305e-05,—
discounts,22,5.651981790342305e-05,—
obfuscation,22,5.651981790342305e-05,—
proprietary,22,5.651981790342305e-05,—
inefficient,22,5.651981790342305e-05,—
relationships,22,5.651981790342305e-05,—
addressed,22,5.651981790342305e-05,—
consequence,22,5.651981790342305e-05,—
contents,22,5.651981790342305e-05,—
door,22,5.651981790342305e-05,—
relationship,22,5.651981790342305e-05,—
stuff,22,5.651981790342305e-05,—
ey,22,5.651981790342305e-05,—
alue,22,5.651981790342305e-05,—
implements,22,5.651981790342305e-05,—
epiry,22,5.651981790342305e-05,—
serpent,22,5.651981790342305e-05,—
folder,22,5.651981790342305e-05,—
hallenge,22,5.651981790342305e-05,—
pricing,22,5.651981790342305e-05,—
economies,22,5.651981790342305e-05,—
respect,22,5.651981790342305e-05,—
fostering,22,5.651981790342305e-05,—
buying,22,5.651981790342305e-05,—
ranging,22,5.651981790342305e-05,—
destroy,22,5.651981790342305e-05,—
receipts,22,5.651981790342305e-05,—
arbitrarily,22,5.651981790342305e-05,—
lived,22,5.651981790342305e-05,—
drastically,22,5.651981790342305e-05,—
longest,22,5.651981790342305e-05,—
modules,22,5.651981790342305e-05,—
shipping,22,5.651981790342305e-05,—
considerations,22,5.651981790342305e-05,—
rewarded,22,5.651981790342305e-05,—
eyes,22,5.651981790342305e-05,—
articularly,22,5.651981790342305e-05,—
characters,22,5.651981790342305e-05,—
blockchai,22,5.651981790342305e-05,—
custody,22,5.651981790342305e-05,—
movement,22,5.651981790342305e-05,—
gather,22,5.651981790342305e-05,—
transferred,22,5.651981790342305e-05,—
eposed,22,5.651981790342305e-05,—
ecting,22,5.651981790342305e-05,—
describing,22,5.651981790342305e-05,—
featuring,22,5.651981790342305e-05,—
hristoph,22,5.651981790342305e-05,—
partners,22,5.651981790342305e-05,—
ambitious,22,5.651981790342305e-05,—
atch,22,5.651981790342305e-05,—
eplainer,22,5.651981790342305e-05,—
thorough,22,5.651981790342305e-05,—
subjectivity,22,5.651981790342305e-05,—
powered,22,5.651981790342305e-05,—
eager,22,5.651981790342305e-05,—
integrations,22,5.651981790342305e-05,—
ide,22,5.651981790342305e-05,développement
nfrastructure,22,5.651981790342305e-05,—
aiwan,22,5.651981790342305e-05,—
ocial,22,5.651981790342305e-05,—
enya,22,5.651981790342305e-05,—
proposes,22,5.651981790342305e-05,—
structs,22,5.651981790342305e-05,—
rolling,22,5.651981790342305e-05,—
pplication,22,5.651981790342305e-05,—
hive,22,5.651981790342305e-05,—
ests,22,5.651981790342305e-05,—
liveness,22,5.651981790342305e-05,—
mnemonic,22,5.651981790342305e-05,—
icket,22,5.651981790342305e-05,—
ethresear,22,5.651981790342305e-05,—
cout,22,5.651981790342305e-05,—
slashed,22,5.651981790342305e-05,—
ity,22,5.651981790342305e-05,—
blst,22,5.651981790342305e-05,—
ptimism,22,5.651981790342305e-05,—
grassroots,22,5.651981790342305e-05,—
stitutio,22,5.651981790342305e-05,—
industries,21,5.395073527144927e-05,—
preferred,21,5.395073527144927e-05,—
evidence,21,5.395073527144927e-05,—
ltimately,21,5.395073527144927e-05,—
argue,21,5.395073527144927e-05,—
somehow,21,5.395073527144927e-05,—
savings,21,5.395073527144927e-05,—
estimated,21,5.395073527144927e-05,—
usable,21,5.395073527144927e-05,—
revealed,21,5.395073527144927e-05,—
iners,21,5.395073527144927e-05,—
opposite,21,5.395073527144927e-05,—
resolve,21,5.395073527144927e-05,—
gold,21,5.395073527144927e-05,—
incorrect,21,5.395073527144927e-05,—
talented,21,5.395073527144927e-05,—
startup,21,5.395073527144927e-05,—
standing,21,5.395073527144927e-05,—
queue,21,5.395073527144927e-05,—
solo,21,5.395073527144927e-05,—
rise,21,5.395073527144927e-05,—
eplanation,21,5.395073527144927e-05,—
enjoy,21,5.395073527144927e-05,—
supposed,21,5.395073527144927e-05,—
comments,21,5.395073527144927e-05,—
beautiful,21,5.395073527144927e-05,—
engineer,21,5.395073527144927e-05,—
swap,21,5.395073527144927e-05,defi_finance
compare,21,5.395073527144927e-05,—
aving,21,5.395073527144927e-05,—
mature,21,5.395073527144927e-05,—
sophisticated,21,5.395073527144927e-05,—
receives,21,5.395073527144927e-05,—
judge,21,5.395073527144927e-05,—
till,21,5.395073527144927e-05,—
accessing,21,5.395073527144927e-05,—
tackle,21,5.395073527144927e-05,—
comparison,21,5.395073527144927e-05,—
nyone,21,5.395073527144927e-05,—
puzzle,21,5.395073527144927e-05,—
essage,21,5.395073527144927e-05,—
recorded,21,5.395073527144927e-05,—
comfortable,21,5.395073527144927e-05,—
strings,21,5.395073527144927e-05,—
mark,21,5.395073527144927e-05,—
hough,21,5.395073527144927e-05,—
legacy,21,5.395073527144927e-05,—
architectures,21,5.395073527144927e-05,—
hiring,21,5.395073527144927e-05,—
inform,21,5.395073527144927e-05,—
configured,21,5.395073527144927e-05,—
causes,21,5.395073527144927e-05,—
aggregation,21,5.395073527144927e-05,—
adopt,21,5.395073527144927e-05,—
pipeline,21,5.395073527144927e-05,—
firms,21,5.395073527144927e-05,—
slower,21,5.395073527144927e-05,—
dding,21,5.395073527144927e-05,—
workflow,21,5.395073527144927e-05,—
ogether,21,5.395073527144927e-05,—
amfir,21,5.395073527144927e-05,—
interfaces,21,5.395073527144927e-05,—
advancements,21,5.395073527144927e-05,—
settlement,21,5.395073527144927e-05,—
versio,21,5.395073527144927e-05,—
tradeoffs,21,5.395073527144927e-05,—
volume,21,5.395073527144927e-05,—
threat,21,5.395073527144927e-05,sécurité
acceleration,21,5.395073527144927e-05,—
odes,21,5.395073527144927e-05,—
ational,21,5.395073527144927e-05,—
reviewed,21,5.395073527144927e-05,—
separation,21,5.395073527144927e-05,—
promoting,21,5.395073527144927e-05,—
prototypes,21,5.395073527144927e-05,—
manager,21,5.395073527144927e-05,—
ource,21,5.395073527144927e-05,—
tarting,21,5.395073527144927e-05,—
apanese,21,5.395073527144927e-05,—
estimator,21,5.395073527144927e-05,—
plugins,21,5.395073527144927e-05,—
alo,21,5.395073527144927e-05,—
uture,21,5.395073527144927e-05,—
indows,21,5.395073527144927e-05,—
eperimenting,21,5.395073527144927e-05,—
parity,21,5.395073527144927e-05,—
assess,21,5.395073527144927e-05,—
corner,21,5.395073527144927e-05,—
lients,21,5.395073527144927e-05,—
summary,21,5.395073527144927e-05,—
igital,21,5.395073527144927e-05,—
uilders,21,5.395073527144927e-05,—
fiber,21,5.395073527144927e-05,—
staked,21,5.395073527144927e-05,—
settings,21,5.395073527144927e-05,—
approved,21,5.395073527144927e-05,—
delete,21,5.395073527144927e-05,—
uthority,21,5.395073527144927e-05,—
ships,21,5.395073527144927e-05,—
config,21,5.395073527144927e-05,—
frican,21,5.395073527144927e-05,—
oreover,21,5.395073527144927e-05,—
reorganisation,21,5.395073527144927e-05,—
temporary,21,5.395073527144927e-05,—
etending,21,5.395073527144927e-05,—
preparation,21,5.395073527144927e-05,—
bstraction,21,5.395073527144927e-05,—
benchmark,21,5.395073527144927e-05,—
bomb,21,5.395073527144927e-05,—
configure,21,5.395073527144927e-05,—
rysmatic,21,5.395073527144927e-05,—
plorations,21,5.395073527144927e-05,—
educate,21,5.395073527144927e-05,—
onduras,21,5.395073527144927e-05,—
aseline,21,5.395073527144927e-05,—
pecifications,21,5.395073527144927e-05,—
uatemala,21,5.395073527144927e-05,—
uenos,21,5.395073527144927e-05,—
ires,21,5.395073527144927e-05,—
lob,21,5.395073527144927e-05,—
staying,20,5.13816526394755e-05,—
equally,20,5.13816526394755e-05,—
combining,20,5.13816526394755e-05,—
passport,20,5.13816526394755e-05,—
print,20,5.13816526394755e-05,—
ab,20,5.13816526394755e-05,—
acting,20,5.13816526394755e-05,—
shareholders,20,5.13816526394755e-05,—
eploration,20,5.13816526394755e-05,—
fewer,20,5.13816526394755e-05,—
definitely,20,5.13816526394755e-05,—
aking,20,5.13816526394755e-05,—
middle,20,5.13816526394755e-05,—
dozens,20,5.13816526394755e-05,—
respectively,20,5.13816526394755e-05,—
scripting,20,5.13816526394755e-05,—
aster,20,5.13816526394755e-05,—
matching,20,5.13816526394755e-05,—
incentivization,20,5.13816526394755e-05,—
synta,20,5.13816526394755e-05,—
says,20,5.13816526394755e-05,—
elegant,20,5.13816526394755e-05,—
assembly,20,5.13816526394755e-05,—
researcher,20,5.13816526394755e-05,—
intuitive,20,5.13816526394755e-05,—
homomorphic,20,5.13816526394755e-05,—
integrity,20,5.13816526394755e-05,—
lets,20,5.13816526394755e-05,—
carry,20,5.13816526394755e-05,—
dominant,20,5.13816526394755e-05,—
knowing,20,5.13816526394755e-05,—
desirable,20,5.13816526394755e-05,—
purchases,20,5.13816526394755e-05,—
circumstances,20,5.13816526394755e-05,—
attending,20,5.13816526394755e-05,—
pushed,20,5.13816526394755e-05,—
uide,20,5.13816526394755e-05,—
standardized,20,5.13816526394755e-05,—
identifying,20,5.13816526394755e-05,—
drops,20,5.13816526394755e-05,—
trustworthy,20,5.13816526394755e-05,—
intent,20,5.13816526394755e-05,—
inu,20,5.13816526394755e-05,—
debug,20,5.13816526394755e-05,—
queries,20,5.13816526394755e-05,—
arty,20,5.13816526394755e-05,—
persistent,20,5.13816526394755e-05,—
rewrite,20,5.13816526394755e-05,—
membership,20,5.13816526394755e-05,—
graph,20,5.13816526394755e-05,—
rd,20,5.13816526394755e-05,—
school,20,5.13816526394755e-05,—
challenger,20,5.13816526394755e-05,—
manipulation,20,5.13816526394755e-05,—
immediate,20,5.13816526394755e-05,—
heir,20,5.13816526394755e-05,—
emember,20,5.13816526394755e-05,—
confirmation,20,5.13816526394755e-05,—
row,20,5.13816526394755e-05,—
minds,20,5.13816526394755e-05,—
void,20,5.13816526394755e-05,—
element,20,5.13816526394755e-05,—
dynamics,20,5.13816526394755e-05,—
demonstrate,20,5.13816526394755e-05,—
analyses,20,5.13816526394755e-05,—
fragility,20,5.13816526394755e-05,—
sound,20,5.13816526394755e-05,—
specifying,20,5.13816526394755e-05,—
dependency,20,5.13816526394755e-05,—
conferences,20,5.13816526394755e-05,—
curated,20,5.13816526394755e-05,—
refactoring,20,5.13816526394755e-05,—
pair,20,5.13816526394755e-05,—
eplains,20,5.13816526394755e-05,—
backwards,20,5.13816526394755e-05,—
demonstrating,20,5.13816526394755e-05,—
eli,20,5.13816526394755e-05,—
panels,20,5.13816526394755e-05,—
pect,20,5.13816526394755e-05,—
authenticated,20,5.13816526394755e-05,—
mainly,20,5.13816526394755e-05,—
window,20,5.13816526394755e-05,—
ean,20,5.13816526394755e-05,—
committee,20,5.13816526394755e-05,gouvernance
tart,20,5.13816526394755e-05,—
perience,20,5.13816526394755e-05,—
pending,20,5.13816526394755e-05,—
burden,20,5.13816526394755e-05,—
east,20,5.13816526394755e-05,—
handful,20,5.13816526394755e-05,—
ethash,20,5.13816526394755e-05,—
eport,20,5.13816526394755e-05,—
ue,20,5.13816526394755e-05,—
chapter,20,5.13816526394755e-05,—
impacts,20,5.13816526394755e-05,—
sponsorship,20,5.13816526394755e-05,—
permissioned,20,5.13816526394755e-05,—
endpoints,20,5.13816526394755e-05,—
continuously,20,5.13816526394755e-05,—
nt,20,5.13816526394755e-05,—
arl,20,5.13816526394755e-05,—
yan,20,5.13816526394755e-05,—
ollege,20,5.13816526394755e-05,—
raffle,20,5.13816526394755e-05,—
season,20,5.13816526394755e-05,—
beam,20,5.13816526394755e-05,—
grantee,20,5.13816526394755e-05,—
oir,20,5.13816526394755e-05,—
atam,20,5.13816526394755e-05,—
ranslatathon,20,5.13816526394755e-05,—
reliably,19,4.881257000750172e-05,—
deliberately,19,4.881257000750172e-05,—
identical,19,4.881257000750172e-05,—
convince,19,4.881257000750172e-05,—
death,19,4.881257000750172e-05,—
employees,19,4.881257000750172e-05,—
marketing,19,4.881257000750172e-05,—
ecret,19,4.881257000750172e-05,—
integers,19,4.881257000750172e-05,—
surprisingly,19,4.881257000750172e-05,—
obtain,19,4.881257000750172e-05,—
median,19,4.881257000750172e-05,—
trusting,19,4.881257000750172e-05,—
cheating,19,4.881257000750172e-05,—
investment,19,4.881257000750172e-05,—
technological,19,4.881257000750172e-05,—
issued,19,4.881257000750172e-05,—
basefee,19,4.881257000750172e-05,—
oseph,19,4.881257000750172e-05,—
compete,19,4.881257000750172e-05,—
materials,19,4.881257000750172e-05,—
regulatory,19,4.881257000750172e-05,—
roblem,19,4.881257000750172e-05,—
restrictions,19,4.881257000750172e-05,—
indices,19,4.881257000750172e-05,—
codes,19,4.881257000750172e-05,—
universe,19,4.881257000750172e-05,—
succinct,19,4.881257000750172e-05,—
toolkit,19,4.881257000750172e-05,—
oes,19,4.881257000750172e-05,—
flags,19,4.881257000750172e-05,—
finite,19,4.881257000750172e-05,—
evolution,19,4.881257000750172e-05,—
fortunately,19,4.881257000750172e-05,—
finalize,19,4.881257000750172e-05,—
george,19,4.881257000750172e-05,—
respective,19,4.881257000750172e-05,—
specifies,19,4.881257000750172e-05,—
consumed,19,4.881257000750172e-05,—
oinbase,19,4.881257000750172e-05,—
predict,19,4.881257000750172e-05,—
investigation,19,4.881257000750172e-05,—
eanwhile,19,4.881257000750172e-05,—
downloaded,19,4.881257000750172e-05,—
advice,19,4.881257000750172e-05,—
individually,19,4.881257000750172e-05,—
addr,19,4.881257000750172e-05,—
registered,19,4.881257000750172e-05,—
refunds,19,4.881257000750172e-05,—
empirical,19,4.881257000750172e-05,—
dimensional,19,4.881257000750172e-05,—
overflow,19,4.881257000750172e-05,—
crisis,19,4.881257000750172e-05,—
surrounding,19,4.881257000750172e-05,—
suggests,19,4.881257000750172e-05,—
terminology,19,4.881257000750172e-05,—
dream,19,4.881257000750172e-05,—
investors,19,4.881257000750172e-05,—
corporate,19,4.881257000750172e-05,—
edges,19,4.881257000750172e-05,—
combines,19,4.881257000750172e-05,—
contrast,19,4.881257000750172e-05,—
espite,19,4.881257000750172e-05,—
performs,19,4.881257000750172e-05,—
removes,19,4.881257000750172e-05,—
conclusion,19,4.881257000750172e-05,—
hose,19,4.881257000750172e-05,—
cool,19,4.881257000750172e-05,—
touched,19,4.881257000750172e-05,—
choices,19,4.881257000750172e-05,—
mechanics,19,4.881257000750172e-05,—
ini,19,4.881257000750172e-05,—
ebsite,19,4.881257000750172e-05,—
eed,19,4.881257000750172e-05,—
confidence,19,4.881257000750172e-05,—
fellow,19,4.881257000750172e-05,—
heart,19,4.881257000750172e-05,—
intensive,19,4.881257000750172e-05,—
abandoned,19,4.881257000750172e-05,—
asm,19,4.881257000750172e-05,—
rchive,19,4.881257000750172e-05,—
vector,19,4.881257000750172e-05,—
refined,19,4.881257000750172e-05,—
creator,19,4.881257000750172e-05,—
bounds,19,4.881257000750172e-05,—
credit,19,4.881257000750172e-05,—
improves,19,4.881257000750172e-05,—
artists,19,4.881257000750172e-05,—
delegation,19,4.881257000750172e-05,gouvernance
prototyping,19,4.881257000750172e-05,—
brand,19,4.881257000750172e-05,—
traffic,19,4.881257000750172e-05,—
ackatho,19,4.881257000750172e-05,—
accelerate,19,4.881257000750172e-05,—
metacoins,19,4.881257000750172e-05,—
stablecoins,19,4.881257000750172e-05,—
material,19,4.881257000750172e-05,—
eries,19,4.881257000750172e-05,—
boolean,19,4.881257000750172e-05,—
ar,19,4.881257000750172e-05,—
unchanged,19,4.881257000750172e-05,—
coordinator,19,4.881257000750172e-05,—
lay,19,4.881257000750172e-05,—
auditors,19,4.881257000750172e-05,—
newcomers,19,4.881257000750172e-05,—
gaps,19,4.881257000750172e-05,—
dpp,19,4.881257000750172e-05,—
courses,19,4.881257000750172e-05,—
ploring,19,4.881257000750172e-05,—
itter,19,4.881257000750172e-05,—
food,19,4.881257000750172e-05,—
roofs,19,4.881257000750172e-05,—
wise,19,4.881257000750172e-05,—
inality,19,4.881257000750172e-05,—
iscovery,19,4.881257000750172e-05,—
criteria,19,4.881257000750172e-05,—
celebrate,19,4.881257000750172e-05,—
casper,19,4.881257000750172e-05,protocolaire
simulations,19,4.881257000750172e-05,—
namespace,19,4.881257000750172e-05,—
slashing,19,4.881257000750172e-05,gouvernance
urkish,19,4.881257000750172e-05,—
undergoing,19,4.881257000750172e-05,—
allocations,19,4.881257000750172e-05,—
covers,19,4.881257000750172e-05,—
activation,19,4.881257000750172e-05,—
transitioned,19,4.881257000750172e-05,—
competing,18,4.624348737552795e-05,—
massively,18,4.624348737552795e-05,—
honestly,18,4.624348737552795e-05,—
certificate,18,4.624348737552795e-05,—
fake,18,4.624348737552795e-05,—
confirm,18,4.624348737552795e-05,—
pressure,18,4.624348737552795e-05,—
budget,18,4.624348737552795e-05,—
dangerous,18,4.624348737552795e-05,—
ro,18,4.624348737552795e-05,—
professionals,18,4.624348737552795e-05,—
equation,18,4.624348737552795e-05,—
aspect,18,4.624348737552795e-05,—
multiparty,18,4.624348737552795e-05,—
statements,18,4.624348737552795e-05,—
dd,18,4.624348737552795e-05,—
representing,18,4.624348737552795e-05,—
formed,18,4.624348737552795e-05,—
hostile,18,4.624348737552795e-05,—
bond,18,4.624348737552795e-05,—
lucky,18,4.624348737552795e-05,—
distinct,18,4.624348737552795e-05,—
iu,18,4.624348737552795e-05,—
alternatives,18,4.624348737552795e-05,—
html,18,4.624348737552795e-05,—
placed,18,4.624348737552795e-05,—
lazy,18,4.624348737552795e-05,—
specificatio,18,4.624348737552795e-05,—
deduplication,18,4.624348737552795e-05,—
automatic,18,4.624348737552795e-05,—
loops,18,4.624348737552795e-05,—
maimally,18,4.624348737552795e-05,—
watching,18,4.624348737552795e-05,—
scratch,18,4.624348737552795e-05,—
inherent,18,4.624348737552795e-05,—
navigate,18,4.624348737552795e-05,—
passionate,18,4.624348737552795e-05,—
unlike,18,4.624348737552795e-05,—
tet,18,4.624348737552795e-05,—
manages,18,4.624348737552795e-05,—
percent,18,4.624348737552795e-05,—
begins,18,4.624348737552795e-05,—
claims,18,4.624348737552795e-05,—
merging,18,4.624348737552795e-05,—
torage,18,4.624348737552795e-05,—
deterministic,18,4.624348737552795e-05,—
produces,18,4.624348737552795e-05,—
acts,18,4.624348737552795e-05,—
spot,18,4.624348737552795e-05,—
sudo,18,4.624348737552795e-05,—
init,18,4.624348737552795e-05,—
seeks,18,4.624348737552795e-05,—
viewed,18,4.624348737552795e-05,—
undesirable,18,4.624348737552795e-05,—
resolution,18,4.624348737552795e-05,—
sees,18,4.624348737552795e-05,—
rowser,18,4.624348737552795e-05,—
typical,18,4.624348737552795e-05,—
debugger,18,4.624348737552795e-05,—
assistance,18,4.624348737552795e-05,—
dirty,18,4.624348737552795e-05,—
reliability,18,4.624348737552795e-05,—
inefficiencies,18,4.624348737552795e-05,—
continually,18,4.624348737552795e-05,—
tephan,18,4.624348737552795e-05,—
satisfy,18,4.624348737552795e-05,—
ools,18,4.624348737552795e-05,—
discounted,18,4.624348737552795e-05,—
white,18,4.624348737552795e-05,—
waste,18,4.624348737552795e-05,—
metadata,18,4.624348737552795e-05,—
ao,18,4.624348737552795e-05,—
destroyed,18,4.624348737552795e-05,—
display,18,4.624348737552795e-05,—
ecitement,18,4.624348737552795e-05,—
kicked,18,4.624348737552795e-05,—
etensions,18,4.624348737552795e-05,—
splitting,18,4.624348737552795e-05,—
compilation,18,4.624348737552795e-05,—
branches,18,4.624348737552795e-05,—
publication,18,4.624348737552795e-05,—
invaluable,18,4.624348737552795e-05,—
productive,18,4.624348737552795e-05,—
signal,18,4.624348737552795e-05,—
outlined,18,4.624348737552795e-05,—
describes,18,4.624348737552795e-05,—
van,18,4.624348737552795e-05,—
shout,18,4.624348737552795e-05,—
notable,18,4.624348737552795e-05,—
robustness,18,4.624348737552795e-05,—
onday,18,4.624348737552795e-05,—
showcase,18,4.624348737552795e-05,—
migrate,18,4.624348737552795e-05,—
shorter,18,4.624348737552795e-05,—
highlighting,18,4.624348737552795e-05,—
additions,18,4.624348737552795e-05,—
eview,18,4.624348737552795e-05,—
playing,18,4.624348737552795e-05,—
advisory,18,4.624348737552795e-05,—
served,18,4.624348737552795e-05,—
conversation,18,4.624348737552795e-05,—
uilder,18,4.624348737552795e-05,—
ðξgrants,18,4.624348737552795e-05,—
ummary,18,4.624348737552795e-05,—
formats,18,4.624348737552795e-05,—
sponsor,18,4.624348737552795e-05,—
consortium,18,4.624348737552795e-05,—
listening,18,4.624348737552795e-05,—
gitter,18,4.624348737552795e-05,—
onsensys,18,4.624348737552795e-05,—
sentence,18,4.624348737552795e-05,—
oq,18,4.624348737552795e-05,—
jameson,18,4.624348737552795e-05,—
migration,18,4.624348737552795e-05,—
md,18,4.624348737552795e-05,—
ocal,18,4.624348737552795e-05,—
ersion,18,4.624348737552795e-05,—
const,18,4.624348737552795e-05,—
arcelona,18,4.624348737552795e-05,—
ustin,18,4.624348737552795e-05,—
frontend,18,4.624348737552795e-05,usages
harityplitter,18,4.624348737552795e-05,—
hainafe,18,4.624348737552795e-05,—
ecipient,18,4.624348737552795e-05,—
yrmont,18,4.624348737552795e-05,—
mentorship,18,4.624348737552795e-05,—
ummithare,18,4.624348737552795e-05,—
thag,18,4.624348737552795e-05,—
nder,17,4.367440474355417e-05,—
attempts,17,4.367440474355417e-05,—
collecting,17,4.367440474355417e-05,—
assign,17,4.367440474355417e-05,—
figuring,17,4.367440474355417e-05,—
wealth,17,4.367440474355417e-05,—
ec,17,4.367440474355417e-05,—
flow,17,4.367440474355417e-05,—
useless,17,4.367440474355417e-05,—
haring,17,4.367440474355417e-05,—
twenty,17,4.367440474355417e-05,—
resolved,17,4.367440474355417e-05,—
alive,17,4.367440474355417e-05,—
estimates,17,4.367440474355417e-05,—
concerned,17,4.367440474355417e-05,—
leaks,17,4.367440474355417e-05,—
measured,17,4.367440474355417e-05,—
losses,17,4.367440474355417e-05,—
logs,17,4.367440474355417e-05,—
controls,17,4.367440474355417e-05,—
emory,17,4.367440474355417e-05,—
falls,17,4.367440474355417e-05,—
provably,17,4.367440474355417e-05,—
privilege,17,4.367440474355417e-05,—
whitepaper,17,4.367440474355417e-05,recherche
browsers,17,4.367440474355417e-05,—
eplaining,17,4.367440474355417e-05,—
ledger,17,4.367440474355417e-05,—
accurately,17,4.367440474355417e-05,—
hris,17,4.367440474355417e-05,—
worst,17,4.367440474355417e-05,—
floor,17,4.367440474355417e-05,—
simulate,17,4.367440474355417e-05,—
assumed,17,4.367440474355417e-05,—
eploited,17,4.367440474355417e-05,—
heoretically,17,4.367440474355417e-05,—
reating,17,4.367440474355417e-05,—
trick,17,4.367440474355417e-05,—
crazy,17,4.367440474355417e-05,—
motivations,17,4.367440474355417e-05,—
quest,17,4.367440474355417e-05,—
enforced,17,4.367440474355417e-05,—
ociety,17,4.367440474355417e-05,—
accepts,17,4.367440474355417e-05,—
lternatively,17,4.367440474355417e-05,—
lie,17,4.367440474355417e-05,—
eiko,17,4.367440474355417e-05,—
startups,17,4.367440474355417e-05,—
literally,17,4.367440474355417e-05,—
ffects,17,4.367440474355417e-05,—
itorrent,17,4.367440474355417e-05,—
istributed,17,4.367440474355417e-05,—
directed,17,4.367440474355417e-05,—
reject,17,4.367440474355417e-05,—
etter,17,4.367440474355417e-05,—
selfish,17,4.367440474355417e-05,—
refuse,17,4.367440474355417e-05,—
ure,17,4.367440474355417e-05,—
deemed,17,4.367440474355417e-05,—
suited,17,4.367440474355417e-05,—
ncentives,17,4.367440474355417e-05,—
appreciate,17,4.367440474355417e-05,—
ess,17,4.367440474355417e-05,—
comment,17,4.367440474355417e-05,—
protected,17,4.367440474355417e-05,—
gavin,17,4.367440474355417e-05,—
wood,17,4.367440474355417e-05,—
forget,17,4.367440474355417e-05,—
brief,17,4.367440474355417e-05,—
notion,17,4.367440474355417e-05,—
metric,17,4.367440474355417e-05,—
justified,17,4.367440474355417e-05,—
objectives,17,4.367440474355417e-05,—
inter,17,4.367440474355417e-05,—
pattern,17,4.367440474355417e-05,—
tolerance,17,4.367440474355417e-05,—
beneficial,17,4.367440474355417e-05,—
reate,17,4.367440474355417e-05,—
av,17,4.367440474355417e-05,—
hosts,17,4.367440474355417e-05,—
privately,17,4.367440474355417e-05,—
epert,17,4.367440474355417e-05,—
preview,17,4.367440474355417e-05,—
programmable,17,4.367440474355417e-05,—
wiss,17,4.367440474355417e-05,—
compromised,17,4.367440474355417e-05,—
ephemeral,17,4.367440474355417e-05,—
rogress,17,4.367440474355417e-05,—
wanting,17,4.367440474355417e-05,—
ramework,17,4.367440474355417e-05,—
receipt,17,4.367440474355417e-05,—
maintainers,17,4.367440474355417e-05,—
trustless,17,4.367440474355417e-05,discours_vision
iscussion,17,4.367440474355417e-05,—
requesting,17,4.367440474355417e-05,—
pected,17,4.367440474355417e-05,—
walk,17,4.367440474355417e-05,—
timeline,17,4.367440474355417e-05,—
badges,17,4.367440474355417e-05,—
renamed,17,4.367440474355417e-05,—
vibrant,17,4.367440474355417e-05,—
seek,17,4.367440474355417e-05,—
setups,17,4.367440474355417e-05,—
registrar,17,4.367440474355417e-05,—
stats,17,4.367440474355417e-05,—
elp,17,4.367440474355417e-05,—
born,17,4.367440474355417e-05,—
ingapore,17,4.367440474355417e-05,—
everal,17,4.367440474355417e-05,—
edium,17,4.367440474355417e-05,—
aniang,17,4.367440474355417e-05,—
reviews,17,4.367440474355417e-05,—
hanges,17,4.367440474355417e-05,—
ummer,17,4.367440474355417e-05,—
javascript,17,4.367440474355417e-05,—
ain,17,4.367440474355417e-05,—
deployments,17,4.367440474355417e-05,—
mitigating,17,4.367440474355417e-05,—
visualization,17,4.367440474355417e-05,—
utilizing,17,4.367440474355417e-05,—
ewasm,17,4.367440474355417e-05,—
sector,17,4.367440474355417e-05,—
outstanding,17,4.367440474355417e-05,—
untime,17,4.367440474355417e-05,—
upporters,17,4.367440474355417e-05,—
leth,17,4.367440474355417e-05,—
lockchai,17,4.367440474355417e-05,—
inquiry,17,4.367440474355417e-05,—
chunking,17,4.367440474355417e-05,—
ormat,17,4.367440474355417e-05,—
pplied,17,4.367440474355417e-05,—
transcript,17,4.367440474355417e-05,—
izzy,17,4.367440474355417e-05,—
ontributions,17,4.367440474355417e-05,—
ikhail,17,4.367440474355417e-05,—
mphora,17,4.367440474355417e-05,—
ithdrawals,17,4.367440474355417e-05,—
heritage,17,4.367440474355417e-05,—
gnark,17,4.367440474355417e-05,—
author,16,4.11053221115804e-05,—
constructions,16,4.11053221115804e-05,—
register,16,4.11053221115804e-05,—
bi,16,4.11053221115804e-05,—
lt,16,4.11053221115804e-05,—
tt,16,4.11053221115804e-05,—
directors,16,4.11053221115804e-05,—
intelligence,16,4.11053221115804e-05,—
ook,16,4.11053221115804e-05,—
proves,16,4.11053221115804e-05,—
shown,16,4.11053221115804e-05,—
weather,16,4.11053221115804e-05,—
omputer,16,4.11053221115804e-05,—
inspiration,16,4.11053221115804e-05,—
player,16,4.11053221115804e-05,—
prominent,16,4.11053221115804e-05,—
carefully,16,4.11053221115804e-05,—
outreach,16,4.11053221115804e-05,—
completeness,16,4.11053221115804e-05,—
oard,16,4.11053221115804e-05,—
universities,16,4.11053221115804e-05,—
filter,16,4.11053221115804e-05,—
roles,16,4.11053221115804e-05,—
senders,16,4.11053221115804e-05,—
eo,16,4.11053221115804e-05,—
oo,16,4.11053221115804e-05,—
arket,16,4.11053221115804e-05,—
burned,16,4.11053221115804e-05,—
nhis,16,4.11053221115804e-05,—
folding,16,4.11053221115804e-05,—
therwise,16,4.11053221115804e-05,—
failed,16,4.11053221115804e-05,—
enterprise,16,4.11053221115804e-05,usages
train,16,4.11053221115804e-05,—
reverse,16,4.11053221115804e-05,—
transfers,16,4.11053221115804e-05,—
powers,16,4.11053221115804e-05,—
approaching,16,4.11053221115804e-05,—
desktop,16,4.11053221115804e-05,—
defense,16,4.11053221115804e-05,—
ining,16,4.11053221115804e-05,—
forming,16,4.11053221115804e-05,—
asks,16,4.11053221115804e-05,—
slight,16,4.11053221115804e-05,—
intrinsic,16,4.11053221115804e-05,—
issuing,16,4.11053221115804e-05,—
ccounts,16,4.11053221115804e-05,—
herefore,16,4.11053221115804e-05,—
micro,16,4.11053221115804e-05,—
relative,16,4.11053221115804e-05,—
albeit,16,4.11053221115804e-05,—
tutorial,16,4.11053221115804e-05,—
informal,16,4.11053221115804e-05,—
filled,16,4.11053221115804e-05,—
pyethtool,16,4.11053221115804e-05,—
steady,16,4.11053221115804e-05,—
institutional,16,4.11053221115804e-05,—
inherently,16,4.11053221115804e-05,—
liquid,16,4.11053221115804e-05,—
sustainability,16,4.11053221115804e-05,—
engines,16,4.11053221115804e-05,—
eceptional,16,4.11053221115804e-05,—
designated,16,4.11053221115804e-05,—
rocess,16,4.11053221115804e-05,—
cent,16,4.11053221115804e-05,—
normally,16,4.11053221115804e-05,—
pairs,16,4.11053221115804e-05,—
mapping,16,4.11053221115804e-05,—
ulti,16,4.11053221115804e-05,—
hacked,16,4.11053221115804e-05,—
supplied,16,4.11053221115804e-05,—
saved,16,4.11053221115804e-05,—
refund,16,4.11053221115804e-05,—
election,16,4.11053221115804e-05,—
ate,16,4.11053221115804e-05,—
unified,16,4.11053221115804e-05,—
tates,16,4.11053221115804e-05,—
erasure,16,4.11053221115804e-05,—
delivered,16,4.11053221115804e-05,—
national,16,4.11053221115804e-05,—
differential,16,4.11053221115804e-05,—
eceeds,16,4.11053221115804e-05,—
enhanced,16,4.11053221115804e-05,—
preference,16,4.11053221115804e-05,—
timeout,16,4.11053221115804e-05,—
randomness,16,4.11053221115804e-05,—
npecial,16,4.11053221115804e-05,—
checkpoints,16,4.11053221115804e-05,—
arek,16,4.11053221115804e-05,—
audited,16,4.11053221115804e-05,—
hoping,16,4.11053221115804e-05,—
character,16,4.11053221115804e-05,—
compression,16,4.11053221115804e-05,—
decentralisation,16,4.11053221115804e-05,—
ducatio,16,4.11053221115804e-05,—
sponsorships,16,4.11053221115804e-05,—
relating,16,4.11053221115804e-05,—
estimators,16,4.11053221115804e-05,—
sidechains,16,4.11053221115804e-05,—
utta,16,4.11053221115804e-05,—
recording,16,4.11053221115804e-05,—
night,16,4.11053221115804e-05,—
attended,16,4.11053221115804e-05,—
delayed,16,4.11053221115804e-05,—
guidelines,16,4.11053221115804e-05,—
hacker,16,4.11053221115804e-05,—
reliance,16,4.11053221115804e-05,—
igeria,16,4.11053221115804e-05,—
investigate,16,4.11053221115804e-05,—
gained,16,4.11053221115804e-05,—
virtuous,16,4.11053221115804e-05,—
bribing,16,4.11053221115804e-05,—
repositories,16,4.11053221115804e-05,—
lbert,16,4.11053221115804e-05,—
curious,16,4.11053221115804e-05,—
cademy,16,4.11053221115804e-05,—
esides,16,4.11053221115804e-05,—
creative,16,4.11053221115804e-05,—
terminal,16,4.11053221115804e-05,—
certainty,16,4.11053221115804e-05,—
ugur,16,4.11053221115804e-05,—
regions,16,4.11053221115804e-05,—
countdown,16,4.11053221115804e-05,—
vailability,16,4.11053221115804e-05,—
etworking,16,4.11053221115804e-05,—
agenda,16,4.11053221115804e-05,—
reversion,16,4.11053221115804e-05,—
laid,16,4.11053221115804e-05,—
estnet,16,4.11053221115804e-05,—
switched,16,4.11053221115804e-05,—
abi,16,4.11053221115804e-05,—
wende,16,4.11053221115804e-05,—
empower,16,4.11053221115804e-05,—
inary,16,4.11053221115804e-05,—
arning,16,4.11053221115804e-05,—
vm,16,4.11053221115804e-05,—
momentum,16,4.11053221115804e-05,—
fuzz,16,4.11053221115804e-05,—
unicorn,16,4.11053221115804e-05,—
json,16,4.11053221115804e-05,—
perspectives,16,4.11053221115804e-05,—
routing,16,4.11053221115804e-05,—
ens,16,4.11053221115804e-05,—
uzz,16,4.11053221115804e-05,—
plasma,16,4.11053221115804e-05,—
siao,16,4.11053221115804e-05,—
ducational,16,4.11053221115804e-05,—
missed,16,4.11053221115804e-05,—
strengthen,16,4.11053221115804e-05,—
sunset,16,4.11053221115804e-05,—
pecificatio,16,4.11053221115804e-05,—
swag,16,4.11053221115804e-05,—
fficient,16,4.11053221115804e-05,—
aintenance,16,4.11053221115804e-05,—
inalized,16,4.11053221115804e-05,—
rrow,16,4.11053221115804e-05,—
mentors,16,4.11053221115804e-05,—
ürkiye,16,4.11053221115804e-05,—
randine,16,4.11053221115804e-05,—
ekong,16,4.11053221115804e-05,—
bootstrapping,15,3.853623947960662e-05,—
talked,15,3.853623947960662e-05,—
competitive,15,3.853623947960662e-05,—
claiming,15,3.853623947960662e-05,—
acquire,15,3.853623947960662e-05,—
statistical,15,3.853623947960662e-05,—
signs,15,3.853623947960662e-05,—
certificates,15,3.853623947960662e-05,—
targets,15,3.853623947960662e-05,—
placing,15,3.853623947960662e-05,—
distance,15,3.853623947960662e-05,—
ta,15,3.853623947960662e-05,—
cube,15,3.853623947960662e-05,—
divided,15,3.853623947960662e-05,—
converting,15,3.853623947960662e-05,—
acceptable,15,3.853623947960662e-05,—
quasi,15,3.853623947960662e-05,—
takeover,15,3.853623947960662e-05,—
creativity,15,3.853623947960662e-05,—
locks,15,3.853623947960662e-05,—
wins,15,3.853623947960662e-05,—
wrote,15,3.853623947960662e-05,—
sheer,15,3.853623947960662e-05,—
numerous,15,3.853623947960662e-05,—
inancial,15,3.853623947960662e-05,—
enver,15,3.853623947960662e-05,—
talent,15,3.853623947960662e-05,—
constructed,15,3.853623947960662e-05,—
hroughout,15,3.853623947960662e-05,—
mandatory,15,3.853623947960662e-05,—
ees,15,3.853623947960662e-05,—
opt,15,3.853623947960662e-05,—
etract,15,3.853623947960662e-05,—
appears,15,3.853623947960662e-05,—
achieving,15,3.853623947960662e-05,—
offset,15,3.853623947960662e-05,—
immutable,15,3.853623947960662e-05,discours_vision
definitions,15,3.853623947960662e-05,—
stead,15,3.853623947960662e-05,—
accommodate,15,3.853623947960662e-05,—
constants,15,3.853623947960662e-05,—
fleibility,15,3.853623947960662e-05,—
carried,15,3.853623947960662e-05,—
factum,15,3.853623947960662e-05,—
decades,15,3.853623947960662e-05,—
holdings,15,3.853623947960662e-05,—
google,15,3.853623947960662e-05,—
characteristics,15,3.853623947960662e-05,—
trial,15,3.853623947960662e-05,—
buyer,15,3.853623947960662e-05,—
repeatedly,15,3.853623947960662e-05,—
grab,15,3.853623947960662e-05,—
anyway,15,3.853623947960662e-05,—
readable,15,3.853623947960662e-05,—
datasize,15,3.853623947960662e-05,—
altogether,15,3.853623947960662e-05,—
emphasize,15,3.853623947960662e-05,—
launches,15,3.853623947960662e-05,—
music,15,3.853623947960662e-05,—
ecosystems,15,3.853623947960662e-05,—
ttacks,15,3.853623947960662e-05,—
globally,15,3.853623947960662e-05,—
instant,15,3.853623947960662e-05,—
compiling,15,3.853623947960662e-05,—
nicely,15,3.853623947960662e-05,—
proved,15,3.853623947960662e-05,—
inevitably,15,3.853623947960662e-05,—
hashed,15,3.853623947960662e-05,—
grew,15,3.853623947960662e-05,—
turning,15,3.853623947960662e-05,—
lowest,15,3.853623947960662e-05,—
rare,15,3.853623947960662e-05,—
auto,15,3.853623947960662e-05,—
steal,15,3.853623947960662e-05,—
volatile,15,3.853623947960662e-05,—
factory,15,3.853623947960662e-05,—
guess,15,3.853623947960662e-05,—
minus,15,3.853623947960662e-05,—
transit,15,3.853623947960662e-05,—
pressing,15,3.853623947960662e-05,—
raw,15,3.853623947960662e-05,—
backgrounds,15,3.853623947960662e-05,—
grasp,15,3.853623947960662e-05,—
subscribe,15,3.853623947960662e-05,—
tab,15,3.853623947960662e-05,—
staff,15,3.853623947960662e-05,—
arm,15,3.853623947960662e-05,—
redundant,15,3.853623947960662e-05,—
streaming,15,3.853623947960662e-05,—
incorporate,15,3.853623947960662e-05,—
raising,15,3.853623947960662e-05,—
studies,15,3.853623947960662e-05,—
safer,15,3.853623947960662e-05,—
readers,15,3.853623947960662e-05,—
progressing,15,3.853623947960662e-05,—
ancient,15,3.853623947960662e-05,—
greatest,15,3.853623947960662e-05,—
advancing,15,3.853623947960662e-05,—
considering,15,3.853623947960662e-05,—
designers,15,3.853623947960662e-05,—
capability,15,3.853623947960662e-05,—
compliance,15,3.853623947960662e-05,—
opens,15,3.853623947960662e-05,—
oting,15,3.853623947960662e-05,—
eron,15,3.853623947960662e-05,—
hall,15,3.853623947960662e-05,—
strict,15,3.853623947960662e-05,—
sampling,15,3.853623947960662e-05,—
finalised,15,3.853623947960662e-05,—
pecification,15,3.853623947960662e-05,—
curriculum,15,3.853623947960662e-05,—
oncept,15,3.853623947960662e-05,—
mini,15,3.853623947960662e-05,—
submission,15,3.853623947960662e-05,—
fifth,15,3.853623947960662e-05,—
epressed,15,3.853623947960662e-05,—
iii,15,3.853623947960662e-05,—
ross,15,3.853623947960662e-05,—
imply,15,3.853623947960662e-05,—
allocate,15,3.853623947960662e-05,—
ov,15,3.853623947960662e-05,—
geared,15,3.853623947960662e-05,—
appy,15,3.853623947960662e-05,—
dditional,15,3.853623947960662e-05,—
reminder,15,3.853623947960662e-05,—
eecutive,15,3.853623947960662e-05,—
elow,15,3.853623947960662e-05,—
apt,15,3.853623947960662e-05,—
analytics,15,3.853623947960662e-05,—
merkle,15,3.853623947960662e-05,—
guided,15,3.853623947960662e-05,—
overnance,15,3.853623947960662e-05,—
gradually,15,3.853623947960662e-05,—
ensorship,15,3.853623947960662e-05,—
stateful,15,3.853623947960662e-05,—
brew,15,3.853623947960662e-05,—
ikelihood,15,3.853623947960662e-05,—
mist,15,3.853623947960662e-05,—
reserved,15,3.853623947960662e-05,—
ray,15,3.853623947960662e-05,—
orden,15,3.853623947960662e-05,—
thread,15,3.853623947960662e-05,—
documentatio,15,3.853623947960662e-05,—
pilot,15,3.853623947960662e-05,—
accessibility,15,3.853623947960662e-05,usages
keccak,15,3.853623947960662e-05,—
themes,15,3.853623947960662e-05,—
eplores,15,3.853623947960662e-05,—
miss,15,3.853623947960662e-05,—
citizens,15,3.853623947960662e-05,—
imeline,15,3.853623947960662e-05,—
educating,15,3.853623947960662e-05,—
ary,15,3.853623947960662e-05,—
uillaume,15,3.853623947960662e-05,—
eico,15,3.853623947960662e-05,—
omasz,15,3.853623947960662e-05,—
enue,15,3.853623947960662e-05,—
ehibit,15,3.853623947960662e-05,—
statelessness,15,3.853623947960662e-05,—
inactivity,15,3.853623947960662e-05,—
cad,15,3.853623947960662e-05,—
ztec,15,3.853623947960662e-05,—
ircom,15,3.853623947960662e-05,—
olo,15,3.853623947960662e-05,—
tereum,15,3.853623947960662e-05,—
ryptound,15,3.853623947960662e-05,—
halo,15,3.853623947960662e-05,—
hailand,15,3.853623947960662e-05,—
ttackathon,15,3.853623947960662e-05,—
oodi,15,3.853623947960662e-05,—
merits,14,3.5967156847632846e-05,—
heads,14,3.5967156847632846e-05,—
consistently,14,3.5967156847632846e-05,—
stick,14,3.5967156847632846e-05,—
attractive,14,3.5967156847632846e-05,—
citizen,14,3.5967156847632846e-05,—
population,14,3.5967156847632846e-05,—
ill,14,3.5967156847632846e-05,—
revolution,14,3.5967156847632846e-05,—
entirety,14,3.5967156847632846e-05,—
succeeds,14,3.5967156847632846e-05,—
laptop,14,3.5967156847632846e-05,—
agrees,14,3.5967156847632846e-05,—
pretend,14,3.5967156847632846e-05,—
evil,14,3.5967156847632846e-05,—
clarity,14,3.5967156847632846e-05,—
gambling,14,3.5967156847632846e-05,—
attempting,14,3.5967156847632846e-05,—
considerable,14,3.5967156847632846e-05,—
ihai,14,3.5967156847632846e-05,—
intends,14,3.5967156847632846e-05,—
partner,14,3.5967156847632846e-05,—
ups,14,3.5967156847632846e-05,—
usiness,14,3.5967156847632846e-05,—
enthusiasm,14,3.5967156847632846e-05,—
denominated,14,3.5967156847632846e-05,—
earned,14,3.5967156847632846e-05,—
consume,14,3.5967156847632846e-05,—
bloat,14,3.5967156847632846e-05,—
deally,14,3.5967156847632846e-05,—
oriented,14,3.5967156847632846e-05,—
nonzero,14,3.5967156847632846e-05,—
stream,14,3.5967156847632846e-05,—
weaker,14,3.5967156847632846e-05,—
withdrawn,14,3.5967156847632846e-05,—
partnership,14,3.5967156847632846e-05,—
commonly,14,3.5967156847632846e-05,—
documented,14,3.5967156847632846e-05,—
subtle,14,3.5967156847632846e-05,—
wonderful,14,3.5967156847632846e-05,—
patch,14,3.5967156847632846e-05,—
ithin,14,3.5967156847632846e-05,—
moderate,14,3.5967156847632846e-05,—
worlds,14,3.5967156847632846e-05,—
boundaries,14,3.5967156847632846e-05,—
ber,14,3.5967156847632846e-05,—
handles,14,3.5967156847632846e-05,—
unused,14,3.5967156847632846e-05,—
moderately,14,3.5967156847632846e-05,—
incoming,14,3.5967156847632846e-05,—
accesses,14,3.5967156847632846e-05,—
ending,14,3.5967156847632846e-05,—
skip,14,3.5967156847632846e-05,—
instantly,14,3.5967156847632846e-05,—
ba,14,3.5967156847632846e-05,—
hich,14,3.5967156847632846e-05,—
maintains,14,3.5967156847632846e-05,—
rewarding,14,3.5967156847632846e-05,—
suggest,14,3.5967156847632846e-05,—
lethero,14,3.5967156847632846e-05,—
body,14,3.5967156847632846e-05,—
registries,14,3.5967156847632846e-05,—
eternally,14,3.5967156847632846e-05,—
dark,14,3.5967156847632846e-05,—
debt,14,3.5967156847632846e-05,—
opposed,14,3.5967156847632846e-05,—
credible,14,3.5967156847632846e-05,—
thinks,14,3.5967156847632846e-05,—
initiated,14,3.5967156847632846e-05,—
entering,14,3.5967156847632846e-05,—
hould,14,3.5967156847632846e-05,—
sorts,14,3.5967156847632846e-05,—
riginally,14,3.5967156847632846e-05,—
thriving,14,3.5967156847632846e-05,—
concentrated,14,3.5967156847632846e-05,—
pc,14,3.5967156847632846e-05,—
checker,14,3.5967156847632846e-05,—
neutral,14,3.5967156847632846e-05,—
interco,14,3.5967156847632846e-05,—
negligible,14,3.5967156847632846e-05,—
treap,14,3.5967156847632846e-05,—
consist,14,3.5967156847632846e-05,—
severe,14,3.5967156847632846e-05,—
ool,14,3.5967156847632846e-05,—
limiting,14,3.5967156847632846e-05,—
oore,14,3.5967156847632846e-05,—
iterations,14,3.5967156847632846e-05,—
downloads,14,3.5967156847632846e-05,—
strictly,14,3.5967156847632846e-05,—
marginal,14,3.5967156847632846e-05,—
finalizing,14,3.5967156847632846e-05,—
arise,14,3.5967156847632846e-05,—
absolute,14,3.5967156847632846e-05,—
chances,14,3.5967156847632846e-05,—
intention,14,3.5967156847632846e-05,—
caching,14,3.5967156847632846e-05,—
null,14,3.5967156847632846e-05,—
eceed,14,3.5967156847632846e-05,—
nitiative,14,3.5967156847632846e-05,—
occurred,14,3.5967156847632846e-05,—
sections,14,3.5967156847632846e-05,—
tradeoff,14,3.5967156847632846e-05,—
era,14,3.5967156847632846e-05,—
lowering,14,3.5967156847632846e-05,—
eorge,14,3.5967156847632846e-05,—
verificatio,14,3.5967156847632846e-05,—
eponential,14,3.5967156847632846e-05,—
eter,14,3.5967156847632846e-05,—
press,14,3.5967156847632846e-05,—
evolved,14,3.5967156847632846e-05,—
scholars,14,3.5967156847632846e-05,—
ffice,14,3.5967156847632846e-05,—
defaults,14,3.5967156847632846e-05,—
altruism,14,3.5967156847632846e-05,—
ase,14,3.5967156847632846e-05,—
adjustment,14,3.5967156847632846e-05,—
correlated,14,3.5967156847632846e-05,—
seeds,14,3.5967156847632846e-05,—
erli,14,3.5967156847632846e-05,—
imminent,14,3.5967156847632846e-05,—
ecently,14,3.5967156847632846e-05,—
amples,14,3.5967156847632846e-05,—
fallback,14,3.5967156847632846e-05,—
trip,14,3.5967156847632846e-05,—
ðξcon,14,3.5967156847632846e-05,—
sidechain,14,3.5967156847632846e-05,—
adopted,14,3.5967156847632846e-05,—
hearing,14,3.5967156847632846e-05,—
engaging,14,3.5967156847632846e-05,—
horizon,14,3.5967156847632846e-05,—
ednesday,14,3.5967156847632846e-05,—
lightweight,14,3.5967156847632846e-05,—
tractable,14,3.5967156847632846e-05,—
lliptic,14,3.5967156847632846e-05,—
kype,14,3.5967156847632846e-05,—
town,14,3.5967156847632846e-05,—
dramatically,14,3.5967156847632846e-05,—
tep,14,3.5967156847632846e-05,—
frontier,14,3.5967156847632846e-05,—
daily,14,3.5967156847632846e-05,—
dates,14,3.5967156847632846e-05,—
bridges,14,3.5967156847632846e-05,—
threads,14,3.5967156847632846e-05,—
scouting,14,3.5967156847632846e-05,—
synced,14,3.5967156847632846e-05,—
otes,14,3.5967156847632846e-05,—
donations,14,3.5967156847632846e-05,—
deploying,14,3.5967156847632846e-05,—
uel,14,3.5967156847632846e-05,—
asynchronous,14,3.5967156847632846e-05,—
maps,14,3.5967156847632846e-05,—
alaysia,14,3.5967156847632846e-05,—
everity,14,3.5967156847632846e-05,—
ytherallet,14,3.5967156847632846e-05,—
resulted,14,3.5967156847632846e-05,—
erriam,14,3.5967156847632846e-05,—
lessons,14,3.5967156847632846e-05,—
reorgs,14,3.5967156847632846e-05,—
highestidder,14,3.5967156847632846e-05,—
highestid,14,3.5967156847632846e-05,—
weet,14,3.5967156847632846e-05,—
ton,14,3.5967156847632846e-05,—
launchpad,14,3.5967156847632846e-05,—
bootcamp,14,3.5967156847632846e-05,—
topology,14,3.5967156847632846e-05,—
vital,14,3.5967156847632846e-05,—
armony,14,3.5967156847632846e-05,—
dramatic,14,3.5967156847632846e-05,—
les,14,3.5967156847632846e-05,—
rantee,14,3.5967156847632846e-05,—
wishlist,14,3.5967156847632846e-05,—
scholarships,14,3.5967156847632846e-05,—
folks,14,3.5967156847632846e-05,—
dpps,14,3.5967156847632846e-05,—
uilt,14,3.5967156847632846e-05,—
perator,14,3.5967156847632846e-05,—
éter,14,3.5967156847632846e-05,—
zilágyi,14,3.5967156847632846e-05,—
isk,14,3.5967156847632846e-05,—
yria,14,3.5967156847632846e-05,—
hai,14,3.5967156847632846e-05,—
visualize,14,3.5967156847632846e-05,—
aipei,14,3.5967156847632846e-05,—
griffin,14,3.5967156847632846e-05,—
ichiba,14,3.5967156847632846e-05,—
hotchkiss,14,3.5967156847632846e-05,—
ries,14,3.5967156847632846e-05,—
attendee,14,3.5967156847632846e-05,—
omo,14,3.5967156847632846e-05,—
accountability,14,3.5967156847632846e-05,—
reenesis,14,3.5967156847632846e-05,—
iep,14,3.5967156847632846e-05,—
ntldr,14,3.5967156847632846e-05,—
ardhat,14,3.5967156847632846e-05,—
orest,14,3.5967156847632846e-05,—
ollar,14,3.5967156847632846e-05,—
ayonism,14,3.5967156847632846e-05,—
ootcamp,14,3.5967156847632846e-05,—
taly,14,3.5967156847632846e-05,—
scouts,14,3.5967156847632846e-05,—
nfinite,14,3.5967156847632846e-05,—
istory,14,3.5967156847632846e-05,—
ubkeys,14,3.5967156847632846e-05,—
elgrade,14,3.5967156847632846e-05,—
subgroup,14,3.5967156847632846e-05,—
applicable,13,3.339807421565907e-05,—
charging,13,3.339807421565907e-05,—
plug,13,3.339807421565907e-05,—
neutrality,13,3.339807421565907e-05,—
draw,13,3.339807421565907e-05,—
carries,13,3.339807421565907e-05,—
moral,13,3.339807421565907e-05,—
hamir,13,3.339807421565907e-05,—
evaluated,13,3.339807421565907e-05,—
reveals,13,3.339807421565907e-05,—
sitting,13,3.339807421565907e-05,—
outright,13,3.339807421565907e-05,—
employ,13,3.339807421565907e-05,—
war,13,3.339807421565907e-05,—
stakeholder,13,3.339807421565907e-05,gouvernance
deciding,13,3.339807421565907e-05,—
cold,13,3.339807421565907e-05,—
rancisco,13,3.339807421565907e-05,—
ilcke,13,3.339807421565907e-05,—
distributing,13,3.339807421565907e-05,—
gora,13,3.339807421565907e-05,—
edia,13,3.339807421565907e-05,—
presenting,13,3.339807421565907e-05,—
philosophical,13,3.339807421565907e-05,—
betwee,13,3.339807421565907e-05,—
eercise,13,3.339807421565907e-05,—
disappear,13,3.339807421565907e-05,—
pointer,13,3.339807421565907e-05,—
reuse,13,3.339807421565907e-05,—
modulo,13,3.339807421565907e-05,—
looked,13,3.339807421565907e-05,—
authorized,13,3.339807421565907e-05,—
everywhere,13,3.339807421565907e-05,—
stephan,13,3.339807421565907e-05,—
synchronize,13,3.339807421565907e-05,—
merchant,13,3.339807421565907e-05,—
hypothetical,13,3.339807421565907e-05,—
temporarily,13,3.339807421565907e-05,—
implicitly,13,3.339807421565907e-05,—
ater,13,3.339807421565907e-05,—
ometimes,13,3.339807421565907e-05,—
judges,13,3.339807421565907e-05,—
facilitating,13,3.339807421565907e-05,—
firm,13,3.339807421565907e-05,—
fire,13,3.339807421565907e-05,—
derivatives,13,3.339807421565907e-05,—
alley,13,3.339807421565907e-05,—
converted,13,3.339807421565907e-05,—
censor,13,3.339807421565907e-05,—
disruption,13,3.339807421565907e-05,discours_vision
dealing,13,3.339807421565907e-05,—
endowment,13,3.339807421565907e-05,—
returning,13,3.339807421565907e-05,—
referenced,13,3.339807421565907e-05,—
inline,13,3.339807421565907e-05,—
joy,13,3.339807421565907e-05,—
eponentially,13,3.339807421565907e-05,—
tied,13,3.339807421565907e-05,—
insufficient,13,3.339807421565907e-05,—
accidentally,13,3.339807421565907e-05,—
creators,13,3.339807421565907e-05,—
measures,13,3.339807421565907e-05,—
ratio,13,3.339807421565907e-05,—
oken,13,3.339807421565907e-05,—
automation,13,3.339807421565907e-05,—
spectrum,13,3.339807421565907e-05,—
surface,13,3.339807421565907e-05,—
latform,13,3.339807421565907e-05,—
complementary,13,3.339807421565907e-05,—
aunch,13,3.339807421565907e-05,—
inception,13,3.339807421565907e-05,—
constructor,13,3.339807421565907e-05,—
joint,13,3.339807421565907e-05,—
composed,13,3.339807421565907e-05,—
pointing,13,3.339807421565907e-05,—
respond,13,3.339807421565907e-05,—
databases,13,3.339807421565907e-05,—
differently,13,3.339807421565907e-05,—
convenient,13,3.339807421565907e-05,—
seemed,13,3.339807421565907e-05,—
collectively,13,3.339807421565907e-05,—
delays,13,3.339807421565907e-05,—
stated,13,3.339807421565907e-05,—
interests,13,3.339807421565907e-05,—
manipulate,13,3.339807421565907e-05,—
indirectly,13,3.339807421565907e-05,—
ine,13,3.339807421565907e-05,—
realization,13,3.339807421565907e-05,—
duration,13,3.339807421565907e-05,—
fits,13,3.339807421565907e-05,—
sensitive,13,3.339807421565907e-05,—
conomic,13,3.339807421565907e-05,—
arrived,13,3.339807421565907e-05,—
compilers,13,3.339807421565907e-05,—
nlike,13,3.339807421565907e-05,—
voluntarily,13,3.339807421565907e-05,—
completing,13,3.339807421565907e-05,—
friend,13,3.339807421565907e-05,—
comms,13,3.339807421565907e-05,—
visual,13,3.339807421565907e-05,—
views,13,3.339807421565907e-05,—
origin,13,3.339807421565907e-05,—
pop,13,3.339807421565907e-05,—
faces,13,3.339807421565907e-05,—
alike,13,3.339807421565907e-05,—
race,13,3.339807421565907e-05,—
ystems,13,3.339807421565907e-05,—
buntu,13,3.339807421565907e-05,—
garden,13,3.339807421565907e-05,—
unlocked,13,3.339807421565907e-05,—
reverting,13,3.339807421565907e-05,—
rian,13,3.339807421565907e-05,—
ac,13,3.339807421565907e-05,—
finishing,13,3.339807421565907e-05,—
impressive,13,3.339807421565907e-05,—
ermany,13,3.339807421565907e-05,—
hromium,13,3.339807421565907e-05,—
coded,13,3.339807421565907e-05,—
papers,13,3.339807421565907e-05,—
whisper,13,3.339807421565907e-05,—
transform,13,3.339807421565907e-05,—
kick,13,3.339807421565907e-05,—
modeling,13,3.339807421565907e-05,recherche
interpreted,13,3.339807421565907e-05,—
converge,13,3.339807421565907e-05,—
picked,13,3.339807421565907e-05,—
battle,13,3.339807421565907e-05,—
der,13,3.339807421565907e-05,—
proy,13,3.339807421565907e-05,—
holistic,13,3.339807421565907e-05,—
luck,13,3.339807421565907e-05,—
wouldn,13,3.339807421565907e-05,—
ours,13,3.339807421565907e-05,—
leaky,13,3.339807421565907e-05,—
timelines,13,3.339807421565907e-05,—
methodology,13,3.339807421565907e-05,—
fronts,13,3.339807421565907e-05,—
calendar,13,3.339807421565907e-05,—
landing,13,3.339807421565907e-05,—
shifted,13,3.339807421565907e-05,—
documenting,13,3.339807421565907e-05,—
donation,13,3.339807421565907e-05,—
teach,13,3.339807421565907e-05,—
ouube,13,3.339807421565907e-05,—
bottlenecks,13,3.339807421565907e-05,—
suites,13,3.339807421565907e-05,—
upstream,13,3.339807421565907e-05,—
profile,13,3.339807421565907e-05,—
diving,13,3.339807421565907e-05,—
young,13,3.339807421565907e-05,—
journal,13,3.339807421565907e-05,—
arr,13,3.339807421565907e-05,—
notably,13,3.339807421565907e-05,—
restart,13,3.339807421565907e-05,—
ecure,13,3.339807421565907e-05,—
ffected,13,3.339807421565907e-05,—
eecutable,13,3.339807421565907e-05,—
reg,13,3.339807421565907e-05,—
proposing,13,3.339807421565907e-05,—
manifest,13,3.339807421565907e-05,—
preliminary,13,3.339807421565907e-05,—
backends,13,3.339807421565907e-05,—
relay,13,3.339807421565907e-05,—
conducting,13,3.339807421565907e-05,—
voice,13,3.339807421565907e-05,—
proposalash,13,3.339807421565907e-05,—
pro,13,3.339807421565907e-05,—
performant,13,3.339807421565907e-05,—
correlation,13,3.339807421565907e-05,—
filtering,13,3.339807421565907e-05,—
irport,13,3.339807421565907e-05,—
fuzzer,13,3.339807421565907e-05,—
doubled,13,3.339807421565907e-05,—
ancun,13,3.339807421565907e-05,—
playlists,13,3.339807421565907e-05,—
prioritize,13,3.339807421565907e-05,—
eceeded,13,3.339807421565907e-05,—
timing,13,3.339807421565907e-05,—
underrepresented,13,3.339807421565907e-05,—
committees,13,3.339807421565907e-05,—
hainsafe,13,3.339807421565907e-05,—
pec,13,3.339807421565907e-05,—
dashboards,13,3.339807421565907e-05,—
constraints,13,3.339807421565907e-05,—
ebj,13,3.339807421565907e-05,—
advocacy,13,3.339807421565907e-05,—
taker,13,3.339807421565907e-05,—
nirep,13,3.339807421565907e-05,—
oods,13,3.339807421565907e-05,—
luffy,13,3.339807421565907e-05,—
delving,13,3.339807421565907e-05,—
ietnam,13,3.339807421565907e-05,—
tarknet,13,3.339807421565907e-05,—
internship,13,3.339807421565907e-05,—
kraine,13,3.339807421565907e-05,—
suggesting,12,3.0828991583685296e-05,—
marketplace,12,3.0828991583685296e-05,—
degrees,12,3.0828991583685296e-05,—
claimed,12,3.0828991583685296e-05,—
frequent,12,3.0828991583685296e-05,—
rejected,12,3.0828991583685296e-05,—
ia,12,3.0828991583685296e-05,—
oe,12,3.0828991583685296e-05,—
privileges,12,3.0828991583685296e-05,—
fear,12,3.0828991583685296e-05,—
arises,12,3.0828991583685296e-05,—
discarded,12,3.0828991583685296e-05,—
glimpse,12,3.0828991583685296e-05,—
employed,12,3.0828991583685296e-05,—
colored,12,3.0828991583685296e-05,—
capture,12,3.0828991583685296e-05,—
entries,12,3.0828991583685296e-05,—
detected,12,3.0828991583685296e-05,—
necessity,12,3.0828991583685296e-05,—
burn,12,3.0828991583685296e-05,—
attempted,12,3.0828991583685296e-05,—
modification,12,3.0828991583685296e-05,—
versus,12,3.0828991583685296e-05,—
dual,12,3.0828991583685296e-05,—
surprising,12,3.0828991583685296e-05,—
effrey,12,3.0828991583685296e-05,—
opefully,12,3.0828991583685296e-05,—
lliance,12,3.0828991583685296e-05,—
ducation,12,3.0828991583685296e-05,—
oulder,12,3.0828991583685296e-05,—
heory,12,3.0828991583685296e-05,—
passion,12,3.0828991583685296e-05,—
oon,12,3.0828991583685296e-05,—
seven,12,3.0828991583685296e-05,—
seriously,12,3.0828991583685296e-05,—
overwhelming,12,3.0828991583685296e-05,—
floating,12,3.0828991583685296e-05,—
tricky,12,3.0828991583685296e-05,—
os,12,3.0828991583685296e-05,—
calculated,12,3.0828991583685296e-05,—
incremental,12,3.0828991583685296e-05,—
recursion,12,3.0828991583685296e-05,—
dynamically,12,3.0828991583685296e-05,—
standpoint,12,3.0828991583685296e-05,—
adjusted,12,3.0828991583685296e-05,—
incorrectly,12,3.0828991583685296e-05,—
crack,12,3.0828991583685296e-05,—
ccording,12,3.0828991583685296e-05,—
agreements,12,3.0828991583685296e-05,—
weaknesses,12,3.0828991583685296e-05,—
straight,12,3.0828991583685296e-05,—
tual,12,3.0828991583685296e-05,—
trend,12,3.0828991583685296e-05,—
assurances,12,3.0828991583685296e-05,—
essence,12,3.0828991583685296e-05,—
eecutes,12,3.0828991583685296e-05,—
commands,12,3.0828991583685296e-05,—
sounds,12,3.0828991583685296e-05,—
employment,12,3.0828991583685296e-05,—
decides,12,3.0828991583685296e-05,—
rivate,12,3.0828991583685296e-05,—
consumers,12,3.0828991583685296e-05,—
epenses,12,3.0828991583685296e-05,—
eclusively,12,3.0828991583685296e-05,—
traces,12,3.0828991583685296e-05,—
affects,12,3.0828991583685296e-05,—
speedup,12,3.0828991583685296e-05,—
feeds,12,3.0828991583685296e-05,—
craft,12,3.0828991583685296e-05,—
prevhash,12,3.0828991583685296e-05,—
convenience,12,3.0828991583685296e-05,—
purchased,12,3.0828991583685296e-05,—
fuel,12,3.0828991583685296e-05,—
treat,12,3.0828991583685296e-05,—
igure,12,3.0828991583685296e-05,—
green,12,3.0828991583685296e-05,—
eight,12,3.0828991583685296e-05,—
urrency,12,3.0828991583685296e-05,—
coordinated,12,3.0828991583685296e-05,—
hood,12,3.0828991583685296e-05,—
bounded,12,3.0828991583685296e-05,—
etween,12,3.0828991583685296e-05,—
fails,12,3.0828991583685296e-05,—
aidsafe,12,3.0828991583685296e-05,—
slice,12,3.0828991583685296e-05,—
hire,12,3.0828991583685296e-05,—
typically,12,3.0828991583685296e-05,—
forces,12,3.0828991583685296e-05,—
founders,12,3.0828991583685296e-05,—
closest,12,3.0828991583685296e-05,—
yone,12,3.0828991583685296e-05,—
puzzles,12,3.0828991583685296e-05,—
combinations,12,3.0828991583685296e-05,—
aggregate,12,3.0828991583685296e-05,—
ice,12,3.0828991583685296e-05,—
visiting,12,3.0828991583685296e-05,—
water,12,3.0828991583685296e-05,—
ecessary,12,3.0828991583685296e-05,—
flat,12,3.0828991583685296e-05,—
punished,12,3.0828991583685296e-05,—
ff,12,3.0828991583685296e-05,—
verview,12,3.0828991583685296e-05,—
chose,12,3.0828991583685296e-05,—
propagate,12,3.0828991583685296e-05,—
observe,12,3.0828991583685296e-05,—
searching,12,3.0828991583685296e-05,—
bootstrap,12,3.0828991583685296e-05,—
marks,12,3.0828991583685296e-05,—
aspiring,12,3.0828991583685296e-05,—
spare,12,3.0828991583685296e-05,—
reconstruct,12,3.0828991583685296e-05,—
derive,12,3.0828991583685296e-05,—
seamless,12,3.0828991583685296e-05,—
diagram,12,3.0828991583685296e-05,—
controversial,12,3.0828991583685296e-05,—
plausible,12,3.0828991583685296e-05,—
disagreement,12,3.0828991583685296e-05,—
hack,12,3.0828991583685296e-05,—
mempool,12,3.0828991583685296e-05,—
realm,12,3.0828991583685296e-05,—
observed,12,3.0828991583685296e-05,—
align,12,3.0828991583685296e-05,—
verything,12,3.0828991583685296e-05,—
accelerating,12,3.0828991583685296e-05,—
authorization,12,3.0828991583685296e-05,sécurité
donate,12,3.0828991583685296e-05,—
eploits,12,3.0828991583685296e-05,—
lternative,12,3.0828991583685296e-05,—
eclusive,12,3.0828991583685296e-05,—
gravity,12,3.0828991583685296e-05,—
untrusted,12,3.0828991583685296e-05,—
coordinating,12,3.0828991583685296e-05,—
alignment,12,3.0828991583685296e-05,—
uan,12,3.0828991583685296e-05,—
quiet,12,3.0828991583685296e-05,—
thoroughly,12,3.0828991583685296e-05,—
scales,12,3.0828991583685296e-05,—
phrase,12,3.0828991583685296e-05,—
taught,12,3.0828991583685296e-05,—
boost,12,3.0828991583685296e-05,—
refinement,12,3.0828991583685296e-05,—
upta,12,3.0828991583685296e-05,—
substitute,12,3.0828991583685296e-05,—
aw,12,3.0828991583685296e-05,—
training,12,3.0828991583685296e-05,—
lockchains,12,3.0828991583685296e-05,—
con,12,3.0828991583685296e-05,—
eta,12,3.0828991583685296e-05,—
quicker,12,3.0828991583685296e-05,—
minimized,12,3.0828991583685296e-05,—
ystem,12,3.0828991583685296e-05,—
programme,12,3.0828991583685296e-05,—
ason,12,3.0828991583685296e-05,—
bunch,12,3.0828991583685296e-05,—
indeing,12,3.0828991583685296e-05,—
warnings,12,3.0828991583685296e-05,—
bottleneck,12,3.0828991583685296e-05,—
pdating,12,3.0828991583685296e-05,—
hackers,12,3.0828991583685296e-05,—
standardization,12,3.0828991583685296e-05,—
opinions,12,3.0828991583685296e-05,—
regulation,12,3.0828991583685296e-05,—
afterwards,12,3.0828991583685296e-05,—
olicy,12,3.0828991583685296e-05,—
assurance,12,3.0828991583685296e-05,—
etensible,12,3.0828991583685296e-05,—
despite,12,3.0828991583685296e-05,—
oving,12,3.0828991583685296e-05,—
alarm,12,3.0828991583685296e-05,—
wrap,12,3.0828991583685296e-05,—
cypherpunk,12,3.0828991583685296e-05,—
patched,12,3.0828991583685296e-05,—
ogic,12,3.0828991583685296e-05,—
airport,12,3.0828991583685296e-05,—
meets,12,3.0828991583685296e-05,—
spotlight,12,3.0828991583685296e-05,—
pplicants,12,3.0828991583685296e-05,—
administrative,12,3.0828991583685296e-05,—
inimal,12,3.0828991583685296e-05,—
ruleset,12,3.0828991583685296e-05,—
humanitarian,12,3.0828991583685296e-05,—
duties,12,3.0828991583685296e-05,—
farmer,12,3.0828991583685296e-05,—
subsidiaries,12,3.0828991583685296e-05,—
lookups,12,3.0828991583685296e-05,—
anagement,12,3.0828991583685296e-05,—
censors,12,3.0828991583685296e-05,—
played,12,3.0828991583685296e-05,—
teaching,12,3.0828991583685296e-05,—
recognized,12,3.0828991583685296e-05,—
suggestion,12,3.0828991583685296e-05,—
eits,12,3.0828991583685296e-05,—
educators,12,3.0828991583685296e-05,—
unaffected,12,3.0828991583685296e-05,—
til,12,3.0828991583685296e-05,—
remotely,12,3.0828991583685296e-05,—
investigating,12,3.0828991583685296e-05,—
etamask,12,3.0828991583685296e-05,—
olst,12,3.0828991583685296e-05,—
concluded,12,3.0828991583685296e-05,—
emails,12,3.0828991583685296e-05,—
leak,12,3.0828991583685296e-05,—
ecent,12,3.0828991583685296e-05,—
credential,12,3.0828991583685296e-05,—
feasibility,12,3.0828991583685296e-05,—
christian,12,3.0828991583685296e-05,—
reitwiessner,12,3.0828991583685296e-05,—
visa,12,3.0828991583685296e-05,—
rpc,12,3.0828991583685296e-05,—
bool,12,3.0828991583685296e-05,—
contets,12,3.0828991583685296e-05,—
αs,12,3.0828991583685296e-05,—
bzz,12,3.0828991583685296e-05,—
ackground,12,3.0828991583685296e-05,—
nfura,12,3.0828991583685296e-05,—
layout,12,3.0828991583685296e-05,—
breakout,12,3.0828991583685296e-05,—
warranties,12,3.0828991583685296e-05,—
viewing,12,3.0828991583685296e-05,—
migrating,12,3.0828991583685296e-05,—
ontact,12,3.0828991583685296e-05,—
nriends,12,3.0828991583685296e-05,—
dives,12,3.0828991583685296e-05,—
erders,12,3.0828991583685296e-05,—
ethresearch,12,3.0828991583685296e-05,—
shoutout,12,3.0828991583685296e-05,—
orea,12,3.0828991583685296e-05,—
oost,12,3.0828991583685296e-05,—
paired,12,3.0828991583685296e-05,—
nfo,12,3.0828991583685296e-05,—
arden,12,3.0828991583685296e-05,—
ancock,12,3.0828991583685296e-05,—
gichiba,12,3.0828991583685296e-05,—
obust,12,3.0828991583685296e-05,—
aito,12,3.0828991583685296e-05,—
kopru,12,3.0828991583685296e-05,—
zkopru,12,3.0828991583685296e-05,—
omepage,12,3.0828991583685296e-05,—
ollups,12,3.0828991583685296e-05,—
lang,12,3.0828991583685296e-05,—
treasury,12,3.0828991583685296e-05,—
tim,12,3.0828991583685296e-05,—
beiko,12,3.0828991583685296e-05,—
inimum,12,3.0828991583685296e-05,—
urkey,12,3.0828991583685296e-05,—
ranslatatho,12,3.0828991583685296e-05,—
nclusion,12,3.0828991583685296e-05,—
workings,11,2.8259908951711524e-05,—
monopoly,11,2.8259908951711524e-05,—
ilk,11,2.8259908951711524e-05,—
outline,11,2.8259908951711524e-05,—
dentity,11,2.8259908951711524e-05,—
portions,11,2.8259908951711524e-05,—
commodity,11,2.8259908951711524e-05,—
mplement,11,2.8259908951711524e-05,—
birth,11,2.8259908951711524e-05,—
die,11,2.8259908951711524e-05,—
banking,11,2.8259908951711524e-05,—
broadcast,11,2.8259908951711524e-05,—
multiplied,11,2.8259908951711524e-05,—
elf,11,2.8259908951711524e-05,—
temperature,11,2.8259908951711524e-05,—
elsewhere,11,2.8259908951711524e-05,—
figured,11,2.8259908951711524e-05,—
epense,11,2.8259908951711524e-05,—
aybe,11,2.8259908951711524e-05,—
weakness,11,2.8259908951711524e-05,—
pulling,11,2.8259908951711524e-05,—
adopting,11,2.8259908951711524e-05,—
remained,11,2.8259908951711524e-05,—
dominated,11,2.8259908951711524e-05,—
ni,11,2.8259908951711524e-05,—
gaining,11,2.8259908951711524e-05,—
harles,11,2.8259908951711524e-05,—
anada,11,2.8259908951711524e-05,—
ssue,11,2.8259908951711524e-05,—
commerce,11,2.8259908951711524e-05,—
oronto,11,2.8259908951711524e-05,—
baseline,11,2.8259908951711524e-05,—
outdated,11,2.8259908951711524e-05,—
problematic,11,2.8259908951711524e-05,—
freeze,11,2.8259908951711524e-05,—
ose,11,2.8259908951711524e-05,—
amecoin,11,2.8259908951711524e-05,—
constructs,11,2.8259908951711524e-05,—
jumps,11,2.8259908951711524e-05,—
egi,11,2.8259908951711524e-05,—
compact,11,2.8259908951711524e-05,—
responses,11,2.8259908951711524e-05,—
grateful,11,2.8259908951711524e-05,—
seamlessly,11,2.8259908951711524e-05,—
computes,11,2.8259908951711524e-05,—
feasible,11,2.8259908951711524e-05,—
login,11,2.8259908951711524e-05,—
corrupt,11,2.8259908951711524e-05,—
director,11,2.8259908951711524e-05,—
serialization,11,2.8259908951711524e-05,—
puts,11,2.8259908951711524e-05,—
mod,11,2.8259908951711524e-05,—
enforcing,11,2.8259908951711524e-05,—
seemingly,11,2.8259908951711524e-05,—
inclined,11,2.8259908951711524e-05,—
zabo,11,2.8259908951711524e-05,—
displayed,11,2.8259908951711524e-05,—
profitable,11,2.8259908951711524e-05,—
practically,11,2.8259908951711524e-05,—
transferring,11,2.8259908951711524e-05,—
sit,11,2.8259908951711524e-05,—
intermediaries,11,2.8259908951711524e-05,—
freely,11,2.8259908951711524e-05,—
optionally,11,2.8259908951711524e-05,—
dump,11,2.8259908951711524e-05,—
decreases,11,2.8259908951711524e-05,—
communicating,11,2.8259908951711524e-05,—
copying,11,2.8259908951711524e-05,—
incorporating,11,2.8259908951711524e-05,—
gasprice,11,2.8259908951711524e-05,—
hits,11,2.8259908951711524e-05,—
loans,11,2.8259908951711524e-05,—
alternate,11,2.8259908951711524e-05,—
reaches,11,2.8259908951711524e-05,—
equipped,11,2.8259908951711524e-05,—
integrates,11,2.8259908951711524e-05,—
magine,11,2.8259908951711524e-05,—
rganization,11,2.8259908951711524e-05,—
sourced,11,2.8259908951711524e-05,—
trends,11,2.8259908951711524e-05,—
restrict,11,2.8259908951711524e-05,—
compromising,11,2.8259908951711524e-05,—
gossip,11,2.8259908951711524e-05,—
hot,11,2.8259908951711524e-05,—
newsletter,11,2.8259908951711524e-05,—
decent,11,2.8259908951711524e-05,—
chips,11,2.8259908951711524e-05,—
visited,11,2.8259908951711524e-05,—
effectiveness,11,2.8259908951711524e-05,—
convinced,11,2.8259908951711524e-05,—
deposited,11,2.8259908951711524e-05,—
commits,11,2.8259908951711524e-05,—
laptops,11,2.8259908951711524e-05,—
analogy,11,2.8259908951711524e-05,—
earliest,11,2.8259908951711524e-05,—
arrive,11,2.8259908951711524e-05,—
spends,11,2.8259908951711524e-05,—
hunters,11,2.8259908951711524e-05,—
blue,11,2.8259908951711524e-05,—
measuring,11,2.8259908951711524e-05,—
cheaply,11,2.8259908951711524e-05,—
erifiable,11,2.8259908951711524e-05,—
batching,11,2.8259908951711524e-05,—
patience,11,2.8259908951711524e-05,—
patches,11,2.8259908951711524e-05,—
entered,11,2.8259908951711524e-05,—
jso,11,2.8259908951711524e-05,—
letting,11,2.8259908951711524e-05,—
income,11,2.8259908951711524e-05,—
coefficients,11,2.8259908951711524e-05,—
rotocols,11,2.8259908951711524e-05,—
querying,11,2.8259908951711524e-05,—
grand,11,2.8259908951711524e-05,—
anticipate,11,2.8259908951711524e-05,—
designer,11,2.8259908951711524e-05,—
echnologies,11,2.8259908951711524e-05,—
reader,11,2.8259908951711524e-05,—
eisted,11,2.8259908951711524e-05,—
epansion,11,2.8259908951711524e-05,—
rediction,11,2.8259908951711524e-05,—
simplify,11,2.8259908951711524e-05,—
inclusive,11,2.8259908951711524e-05,discours_vision
breakthroughs,11,2.8259908951711524e-05,—
enhancements,11,2.8259908951711524e-05,—
affordable,11,2.8259908951711524e-05,—
ichard,11,2.8259908951711524e-05,—
collaborating,11,2.8259908951711524e-05,—
countless,11,2.8259908951711524e-05,—
thirds,11,2.8259908951711524e-05,—
dice,11,2.8259908951711524e-05,—
analyzed,11,2.8259908951711524e-05,—
ervices,11,2.8259908951711524e-05,—
packet,11,2.8259908951711524e-05,—
legally,11,2.8259908951711524e-05,—
culminating,11,2.8259908951711524e-05,—
storageid,11,2.8259908951711524e-05,—
interviews,11,2.8259908951711524e-05,—
administration,11,2.8259908951711524e-05,—
scout,11,2.8259908951711524e-05,—
rolled,11,2.8259908951711524e-05,—
ride,11,2.8259908951711524e-05,—
red,11,2.8259908951711524e-05,—
laying,11,2.8259908951711524e-05,—
probabilistically,11,2.8259908951711524e-05,—
spoke,11,2.8259908951711524e-05,—
periods,11,2.8259908951711524e-05,—
efteris,11,2.8259908951711524e-05,—
feeling,11,2.8259908951711524e-05,—
feels,11,2.8259908951711524e-05,—
urope,11,2.8259908951711524e-05,—
venture,11,2.8259908951711524e-05,—
mproved,11,2.8259908951711524e-05,—
decade,11,2.8259908951711524e-05,—
shifting,11,2.8259908951711524e-05,—
courtesy,11,2.8259908951711524e-05,—
provision,11,2.8259908951711524e-05,—
rance,11,2.8259908951711524e-05,—
attached,11,2.8259908951711524e-05,—
stablecoin,11,2.8259908951711524e-05,—
pivotal,11,2.8259908951711524e-05,—
bribes,11,2.8259908951711524e-05,—
ap,11,2.8259908951711524e-05,—
discussio,11,2.8259908951711524e-05,—
academics,11,2.8259908951711524e-05,—
riday,11,2.8259908951711524e-05,—
showed,11,2.8259908951711524e-05,—
ethdev,11,2.8259908951711524e-05,—
separated,11,2.8259908951711524e-05,—
centered,11,2.8259908951711524e-05,—
showcasing,11,2.8259908951711524e-05,—
calculation,11,2.8259908951711524e-05,—
compliant,11,2.8259908951711524e-05,—
rain,11,2.8259908951711524e-05,—
consideration,11,2.8259908951711524e-05,—
photos,11,2.8259908951711524e-05,—
dataset,11,2.8259908951711524e-05,—
wasn,11,2.8259908951711524e-05,—
progressed,11,2.8259908951711524e-05,—
mailing,11,2.8259908951711524e-05,—
entail,11,2.8259908951711524e-05,—
belong,11,2.8259908951711524e-05,—
nonymous,11,2.8259908951711524e-05,—
widespread,11,2.8259908951711524e-05,—
inspiring,11,2.8259908951711524e-05,—
scalar,11,2.8259908951711524e-05,—
kit,11,2.8259908951711524e-05,—
comparing,11,2.8259908951711524e-05,—
prune,11,2.8259908951711524e-05,—
indicate,11,2.8259908951711524e-05,—
cience,11,2.8259908951711524e-05,—
roposed,11,2.8259908951711524e-05,—
ly,11,2.8259908951711524e-05,—
responsibilities,11,2.8259908951711524e-05,—
bstractio,11,2.8259908951711524e-05,—
downtime,11,2.8259908951711524e-05,—
zure,11,2.8259908951711524e-05,—
auctions,11,2.8259908951711524e-05,—
croll,11,2.8259908951711524e-05,—
formerly,11,2.8259908951711524e-05,—
ypes,11,2.8259908951711524e-05,—
eading,11,2.8259908951711524e-05,—
etoot,11,2.8259908951711524e-05,—
permit,11,2.8259908951711524e-05,—
inviting,11,2.8259908951711524e-05,—
und,11,2.8259908951711524e-05,—
smoother,11,2.8259908951711524e-05,—
decoding,11,2.8259908951711524e-05,—
precompile,11,2.8259908951711524e-05,—
izardcoin,11,2.8259908951711524e-05,—
approval,11,2.8259908951711524e-05,—
nternational,11,2.8259908951711524e-05,—
optimised,11,2.8259908951711524e-05,—
symbolic,11,2.8259908951711524e-05,—
eecutio,11,2.8259908951711524e-05,—
stipend,11,2.8259908951711524e-05,—
imit,11,2.8259908951711524e-05,—
ock,11,2.8259908951711524e-05,—
pache,11,2.8259908951711524e-05,—
url,11,2.8259908951711524e-05,—
fruitful,11,2.8259908951711524e-05,—
noticed,11,2.8259908951711524e-05,—
precompiled,11,2.8259908951711524e-05,—
bridging,11,2.8259908951711524e-05,—
homepage,11,2.8259908951711524e-05,—
manifests,11,2.8259908951711524e-05,—
bids,11,2.8259908951711524e-05,—
permits,11,2.8259908951711524e-05,—
lique,11,2.8259908951711524e-05,—
faucet,11,2.8259908951711524e-05,—
incorporated,11,2.8259908951711524e-05,—
riendly,11,2.8259908951711524e-05,—
crashes,11,2.8259908951711524e-05,—
scheduling,11,2.8259908951711524e-05,—
reakout,11,2.8259908951711524e-05,—
offs,11,2.8259908951711524e-05,—
uick,11,2.8259908951711524e-05,—
empowering,11,2.8259908951711524e-05,—
desig,11,2.8259908951711524e-05,—
dc,11,2.8259908951711524e-05,—
esources,11,2.8259908951711524e-05,—
aves,11,2.8259908951711524e-05,—
tage,11,2.8259908951711524e-05,—
yrypto,11,2.8259908951711524e-05,—
fuzzers,11,2.8259908951711524e-05,—
boarding,11,2.8259908951711524e-05,—
aleth,11,2.8259908951711524e-05,—
tip,11,2.8259908951711524e-05,—
hilst,11,2.8259908951711524e-05,—
pruner,11,2.8259908951711524e-05,—
pprof,11,2.8259908951711524e-05,—
notified,11,2.8259908951711524e-05,—
nelcome,11,2.8259908951711524e-05,—
tudent,11,2.8259908951711524e-05,—
tips,11,2.8259908951711524e-05,—
collaborations,11,2.8259908951711524e-05,—
ames,11,2.8259908951711524e-05,—
recurring,11,2.8259908951711524e-05,—
isclaimer,11,2.8259908951711524e-05,—
oseidon,11,2.8259908951711524e-05,—
hevm,11,2.8259908951711524e-05,—
uffalo,11,2.8259908951711524e-05,—
quarterly,11,2.8259908951711524e-05,—
ltona,11,2.8259908951711524e-05,—
ontribution,11,2.8259908951711524e-05,—
pgrades,11,2.8259908951711524e-05,—
ollective,11,2.8259908951711524e-05,—
onthly,11,2.8259908951711524e-05,—
esearching,11,2.8259908951711524e-05,—
cohorts,11,2.8259908951711524e-05,—
athering,11,2.8259908951711524e-05,—
provenance,11,2.8259908951711524e-05,—
ampling,11,2.8259908951711524e-05,—
ircuit,11,2.8259908951711524e-05,—
assport,11,2.8259908951711524e-05,—
laws,10,2.569082631973775e-05,—
atoshi,10,2.569082631973775e-05,—
egal,10,2.569082631973775e-05,—
varying,10,2.569082631973775e-05,—
enforcement,10,2.569082631973775e-05,—
court,10,2.569082631973775e-05,—
fluid,10,2.569082631973775e-05,—
tw,10,2.569082631973775e-05,—
agreeing,10,2.569082631973775e-05,—
bitcoind,10,2.569082631973775e-05,—
cryptographers,10,2.569082631973775e-05,—
subtraction,10,2.569082631973775e-05,—
conversion,10,2.569082631973775e-05,—
etends,10,2.569082631973775e-05,—
filters,10,2.569082631973775e-05,—
fetch,10,2.569082631973775e-05,—
splits,10,2.569082631973775e-05,—
stakes,10,2.569082631973775e-05,—
apart,10,2.569082631973775e-05,—
classic,10,2.569082631973775e-05,—
epress,10,2.569082631973775e-05,—
interval,10,2.569082631973775e-05,—
conceived,10,2.569082631973775e-05,—
founded,10,2.569082631973775e-05,—
chess,10,2.569082631973775e-05,—
entrepreneurs,10,2.569082631973775e-05,—
osta,10,2.569082631973775e-05,—
branding,10,2.569082631973775e-05,—
orward,10,2.569082631973775e-05,—
fold,10,2.569082631973775e-05,—
scam,10,2.569082631973775e-05,—
caution,10,2.569082631973775e-05,—
adapt,10,2.569082631973775e-05,—
publishes,10,2.569082631973775e-05,—
seller,10,2.569082631973775e-05,—
everybody,10,2.569082631973775e-05,—
consuming,10,2.569082631973775e-05,—
eamine,10,2.569082631973775e-05,—
groundwork,10,2.569082631973775e-05,—
bulk,10,2.569082631973775e-05,—
paste,10,2.569082631973775e-05,—
semantic,10,2.569082631973775e-05,—
clause,10,2.569082631973775e-05,—
continuation,10,2.569082631973775e-05,—
statically,10,2.569082631973775e-05,—
harmful,10,2.569082631973775e-05,—
eponent,10,2.569082631973775e-05,—
transformations,10,2.569082631973775e-05,—
acceptance,10,2.569082631973775e-05,—
nobody,10,2.569082631973775e-05,—
bootstrapped,10,2.569082631973775e-05,—
halt,10,2.569082631973775e-05,—
blogpost,10,2.569082631973775e-05,—
pseudo,10,2.569082631973775e-05,—
mazon,10,2.569082631973775e-05,—
holy,10,2.569082631973775e-05,—
primitive,10,2.569082631973775e-05,—
listen,10,2.569082631973775e-05,—
phones,10,2.569082631973775e-05,—
yours,10,2.569082631973775e-05,—
invented,10,2.569082631973775e-05,—
retain,10,2.569082631973775e-05,—
sequentially,10,2.569082631973775e-05,—
consistency,10,2.569082631973775e-05,—
ltogether,10,2.569082631973775e-05,—
car,10,2.569082631973775e-05,—
radical,10,2.569082631973775e-05,—
arbitration,10,2.569082631973775e-05,—
verifies,10,2.569082631973775e-05,—
okay,10,2.569082631973775e-05,—
dispute,10,2.569082631973775e-05,—
picking,10,2.569082631973775e-05,—
upper,10,2.569082631973775e-05,—
ignore,10,2.569082631973775e-05,—
volatility,10,2.569082631973775e-05,—
enters,10,2.569082631973775e-05,—
ery,10,2.569082631973775e-05,—
percentile,10,2.569082631973775e-05,—
sybil,10,2.569082631973775e-05,—
counts,10,2.569082631973775e-05,—
username,10,2.569082631973775e-05,—
registering,10,2.569082631973775e-05,—
tells,10,2.569082631973775e-05,—
forced,10,2.569082631973775e-05,—
letter,10,2.569082631973775e-05,—
rebuild,10,2.569082631973775e-05,—
backing,10,2.569082631973775e-05,—
copies,10,2.569082631973775e-05,—
newer,10,2.569082631973775e-05,—
itshares,10,2.569082631973775e-05,—
atomic,10,2.569082631973775e-05,—
touches,10,2.569082631973775e-05,—
rganizations,10,2.569082631973775e-05,—
quantities,10,2.569082631973775e-05,—
independence,10,2.569082631973775e-05,—
assist,10,2.569082631973775e-05,—
socially,10,2.569082631973775e-05,—
mied,10,2.569082631973775e-05,—
subsidy,10,2.569082631973775e-05,—
nearing,10,2.569082631973775e-05,—
colluding,10,2.569082631973775e-05,—
acknowledge,10,2.569082631973775e-05,—
assigning,10,2.569082631973775e-05,—
variance,10,2.569082631973775e-05,—
aspberry,10,2.569082631973775e-05,—
mutually,10,2.569082631973775e-05,—
nly,10,2.569082631973775e-05,—
saving,10,2.569082631973775e-05,—
agnostic,10,2.569082631973775e-05,—
guys,10,2.569082631973775e-05,—
homes,10,2.569082631973775e-05,—
corresponds,10,2.569082631973775e-05,—
checkout,10,2.569082631973775e-05,—
altruists,10,2.569082631973775e-05,—
strive,10,2.569082631973775e-05,—
lsz,10,2.569082631973775e-05,—
accompanying,10,2.569082631973775e-05,—
tester,10,2.569082631973775e-05,—
selecting,10,2.569082631973775e-05,—
epending,10,2.569082631973775e-05,—
merely,10,2.569082631973775e-05,—
ange,10,2.569082631973775e-05,—
attacking,10,2.569082631973775e-05,—
onclusio,10,2.569082631973775e-05,—
protecting,10,2.569082631973775e-05,—
dropped,10,2.569082631973775e-05,—
decentralize,10,2.569082631973775e-05,—
derived,10,2.569082631973775e-05,—
informatio,10,2.569082631973775e-05,—
careful,10,2.569082631973775e-05,—
ength,10,2.569082631973775e-05,—
rush,10,2.569082631973775e-05,—
infinity,10,2.569082631973775e-05,—
computatio,10,2.569082631973775e-05,—
epublic,10,2.569082631973775e-05,—
ithdrawal,10,2.569082631973775e-05,—
periodically,10,2.569082631973775e-05,—
promises,10,2.569082631973775e-05,—
forgotten,10,2.569082631973775e-05,—
installed,10,2.569082631973775e-05,—
edit,10,2.569082631973775e-05,—
eputation,10,2.569082631973775e-05,—
hypercube,10,2.569082631973775e-05,—
ease,10,2.569082631973775e-05,—
comprised,10,2.569082631973775e-05,—
template,10,2.569082631973775e-05,—
editor,10,2.569082631973775e-05,—
hopes,10,2.569082631973775e-05,—
approve,10,2.569082631973775e-05,—
summarized,10,2.569082631973775e-05,—
allocating,10,2.569082631973775e-05,—
label,10,2.569082631973775e-05,—
natively,10,2.569082631973775e-05,—
ative,10,2.569082631973775e-05,—
tables,10,2.569082631973775e-05,—
presents,10,2.569082631973775e-05,—
undergo,10,2.569082631973775e-05,—
transformation,10,2.569082631973775e-05,discours_vision
outage,10,2.569082631973775e-05,—
altruistic,10,2.569082631973775e-05,—
auditable,10,2.569082631973775e-05,—
commercial,10,2.569082631973775e-05,—
breaks,10,2.569082631973775e-05,—
insecure,10,2.569082631973775e-05,—
isa,10,2.569082631973775e-05,—
tweaks,10,2.569082631973775e-05,—
atching,10,2.569082631973775e-05,—
increment,10,2.569082631973775e-05,—
destroying,10,2.569082631973775e-05,—
isolated,10,2.569082631973775e-05,—
checkpointing,10,2.569082631973775e-05,—
newest,10,2.569082631973775e-05,—
integratio,10,2.569082631973775e-05,—
arsaw,10,2.569082631973775e-05,—
street,10,2.569082631973775e-05,—
derstanding,10,2.569082631973775e-05,—
instability,10,2.569082631973775e-05,—
behalf,10,2.569082631973775e-05,—
authored,10,2.569082631973775e-05,—
reat,10,2.569082631973775e-05,—
constrained,10,2.569082631973775e-05,—
venues,10,2.569082631973775e-05,—
orth,10,2.569082631973775e-05,—
inay,10,2.569082631973775e-05,—
variant,10,2.569082631973775e-05,—
detailing,10,2.569082631973775e-05,—
rkadiy,10,2.569082631973775e-05,—
lasting,10,2.569082631973775e-05,—
crowd,10,2.569082631973775e-05,—
revenues,10,2.569082631973775e-05,—
whilst,10,2.569082631973775e-05,—
morning,10,2.569082631973775e-05,—
hursday,10,2.569082631973775e-05,—
viability,10,2.569082631973775e-05,—
worthwhile,10,2.569082631973775e-05,—
eing,10,2.569082631973775e-05,—
adverse,10,2.569082631973775e-05,—
ntil,10,2.569082631973775e-05,—
sponsoring,10,2.569082631973775e-05,—
jutta,10,2.569082631973775e-05,—
rior,10,2.569082631973775e-05,—
listing,10,2.569082631973775e-05,—
eposing,10,2.569082631973775e-05,—
assignment,10,2.569082631973775e-05,—
erifying,10,2.569082631973775e-05,—
payoff,10,2.569082631973775e-05,—
cooperate,10,2.569082631973775e-05,—
ikileaks,10,2.569082631973775e-05,—
ndrew,10,2.569082631973775e-05,—
policymakers,10,2.569082631973775e-05,—
station,10,2.569082631973775e-05,—
transacting,10,2.569082631973775e-05,—
tour,10,2.569082631973775e-05,—
ovators,10,2.569082631973775e-05,—
owards,10,2.569082631973775e-05,—
gathered,10,2.569082631973775e-05,—
ultiple,10,2.569082631973775e-05,—
mere,10,2.569082631973775e-05,—
audiences,10,2.569082631973775e-05,—
matured,10,2.569082631973775e-05,—
persisted,10,2.569082631973775e-05,—
hitting,10,2.569082631973775e-05,—
pip,10,2.569082631973775e-05,—
recommendation,10,2.569082631973775e-05,—
han,10,2.569082631973775e-05,—
inked,10,2.569082631973775e-05,—
intersection,10,2.569082631973775e-05,—
operates,10,2.569082631973775e-05,—
emedial,10,2.569082631973775e-05,—
ersions,10,2.569082631973775e-05,—
advised,10,2.569082631973775e-05,—
datadir,10,2.569082631973775e-05,—
interacts,10,2.569082631973775e-05,—
provers,10,2.569082631973775e-05,—
aker,10,2.569082631973775e-05,—
ickets,10,2.569082631973775e-05,—
giant,10,2.569082631973775e-05,—
optional,10,2.569082631973775e-05,—
timer,10,2.569082631973775e-05,—
etaask,10,2.569082631973775e-05,—
progressive,10,2.569082631973775e-05,—
ignatures,10,2.569082631973775e-05,—
orange,10,2.569082631973775e-05,—
ports,10,2.569082631973775e-05,—
roposal,10,2.569082631973775e-05,—
awaited,10,2.569082631973775e-05,—
embrace,10,2.569082631973775e-05,—
ryptoeconomics,10,2.569082631973775e-05,—
award,10,2.569082631973775e-05,—
indefinitely,10,2.569082631973775e-05,—
péter,10,2.569082631973775e-05,—
szilágyi,10,2.569082631973775e-05,—
translates,10,2.569082631973775e-05,—
junk,10,2.569082631973775e-05,—
packed,10,2.569082631973775e-05,—
flows,10,2.569082631973775e-05,—
mportant,10,2.569082631973775e-05,—
rograms,10,2.569082631973775e-05,—
eitwiessner,10,2.569082631973775e-05,—
disclosure,10,2.569082631973775e-05,—
bootnodes,10,2.569082631973775e-05,—
ethstats,10,2.569082631973775e-05,—
alysis,10,2.569082631973775e-05,—
stem,10,2.569082631973775e-05,—
pragma,10,2.569082631973775e-05,—
herein,10,2.569082631973775e-05,—
sponsors,10,2.569082631973775e-05,—
uropean,10,2.569082631973775e-05,—
lectron,10,2.569082631973775e-05,—
allowance,10,2.569082631973775e-05,—
il,10,2.569082631973775e-05,—
afety,10,2.569082631973775e-05,—
ounties,10,2.569082631973775e-05,—
ig,10,2.569082631973775e-05,—
regional,10,2.569082631973775e-05,—
leey,10,2.569082631973775e-05,—
enchmarking,10,2.569082631973775e-05,—
anta,10,2.569082631973775e-05,—
guyen,10,2.569082631973775e-05,—
monitored,10,2.569082631973775e-05,—
onduct,10,2.569082631973775e-05,—
alidated,10,2.569082631973775e-05,—
beaconcha,10,2.569082631973775e-05,—
telegram,10,2.569082631973775e-05,—
compressed,10,2.569082631973775e-05,—
itnesses,10,2.569082631973775e-05,—
hopeful,10,2.569082631973775e-05,—
slashings,10,2.569082631973775e-05,—
slashable,10,2.569082631973775e-05,—
udits,10,2.569082631973775e-05,—
ondo,10,2.569082631973775e-05,—
iles,10,2.569082631973775e-05,—
vi,10,2.569082631973775e-05,—
iego,10,2.569082631973775e-05,—
ryptographic,10,2.569082631973775e-05,—
circom,10,2.569082631973775e-05,—
nti,10,2.569082631973775e-05,—
ollusion,10,2.569082631973775e-05,—
fundamentals,10,2.569082631973775e-05,—
lind,10,2.569082631973775e-05,—
invariants,10,2.569082631973775e-05,—
osh,10,2.569082631973775e-05,—
shutdown,10,2.569082631973775e-05,—
ydney,10,2.569082631973775e-05,—
zech,10,2.569082631973775e-05,—
urboeth,10,2.569082631973775e-05,—
ogota,10,2.569082631973775e-05,—
learnings,10,2.569082631973775e-05,—
iga,10,2.569082631973775e-05,—
uests,10,2.569082631973775e-05,—
instructio,10,2.569082631973775e-05,—
gine,10,2.569082631973775e-05,—
lectures,10,2.569082631973775e-05,—
mindful,10,2.569082631973775e-05,—
apis,10,2.569082631973775e-05,—
yiv,10,2.569082631973775e-05,—
quiz,10,2.569082631973775e-05,—
untarenas,10,2.569082631973775e-05,—
uidl,10,2.569082631973775e-05,—
arcaster,10,2.569082631973775e-05,—
eneb,10,2.569082631973775e-05,—
rtifact,10,2.569082631973775e-05,—
ypherpunk,10,2.569082631973775e-05,—
ursive,10,2.569082631973775e-05,—
esearcher,10,2.569082631973775e-05,—
ropbo,9,2.3121743687763974e-05,—
vastly,9,2.3121743687763974e-05,—
oint,9,2.3121743687763974e-05,—
hiding,9,2.3121743687763974e-05,—
frame,9,2.3121743687763974e-05,—
wishes,9,2.3121743687763974e-05,—
trivially,9,2.3121743687763974e-05,—
recognition,9,2.3121743687763974e-05,—
universally,9,2.3121743687763974e-05,—
datasets,9,2.3121743687763974e-05,—
detecting,9,2.3121743687763974e-05,—
multiplying,9,2.3121743687763974e-05,—
calculating,9,2.3121743687763974e-05,—
tasked,9,2.3121743687763974e-05,—
hires,9,2.3121743687763974e-05,—
granted,9,2.3121743687763974e-05,—
pointed,9,2.3121743687763974e-05,—
fraction,9,2.3121743687763974e-05,—
submitter,9,2.3121743687763974e-05,—
customer,9,2.3121743687763974e-05,—
forwarding,9,2.3121743687763974e-05,—
proceed,9,2.3121743687763974e-05,—
employee,9,2.3121743687763974e-05,—
discrete,9,2.3121743687763974e-05,—
agger,9,2.3121743687763974e-05,—
burning,9,2.3121743687763974e-05,—
facto,9,2.3121743687763974e-05,—
preserve,9,2.3121743687763974e-05,—
determines,9,2.3121743687763974e-05,—
environmental,9,2.3121743687763974e-05,—
deserves,9,2.3121743687763974e-05,—
hedging,9,2.3121743687763974e-05,—
uteri,9,2.3121743687763974e-05,—
pybitcointools,9,2.3121743687763974e-05,—
entrepreneur,9,2.3121743687763974e-05,—
ngineering,9,2.3121743687763974e-05,—
aylor,9,2.3121743687763974e-05,—
teve,9,2.3121743687763974e-05,—
invest,9,2.3121743687763974e-05,—
hubs,9,2.3121743687763974e-05,—
consult,9,2.3121743687763974e-05,—
ci,9,2.3121743687763974e-05,—
buyers,9,2.3121743687763974e-05,—
trades,9,2.3121743687763974e-05,—
controlling,9,2.3121743687763974e-05,—
consumes,9,2.3121743687763974e-05,—
preferences,9,2.3121743687763974e-05,—
prohibitively,9,2.3121743687763974e-05,—
structural,9,2.3121743687763974e-05,—
easiest,9,2.3121743687763974e-05,—
pointers,9,2.3121743687763974e-05,—
discourage,9,2.3121743687763974e-05,—
pushes,9,2.3121743687763974e-05,—
swaps,9,2.3121743687763974e-05,—
friction,9,2.3121743687763974e-05,—
ergio,9,2.3121743687763974e-05,—
caches,9,2.3121743687763974e-05,—
adjusting,9,2.3121743687763974e-05,—
skilled,9,2.3121743687763974e-05,—
compensate,9,2.3121743687763974e-05,—
simplifies,9,2.3121743687763974e-05,—
obfuscator,9,2.3121743687763974e-05,—
uncover,9,2.3121743687763974e-05,—
obfuscated,9,2.3121743687763974e-05,—
strengths,9,2.3121743687763974e-05,—
biased,9,2.3121743687763974e-05,—
fatal,9,2.3121743687763974e-05,—
buffer,9,2.3121743687763974e-05,—
installment,9,2.3121743687763974e-05,—
ancestor,9,2.3121743687763974e-05,—
supplying,9,2.3121743687763974e-05,—
tens,9,2.3121743687763974e-05,—
gaming,9,2.3121743687763974e-05,—
measurement,9,2.3121743687763974e-05,—
advocates,9,2.3121743687763974e-05,—
convincing,9,2.3121743687763974e-05,—
poor,9,2.3121743687763974e-05,—
clubs,9,2.3121743687763974e-05,—
reusable,9,2.3121743687763974e-05,—
itecoin,9,2.3121743687763974e-05,—
nonces,9,2.3121743687763974e-05,—
tricks,9,2.3121743687763974e-05,—
ane,9,2.3121743687763974e-05,—
recursively,9,2.3121743687763974e-05,—
eal,9,2.3121743687763974e-05,—
imple,9,2.3121743687763974e-05,—
hidden,9,2.3121743687763974e-05,—
decoder,9,2.3121743687763974e-05,—
initialization,9,2.3121743687763974e-05,—
treated,9,2.3121743687763974e-05,—
ais,9,2.3121743687763974e-05,—
transforming,9,2.3121743687763974e-05,—
stops,9,2.3121743687763974e-05,—
suddenly,9,2.3121743687763974e-05,—
valuation,9,2.3121743687763974e-05,—
books,9,2.3121743687763974e-05,—
deserve,9,2.3121743687763974e-05,—
contributes,9,2.3121743687763974e-05,—
ryptocurrency,9,2.3121743687763974e-05,—
nver,9,2.3121743687763974e-05,—
clearer,9,2.3121743687763974e-05,—
paradigms,9,2.3121743687763974e-05,—
transferable,9,2.3121743687763974e-05,—
forked,9,2.3121743687763974e-05,—
qualify,9,2.3121743687763974e-05,—
interoperable,9,2.3121743687763974e-05,—
conservative,9,2.3121743687763974e-05,—
forthcoming,9,2.3121743687763974e-05,—
virtually,9,2.3121743687763974e-05,—
housing,9,2.3121743687763974e-05,—
rigorous,9,2.3121743687763974e-05,—
founding,9,2.3121743687763974e-05,—
formalized,9,2.3121743687763974e-05,—
develops,9,2.3121743687763974e-05,—
mines,9,2.3121743687763974e-05,—
entitled,9,2.3121743687763974e-05,—
hole,9,2.3121743687763974e-05,—
posting,9,2.3121743687763974e-05,—
parliament,9,2.3121743687763974e-05,—
elected,9,2.3121743687763974e-05,—
inequality,9,2.3121743687763974e-05,—
spots,9,2.3121743687763974e-05,—
sca,9,2.3121743687763974e-05,—
intense,9,2.3121743687763974e-05,—
deviation,9,2.3121743687763974e-05,—
henzhen,9,2.3121743687763974e-05,—
hipping,9,2.3121743687763974e-05,—
convergence,9,2.3121743687763974e-05,—
square,9,2.3121743687763974e-05,—
cycles,9,2.3121743687763974e-05,—
hurt,9,2.3121743687763974e-05,—
compleities,9,2.3121743687763974e-05,—
weighted,9,2.3121743687763974e-05,—
eel,9,2.3121743687763974e-05,—
vals,9,2.3121743687763974e-05,—
accidental,9,2.3121743687763974e-05,—
dishonest,9,2.3121743687763974e-05,—
candidates,9,2.3121743687763974e-05,—
backbone,9,2.3121743687763974e-05,—
ecker,9,2.3121743687763974e-05,—
urich,9,2.3121743687763974e-05,—
fficiency,9,2.3121743687763974e-05,—
verage,9,2.3121743687763974e-05,—
unambiguous,9,2.3121743687763974e-05,—
fu,9,2.3121743687763974e-05,—
sea,9,2.3121743687763974e-05,—
corrupted,9,2.3121743687763974e-05,—
civilization,9,2.3121743687763974e-05,—
suspect,9,2.3121743687763974e-05,—
leakage,9,2.3121743687763974e-05,—
ignature,9,2.3121743687763974e-05,—
chooses,9,2.3121743687763974e-05,—
malfeasance,9,2.3121743687763974e-05,—
alt,9,2.3121743687763974e-05,—
pyethsaletool,9,2.3121743687763974e-05,—
anguages,9,2.3121743687763974e-05,—
rogramming,9,2.3121743687763974e-05,—
revious,9,2.3121743687763974e-05,—
spreadsheet,9,2.3121743687763974e-05,—
equality,9,2.3121743687763974e-05,—
coefficient,9,2.3121743687763974e-05,—
wrapped,9,2.3121743687763974e-05,—
multiply,9,2.3121743687763974e-05,—
uniquely,9,2.3121743687763974e-05,—
outube,9,2.3121743687763974e-05,—
nine,9,2.3121743687763974e-05,—
bindings,9,2.3121743687763974e-05,—
replacement,9,2.3121743687763974e-05,—
diagrams,9,2.3121743687763974e-05,—
voter,9,2.3121743687763974e-05,—
mechanic,9,2.3121743687763974e-05,—
century,9,2.3121743687763974e-05,—
ultra,9,2.3121743687763974e-05,—
toke,9,2.3121743687763974e-05,—
olding,9,2.3121743687763974e-05,—
eve,9,2.3121743687763974e-05,—
ample,9,2.3121743687763974e-05,—
invariant,9,2.3121743687763974e-05,—
remind,9,2.3121743687763974e-05,—
invention,9,2.3121743687763974e-05,—
societal,9,2.3121743687763974e-05,—
tackling,9,2.3121743687763974e-05,—
thrive,9,2.3121743687763974e-05,—
glacier,9,2.3121743687763974e-05,—
width,9,2.3121743687763974e-05,—
lately,9,2.3121743687763974e-05,—
dead,9,2.3121743687763974e-05,—
sought,9,2.3121743687763974e-05,—
tolerant,9,2.3121743687763974e-05,—
motivated,9,2.3121743687763974e-05,—
entails,9,2.3121743687763974e-05,—
advertise,9,2.3121743687763974e-05,—
custodial,9,2.3121743687763974e-05,—
shadow,9,2.3121743687763974e-05,—
tail,9,2.3121743687763974e-05,—
reflects,9,2.3121743687763974e-05,—
endermint,9,2.3121743687763974e-05,—
dominate,9,2.3121743687763974e-05,—
ðξv,9,2.3121743687763974e-05,—
abian,9,2.3121743687763974e-05,—
alifornia,9,2.3121743687763974e-05,—
adjacent,9,2.3121743687763974e-05,—
peaking,9,2.3121743687763974e-05,—
readiness,9,2.3121743687763974e-05,—
essages,9,2.3121743687763974e-05,—
comprising,9,2.3121743687763974e-05,—
nformation,9,2.3121743687763974e-05,—
mistakes,9,2.3121743687763974e-05,—
song,9,2.3121743687763974e-05,—
atpec,9,2.3121743687763974e-05,—
olish,9,2.3121743687763974e-05,—
jeffrey,9,2.3121743687763974e-05,—
wild,9,2.3121743687763974e-05,—
detection,9,2.3121743687763974e-05,—
coupled,9,2.3121743687763974e-05,—
mitigation,9,2.3121743687763974e-05,—
tight,9,2.3121743687763974e-05,—
hardened,9,2.3121743687763974e-05,—
collaborators,9,2.3121743687763974e-05,—
maimalism,9,2.3121743687763974e-05,—
ounterparty,9,2.3121743687763974e-05,—
departure,9,2.3121743687763974e-05,—
theorem,9,2.3121743687763974e-05,—
investments,9,2.3121743687763974e-05,—
ets,9,2.3121743687763974e-05,—
elcome,9,2.3121743687763974e-05,—
uesday,9,2.3121743687763974e-05,—
resident,9,2.3121743687763974e-05,—
weekend,9,2.3121743687763974e-05,—
footprint,9,2.3121743687763974e-05,—
steiner,9,2.3121743687763974e-05,—
tailored,9,2.3121743687763974e-05,—
switches,9,2.3121743687763974e-05,—
medical,9,2.3121743687763974e-05,—
nline,9,2.3121743687763974e-05,—
overhaul,9,2.3121743687763974e-05,—
preimage,9,2.3121743687763974e-05,—
bear,9,2.3121743687763974e-05,—
poch,9,2.3121743687763974e-05,—
defect,9,2.3121743687763974e-05,—
lice,9,2.3121743687763974e-05,—
batch,9,2.3121743687763974e-05,—
strike,9,2.3121743687763974e-05,—
complement,9,2.3121743687763974e-05,—
oundations,9,2.3121743687763974e-05,—
att,9,2.3121743687763974e-05,—
bare,9,2.3121743687763974e-05,—
crafting,9,2.3121743687763974e-05,—
openly,9,2.3121743687763974e-05,—
fantastic,9,2.3121743687763974e-05,—
rollout,9,2.3121743687763974e-05,—
admin,9,2.3121743687763974e-05,—
practitioners,9,2.3121743687763974e-05,—
singular,9,2.3121743687763974e-05,—
bonds,9,2.3121743687763974e-05,—
pring,9,2.3121743687763974e-05,—
isolation,9,2.3121743687763974e-05,—
ollators,9,2.3121743687763974e-05,—
overlay,9,2.3121743687763974e-05,—
payouts,9,2.3121743687763974e-05,—
usefulness,9,2.3121743687763974e-05,—
besides,9,2.3121743687763974e-05,—
inspire,9,2.3121743687763974e-05,—
hackatho,9,2.3121743687763974e-05,—
peak,9,2.3121743687763974e-05,—
applicatio,9,2.3121743687763974e-05,—
arly,9,2.3121743687763974e-05,—
proceeds,9,2.3121743687763974e-05,—
spin,9,2.3121743687763974e-05,—
solver,9,2.3121743687763974e-05,—
bundles,9,2.3121743687763974e-05,—
visibility,9,2.3121743687763974e-05,—
urrent,9,2.3121743687763974e-05,—
requisite,9,2.3121743687763974e-05,—
revamped,9,2.3121743687763974e-05,—
megabytes,9,2.3121743687763974e-05,—
workaround,9,2.3121743687763974e-05,—
collision,9,2.3121743687763974e-05,—
amuel,9,2.3121743687763974e-05,—
codebases,9,2.3121743687763974e-05,—
nfter,9,2.3121743687763974e-05,—
irectors,9,2.3121743687763974e-05,—
transformative,9,2.3121743687763974e-05,—
iterative,9,2.3121743687763974e-05,—
ied,9,2.3121743687763974e-05,—
ge,9,2.3121743687763974e-05,—
advise,9,2.3121743687763974e-05,—
etherscan,9,2.3121743687763974e-05,usages
slated,9,2.3121743687763974e-05,—
moderation,9,2.3121743687763974e-05,—
ress,9,2.3121743687763974e-05,—
schema,9,2.3121743687763974e-05,—
odds,9,2.3121743687763974e-05,—
demonstrated,9,2.3121743687763974e-05,—
dogfooding,9,2.3121743687763974e-05,—
blocked,9,2.3121743687763974e-05,—
collaborated,9,2.3121743687763974e-05,—
uge,9,2.3121743687763974e-05,—
eng,9,2.3121743687763974e-05,—
eregszaszi,9,2.3121743687763974e-05,—
ractical,9,2.3121743687763974e-05,—
replaces,9,2.3121743687763974e-05,—
cast,9,2.3121743687763974e-05,—
undefined,9,2.3121743687763974e-05,—
arrives,9,2.3121743687763974e-05,—
pirapira,9,2.3121743687763974e-05,—
db,9,2.3121743687763974e-05,—
hudson,9,2.3121743687763974e-05,—
purious,9,2.3121743687763974e-05,—
soundness,9,2.3121743687763974e-05,—
shaping,9,2.3121743687763974e-05,—
afe,9,2.3121743687763974e-05,—
evs,9,2.3121743687763974e-05,—
reworked,9,2.3121743687763974e-05,—
impacting,9,2.3121743687763974e-05,—
changelog,9,2.3121743687763974e-05,—
urve,9,2.3121743687763974e-05,—
testeth,9,2.3121743687763974e-05,—
ncoder,9,2.3121743687763974e-05,—
presenters,9,2.3121743687763974e-05,—
ideo,9,2.3121743687763974e-05,—
iyaguchi,9,2.3121743687763974e-05,—
sovereignty,9,2.3121743687763974e-05,discours_vision
sability,9,2.3121743687763974e-05,—
equitable,9,2.3121743687763974e-05,—
ront,9,2.3121743687763974e-05,—
mperial,9,2.3121743687763974e-05,—
rystal,9,2.3121743687763974e-05,—
ponsorship,9,2.3121743687763974e-05,—
constellation,9,2.3121743687763974e-05,—
omb,9,2.3121743687763974e-05,—
utilize,9,2.3121743687763974e-05,—
olumbia,9,2.3121743687763974e-05,—
arry,9,2.3121743687763974e-05,—
voices,9,2.3121743687763974e-05,—
grammar,9,2.3121743687763974e-05,—
freezer,9,2.3121743687763974e-05,—
crawler,9,2.3121743687763974e-05,—
razil,9,2.3121743687763974e-05,—
directional,9,2.3121743687763974e-05,—
cholar,9,2.3121743687763974e-05,—
sian,9,2.3121743687763974e-05,—
ward,9,2.3121743687763974e-05,—
hiteblock,9,2.3121743687763974e-05,—
gossipsub,9,2.3121743687763974e-05,—
terested,9,2.3121743687763974e-05,—
etro,9,2.3121743687763974e-05,—
climate,9,2.3121743687763974e-05,—
omen,9,2.3121743687763974e-05,—
ttestation,9,2.3121743687763974e-05,—
lighthouse,9,2.3121743687763974e-05,—
carl,9,2.3121743687763974e-05,—
beekhuizen,9,2.3121743687763974e-05,—
rowing,9,2.3121743687763974e-05,—
digest,9,2.3121743687763974e-05,—
digging,9,2.3121743687763974e-05,—
reaso,9,2.3121743687763974e-05,—
chugging,9,2.3121743687763974e-05,—
onvention,9,2.3121743687763974e-05,—
quests,9,2.3121743687763974e-05,—
erpetual,9,2.3121743687763974e-05,—
iang,9,2.3121743687763974e-05,—
solc,9,2.3121743687763974e-05,—
attacknets,9,2.3121743687763974e-05,—
ortuguese,9,2.3121743687763974e-05,—
rowdin,9,2.3121743687763974e-05,—
flight,9,2.3121743687763974e-05,—
gatherings,9,2.3121743687763974e-05,—
cott,9,2.3121743687763974e-05,—
ourcify,9,2.3121743687763974e-05,—
ankrad,9,2.3121743687763974e-05,—
irep,9,2.3121743687763974e-05,—
preimages,9,2.3121743687763974e-05,—
chool,9,2.3121743687763974e-05,—
utomated,9,2.3121743687763974e-05,—
arius,9,2.3121743687763974e-05,—
terep,9,2.3121743687763974e-05,—
tension,9,2.3121743687763974e-05,—
agicians,9,2.3121743687763974e-05,—
echanism,9,2.3121743687763974e-05,—
agos,9,2.3121743687763974e-05,—
echanisms,9,2.3121743687763974e-05,—
ourse,9,2.3121743687763974e-05,—
enezuela,9,2.3121743687763974e-05,—
essions,9,2.3121743687763974e-05,—
cuador,9,2.3121743687763974e-05,—
hiva,9,2.3121743687763974e-05,—
yrian,9,2.3121743687763974e-05,—
eci,9,2.3121743687763974e-05,—
rodrigo,9,2.3121743687763974e-05,—
vasquez,9,2.3121743687763974e-05,—
erbia,9,2.3121743687763974e-05,—
delved,9,2.3121743687763974e-05,—
ipu,9,2.3121743687763974e-05,—
hiquito,9,2.3121743687763974e-05,—
phemery,9,2.3121743687763974e-05,—
ollen,9,2.3121743687763974e-05,—
epf,9,2.3121743687763974e-05,—
mmunefi,9,2.3121743687763974e-05,—
ural,9,2.3121743687763974e-05,—
sole,8,2.05526610557902e-05,—
silly,8,2.05526610557902e-05,—
anonymity,8,2.05526610557902e-05,—
ctually,8,2.05526610557902e-05,—
mapped,8,2.05526610557902e-05,—
ybil,8,2.05526610557902e-05,—
pretending,8,2.05526610557902e-05,—
voluntary,8,2.05526610557902e-05,—
trillion,8,2.05526610557902e-05,—
conclusions,8,2.05526610557902e-05,—
owns,8,2.05526610557902e-05,—
beings,8,2.05526610557902e-05,—
modifying,8,2.05526610557902e-05,—
carrying,8,2.05526610557902e-05,—
multisignature,8,2.05526610557902e-05,—
relied,8,2.05526610557902e-05,—
conditional,8,2.05526610557902e-05,—
igning,8,2.05526610557902e-05,—
artificial,8,2.05526610557902e-05,—
intervention,8,2.05526610557902e-05,—
demands,8,2.05526610557902e-05,—
facts,8,2.05526610557902e-05,—
democratic,8,2.05526610557902e-05,gouvernance
penalized,8,2.05526610557902e-05,—
stock,8,2.05526610557902e-05,—
nc,8,2.05526610557902e-05,—
adjustments,8,2.05526610557902e-05,—
authorities,8,2.05526610557902e-05,—
slasher,8,2.05526610557902e-05,—
compelling,8,2.05526610557902e-05,—
collects,8,2.05526610557902e-05,—
unspent,8,2.05526610557902e-05,—
eliminating,8,2.05526610557902e-05,—
fragmentation,8,2.05526610557902e-05,—
lisie,8,2.05526610557902e-05,—
ings,8,2.05526610557902e-05,—
ecentral,8,2.05526610557902e-05,—
contest,8,2.05526610557902e-05,—
tentatively,8,2.05526610557902e-05,—
stone,8,2.05526610557902e-05,—
sec,8,2.05526610557902e-05,—
sellers,8,2.05526610557902e-05,—
roblems,8,2.05526610557902e-05,—
apparent,8,2.05526610557902e-05,—
secpk,8,2.05526610557902e-05,—
friendliness,8,2.05526610557902e-05,—
refers,8,2.05526610557902e-05,—
rlp,8,2.05526610557902e-05,—
zeroes,8,2.05526610557902e-05,—
loose,8,2.05526610557902e-05,—
swapping,8,2.05526610557902e-05,—
counting,8,2.05526610557902e-05,—
hardforks,8,2.05526610557902e-05,—
appropriately,8,2.05526610557902e-05,—
srael,8,2.05526610557902e-05,—
scene,8,2.05526610557902e-05,—
indistinguishability,8,2.05526610557902e-05,—
digits,8,2.05526610557902e-05,—
multiplier,8,2.05526610557902e-05,—
dividends,8,2.05526610557902e-05,—
onsider,8,2.05526610557902e-05,—
duty,8,2.05526610557902e-05,—
lawyers,8,2.05526610557902e-05,—
unconfirmed,8,2.05526610557902e-05,—
boes,8,2.05526610557902e-05,—
cd,8,2.05526610557902e-05,—
clarify,8,2.05526610557902e-05,—
aypal,8,2.05526610557902e-05,—
iner,8,2.05526610557902e-05,—
vending,8,2.05526610557902e-05,—
whoever,8,2.05526610557902e-05,—
inserted,8,2.05526610557902e-05,—
doors,8,2.05526610557902e-05,—
salt,8,2.05526610557902e-05,—
sides,8,2.05526610557902e-05,—
lightning,8,2.05526610557902e-05,—
hired,8,2.05526610557902e-05,—
otice,8,2.05526610557902e-05,—
printing,8,2.05526610557902e-05,—
bay,8,2.05526610557902e-05,—
fairness,8,2.05526610557902e-05,—
troducing,8,2.05526610557902e-05,—
cancel,8,2.05526610557902e-05,—
drivers,8,2.05526610557902e-05,—
eamining,8,2.05526610557902e-05,—
writers,8,2.05526610557902e-05,—
specialization,8,2.05526610557902e-05,—
sequential,8,2.05526610557902e-05,—
forcing,8,2.05526610557902e-05,—
unclear,8,2.05526610557902e-05,—
overlap,8,2.05526610557902e-05,—
intricate,8,2.05526610557902e-05,—
epects,8,2.05526610557902e-05,—
loses,8,2.05526610557902e-05,—
prisoner,8,2.05526610557902e-05,—
infinitely,8,2.05526610557902e-05,—
encourages,8,2.05526610557902e-05,—
dilemma,8,2.05526610557902e-05,—
rray,8,2.05526610557902e-05,—
boring,8,2.05526610557902e-05,—
parse,8,2.05526610557902e-05,—
storagemsg,8,2.05526610557902e-05,—
echo,8,2.05526610557902e-05,—
coinbase,8,2.05526610557902e-05,—
ethvalue,8,2.05526610557902e-05,—
tracked,8,2.05526610557902e-05,—
replicate,8,2.05526610557902e-05,—
compensated,8,2.05526610557902e-05,—
disadvantage,8,2.05526610557902e-05,—
dimensions,8,2.05526610557902e-05,—
considerably,8,2.05526610557902e-05,—
stabilized,8,2.05526610557902e-05,—
othing,8,2.05526610557902e-05,—
mong,8,2.05526610557902e-05,—
labels,8,2.05526610557902e-05,—
sits,8,2.05526610557902e-05,—
uncomfortable,8,2.05526610557902e-05,—
transformed,8,2.05526610557902e-05,—
coherent,8,2.05526610557902e-05,—
hardest,8,2.05526610557902e-05,—
mentioning,8,2.05526610557902e-05,—
arrival,8,2.05526610557902e-05,—
enormous,8,2.05526610557902e-05,—
flagship,8,2.05526610557902e-05,—
racle,8,2.05526610557902e-05,—
conflict,8,2.05526610557902e-05,—
satisfies,8,2.05526610557902e-05,—
asically,8,2.05526610557902e-05,—
sacrificing,8,2.05526610557902e-05,—
speech,8,2.05526610557902e-05,—
anson,8,2.05526610557902e-05,—
justify,8,2.05526610557902e-05,—
reset,8,2.05526610557902e-05,—
inefficiency,8,2.05526610557902e-05,—
balanced,8,2.05526610557902e-05,—
jurisdictions,8,2.05526610557902e-05,—
ocumentation,8,2.05526610557902e-05,—
lean,8,2.05526610557902e-05,—
ish,8,2.05526610557902e-05,—
timestamping,8,2.05526610557902e-05,—
otably,8,2.05526610557902e-05,—
doubling,8,2.05526610557902e-05,—
irrational,8,2.05526610557902e-05,—
rs,8,2.05526610557902e-05,—
dozen,8,2.05526610557902e-05,—
wrapping,8,2.05526610557902e-05,—
centers,8,2.05526610557902e-05,—
epression,8,2.05526610557902e-05,—
proponents,8,2.05526610557902e-05,—
esistance,8,2.05526610557902e-05,—
revelation,8,2.05526610557902e-05,—
pos,8,2.05526610557902e-05,protocolaire
inal,8,2.05526610557902e-05,—
briefly,8,2.05526610557902e-05,—
hanging,8,2.05526610557902e-05,—
taylor,8,2.05526610557902e-05,—
secrets,8,2.05526610557902e-05,—
subscription,8,2.05526610557902e-05,—
attenhofer,8,2.05526610557902e-05,—
stales,8,2.05526610557902e-05,—
rees,8,2.05526610557902e-05,—
authors,8,2.05526610557902e-05,—
deviate,8,2.05526610557902e-05,—
nested,8,2.05526610557902e-05,—
cuts,8,2.05526610557902e-05,—
verifications,8,2.05526610557902e-05,—
mesh,8,2.05526610557902e-05,—
renaissance,8,2.05526610557902e-05,—
perceived,8,2.05526610557902e-05,—
navigating,8,2.05526610557902e-05,—
refresh,8,2.05526610557902e-05,—
cluster,8,2.05526610557902e-05,—
drawing,8,2.05526610557902e-05,—
reenet,8,2.05526610557902e-05,—
uptime,8,2.05526610557902e-05,—
suffice,8,2.05526610557902e-05,—
coordinates,8,2.05526610557902e-05,—
procedure,8,2.05526610557902e-05,—
fight,8,2.05526610557902e-05,—
segments,8,2.05526610557902e-05,—
commo,8,2.05526610557902e-05,—
participatory,8,2.05526610557902e-05,—
speculative,8,2.05526610557902e-05,—
valued,8,2.05526610557902e-05,—
stays,8,2.05526610557902e-05,—
shine,8,2.05526610557902e-05,—
penalize,8,2.05526610557902e-05,—
radically,8,2.05526610557902e-05,—
bloom,8,2.05526610557902e-05,—
dow,8,2.05526610557902e-05,—
mulmod,8,2.05526610557902e-05,—
iterating,8,2.05526610557902e-05,—
prevalent,8,2.05526610557902e-05,—
eccak,8,2.05526610557902e-05,—
inevitable,8,2.05526610557902e-05,—
emerged,8,2.05526610557902e-05,—
cultures,8,2.05526610557902e-05,—
scientists,8,2.05526610557902e-05,—
faced,8,2.05526610557902e-05,—
appeared,8,2.05526610557902e-05,—
hings,8,2.05526610557902e-05,—
coffee,8,2.05526610557902e-05,—
achievement,8,2.05526610557902e-05,—
theft,8,2.05526610557902e-05,—
psychological,8,2.05526610557902e-05,—
micropayments,8,2.05526610557902e-05,—
maimal,8,2.05526610557902e-05,—
escape,8,2.05526610557902e-05,—
specially,8,2.05526610557902e-05,—
permissions,8,2.05526610557902e-05,—
organisation,8,2.05526610557902e-05,—
internals,8,2.05526610557902e-05,—
ptimization,8,2.05526610557902e-05,—
incentivised,8,2.05526610557902e-05,—
umbrella,8,2.05526610557902e-05,—
originating,8,2.05526610557902e-05,—
irrelevant,8,2.05526610557902e-05,—
glance,8,2.05526610557902e-05,—
transitio,8,2.05526610557902e-05,—
generous,8,2.05526610557902e-05,—
brainwallets,8,2.05526610557902e-05,—
dog,8,2.05526610557902e-05,—
memorize,8,2.05526610557902e-05,—
equivalence,8,2.05526610557902e-05,—
ello,8,2.05526610557902e-05,—
ormally,8,2.05526610557902e-05,—
chapters,8,2.05526610557902e-05,—
aweł,8,2.05526610557902e-05,—
wilcke,8,2.05526610557902e-05,—
ms,8,2.05526610557902e-05,—
scenes,8,2.05526610557902e-05,—
eogenous,8,2.05526610557902e-05,—
endogenous,8,2.05526610557902e-05,—
chellingcoin,8,2.05526610557902e-05,—
flip,8,2.05526610557902e-05,—
omputation,8,2.05526610557902e-05,—
regression,8,2.05526610557902e-05,—
eploitability,8,2.05526610557902e-05,—
ol,8,2.05526610557902e-05,—
matched,8,2.05526610557902e-05,—
echanging,8,2.05526610557902e-05,—
metacoin,8,2.05526610557902e-05,—
redesign,8,2.05526610557902e-05,—
attacked,8,2.05526610557902e-05,—
evreau,8,2.05526610557902e-05,—
regulators,8,2.05526610557902e-05,—
lockstream,8,2.05526610557902e-05,—
eplanations,8,2.05526610557902e-05,—
catching,8,2.05526610557902e-05,—
logged,8,2.05526610557902e-05,—
ademlia,8,2.05526610557902e-05,—
cleanly,8,2.05526610557902e-05,—
profiling,8,2.05526610557902e-05,—
holidays,8,2.05526610557902e-05,—
multiplications,8,2.05526610557902e-05,—
ebble,8,2.05526610557902e-05,—
intentionally,8,2.05526610557902e-05,—
formalize,8,2.05526610557902e-05,—
sustaining,8,2.05526610557902e-05,—
visions,8,2.05526610557902e-05,—
ackend,8,2.05526610557902e-05,—
obile,8,2.05526610557902e-05,—
paperclips,8,2.05526610557902e-05,—
matri,8,2.05526610557902e-05,—
superrational,8,2.05526610557902e-05,—
la,8,2.05526610557902e-05,—
iller,8,2.05526610557902e-05,—
lacking,8,2.05526610557902e-05,—
advertised,8,2.05526610557902e-05,—
bar,8,2.05526610557902e-05,—
cleaner,8,2.05526610557902e-05,—
ter,8,2.05526610557902e-05,—
advisors,8,2.05526610557902e-05,—
substantive,8,2.05526610557902e-05,—
stepping,8,2.05526610557902e-05,—
typed,8,2.05526610557902e-05,—
combo,8,2.05526610557902e-05,—
minded,8,2.05526610557902e-05,—
behaviors,8,2.05526610557902e-05,—
thereans,8,2.05526610557902e-05,—
surprise,8,2.05526610557902e-05,—
utilized,8,2.05526610557902e-05,—
delighted,8,2.05526610557902e-05,—
disco,8,2.05526610557902e-05,—
refining,8,2.05526610557902e-05,—
steadily,8,2.05526610557902e-05,—
eat,8,2.05526610557902e-05,—
facilitated,8,2.05526610557902e-05,—
plumbing,8,2.05526610557902e-05,—
fibers,8,2.05526610557902e-05,—
alidation,8,2.05526610557902e-05,—
enub,8,2.05526610557902e-05,—
applicant,8,2.05526610557902e-05,—
remarkable,8,2.05526610557902e-05,—
portfolio,8,2.05526610557902e-05,—
nith,8,2.05526610557902e-05,—
advocate,8,2.05526610557902e-05,—
emphasizes,8,2.05526610557902e-05,—
healthcare,8,2.05526610557902e-05,—
nets,8,2.05526610557902e-05,—
incidents,8,2.05526610557902e-05,—
okyo,8,2.05526610557902e-05,—
ecentralization,8,2.05526610557902e-05,—
ns,8,2.05526610557902e-05,—
ehaustive,8,2.05526610557902e-05,—
magical,8,2.05526610557902e-05,—
narrative,8,2.05526610557902e-05,—
programmability,8,2.05526610557902e-05,—
leverages,8,2.05526610557902e-05,—
allets,8,2.05526610557902e-05,—
literal,8,2.05526610557902e-05,—
quietly,8,2.05526610557902e-05,—
copied,8,2.05526610557902e-05,—
spring,8,2.05526610557902e-05,—
ecovery,8,2.05526610557902e-05,—
tats,8,2.05526610557902e-05,—
ocumentatio,8,2.05526610557902e-05,—
partition,8,2.05526610557902e-05,—
overwritten,8,2.05526610557902e-05,—
ewards,8,2.05526610557902e-05,—
establishing,8,2.05526610557902e-05,—
reinstall,8,2.05526610557902e-05,—
predicted,8,2.05526610557902e-05,—
livestream,8,2.05526610557902e-05,—
crowdsale,8,2.05526610557902e-05,—
renewed,8,2.05526610557902e-05,—
peaker,8,2.05526610557902e-05,—
iving,8,2.05526610557902e-05,—
trustlessly,8,2.05526610557902e-05,—
lick,8,2.05526610557902e-05,—
simulator,8,2.05526610557902e-05,—
initcode,8,2.05526610557902e-05,—
heng,8,2.05526610557902e-05,—
flourishing,8,2.05526610557902e-05,—
families,8,2.05526610557902e-05,—
photo,8,2.05526610557902e-05,—
dedication,8,2.05526610557902e-05,—
nteractive,8,2.05526610557902e-05,—
mier,8,2.05526610557902e-05,—
license,8,2.05526610557902e-05,—
mportantly,8,2.05526610557902e-05,—
ohnson,8,2.05526610557902e-05,—
dropping,8,2.05526610557902e-05,—
trouble,8,2.05526610557902e-05,—
tatic,8,2.05526610557902e-05,—
arious,8,2.05526610557902e-05,—
ethervote,8,2.05526610557902e-05,—
inactive,8,2.05526610557902e-05,—
concurrently,8,2.05526610557902e-05,—
crises,8,2.05526610557902e-05,—
ok,8,2.05526610557902e-05,—
compares,8,2.05526610557902e-05,—
hapter,8,2.05526610557902e-05,—
ncentive,8,2.05526610557902e-05,—
researched,8,2.05526610557902e-05,—
streams,8,2.05526610557902e-05,—
bigint,8,2.05526610557902e-05,—
ashboard,8,2.05526610557902e-05,—
ina,8,2.05526610557902e-05,—
parser,8,2.05526610557902e-05,—
ltra,8,2.05526610557902e-05,—
panding,8,2.05526610557902e-05,—
aiding,8,2.05526610557902e-05,—
terprise,8,2.05526610557902e-05,—
deprecation,8,2.05526610557902e-05,—
rade,8,2.05526610557902e-05,—
nations,8,2.05526610557902e-05,—
ypescript,8,2.05526610557902e-05,—
calendars,8,2.05526610557902e-05,—
ıv,8,2.05526610557902e-05,—
gateway,8,2.05526610557902e-05,—
scholarship,8,2.05526610557902e-05,—
cholarship,8,2.05526610557902e-05,—
slides,8,2.05526610557902e-05,—
celebrating,8,2.05526610557902e-05,—
publications,8,2.05526610557902e-05,—
eeting,8,2.05526610557902e-05,—
broadly,8,2.05526610557902e-05,—
visualizations,8,2.05526610557902e-05,—
harden,8,2.05526610557902e-05,—
hardening,8,2.05526610557902e-05,—
adrid,8,2.05526610557902e-05,—
composition,8,2.05526610557902e-05,—
reorg,8,2.05526610557902e-05,—
goerli,8,2.05526610557902e-05,—
keycard,8,2.05526610557902e-05,—
calldata,8,2.05526610557902e-05,—
heckpoint,8,2.05526610557902e-05,—
pars,8,2.05526610557902e-05,—
enode,8,2.05526610557902e-05,—
wag,8,2.05526610557902e-05,—
eva,8,2.05526610557902e-05,—
eong,8,2.05526610557902e-05,—
attendance,8,2.05526610557902e-05,—
nterop,8,2.05526610557902e-05,—
ssz,8,2.05526610557902e-05,—
tation,8,2.05526610557902e-05,—
women,8,2.05526610557902e-05,—
prysm,8,2.05526610557902e-05,—
istanbul,8,2.05526610557902e-05,—
unday,8,2.05526610557902e-05,—
orkshops,8,2.05526610557902e-05,—
dgington,8,2.05526610557902e-05,—
mitigations,8,2.05526610557902e-05,—
uir,8,2.05526610557902e-05,—
chweitzer,8,2.05526610557902e-05,—
recordings,8,2.05526610557902e-05,—
suring,8,2.05526610557902e-05,—
lanet,8,2.05526610557902e-05,—
llocation,8,2.05526610557902e-05,—
ranziska,8,2.05526610557902e-05,—
eintel,8,2.05526610557902e-05,—
neighborhoods,8,2.05526610557902e-05,—
scalator,8,2.05526610557902e-05,—
etworks,8,2.05526610557902e-05,—
ouger,8,2.05526610557902e-05,—
ebridge,8,2.05526610557902e-05,—
playground,8,2.05526610557902e-05,—
attest,8,2.05526610557902e-05,—
unsure,8,2.05526610557902e-05,—
iming,8,2.05526610557902e-05,—
evfolio,8,2.05526610557902e-05,—
eoff,8,2.05526610557902e-05,—
wen,8,2.05526610557902e-05,—
cceleration,8,2.05526610557902e-05,—
stimator,8,2.05526610557902e-05,—
teps,8,2.05526610557902e-05,—
ambia,8,2.05526610557902e-05,—
estingheerge,8,2.05526610557902e-05,—
ollection,8,2.05526610557902e-05,—
egucigalpa,8,2.05526610557902e-05,—
ehibition,8,2.05526610557902e-05,—
disclosures,8,2.05526610557902e-05,—
urtosis,8,2.05526610557902e-05,—
uzzing,8,2.05526610557902e-05,—
utilizes,8,2.05526610557902e-05,—
accommodation,8,2.05526610557902e-05,—
ica,8,2.05526610557902e-05,—
oyal,8,2.05526610557902e-05,—
rancesco,8,2.05526610557902e-05,—
otary,8,2.05526610557902e-05,—
ovement,8,2.05526610557902e-05,—
alks,8,2.05526610557902e-05,—
doption,8,2.05526610557902e-05,—
couting,8,2.05526610557902e-05,—
couts,8,2.05526610557902e-05,—
unich,8,2.05526610557902e-05,—
ulenga,8,2.05526610557902e-05,—
museums,8,2.05526610557902e-05,—
eason,8,2.05526610557902e-05,—
scoping,8,2.05526610557902e-05,—
estino,8,2.05526610557902e-05,—
lamsterdam,8,2.05526610557902e-05,—
efipunk,8,2.05526610557902e-05,—
answered,7,1.7983578423816423e-05,—
genuine,7,1.7983578423816423e-05,—
gotten,7,1.7983578423816423e-05,—
strange,7,1.7983578423816423e-05,—
tactics,7,1.7983578423816423e-05,—
backdoor,7,1.7983578423816423e-05,—
punishment,7,1.7983578423816423e-05,—
keen,7,1.7983578423816423e-05,—
alk,7,1.7983578423816423e-05,—
himself,7,1.7983578423816423e-05,—
simulated,7,1.7983578423816423e-05,—
cars,7,1.7983578423816423e-05,—
theorems,7,1.7983578423816423e-05,—
interpretation,7,1.7983578423816423e-05,—
crop,7,1.7983578423816423e-05,—
migrated,7,1.7983578423816423e-05,—
assembled,7,1.7983578423816423e-05,—
nowhere,7,1.7983578423816423e-05,—
grained,7,1.7983578423816423e-05,—
iron,7,1.7983578423816423e-05,—
wasted,7,1.7983578423816423e-05,—
crypt,7,1.7983578423816423e-05,—
assisting,7,1.7983578423816423e-05,—
hacks,7,1.7983578423816423e-05,—
ventually,7,1.7983578423816423e-05,—
storaget,7,1.7983578423816423e-05,—
omania,7,1.7983578423816423e-05,—
olorado,7,1.7983578423816423e-05,—
mir,7,1.7983578423816423e-05,—
iami,7,1.7983578423816423e-05,—
viv,7,1.7983578423816423e-05,—
anticipating,7,1.7983578423816423e-05,—
logistical,7,1.7983578423816423e-05,—
impossibility,7,1.7983578423816423e-05,—
halting,7,1.7983578423816423e-05,—
workable,7,1.7983578423816423e-05,—
ry,7,1.7983578423816423e-05,—
cript,7,1.7983578423816423e-05,—
criterion,7,1.7983578423816423e-05,—
reused,7,1.7983578423816423e-05,—
references,7,1.7983578423816423e-05,—
letters,7,1.7983578423816423e-05,—
separating,7,1.7983578423816423e-05,—
summarize,7,1.7983578423816423e-05,—
mathematics,7,1.7983578423816423e-05,recherche
compromise,7,1.7983578423816423e-05,—
firmly,7,1.7983578423816423e-05,—
breakthrough,7,1.7983578423816423e-05,—
pioneered,7,1.7983578423816423e-05,—
encrypt,7,1.7983578423816423e-05,—
symmetric,7,1.7983578423816423e-05,—
logging,7,1.7983578423816423e-05,—
willingness,7,1.7983578423816423e-05,—
encountered,7,1.7983578423816423e-05,—
fundraising,7,1.7983578423816423e-05,—
purchasers,7,1.7983578423816423e-05,—
uyer,7,1.7983578423816423e-05,—
popularity,7,1.7983578423816423e-05,—
kilobyte,7,1.7983578423816423e-05,—
discard,7,1.7983578423816423e-05,—
adapted,7,1.7983578423816423e-05,—
flawed,7,1.7983578423816423e-05,—
hoped,7,1.7983578423816423e-05,—
enforces,7,1.7983578423816423e-05,—
formulas,7,1.7983578423816423e-05,—
proto,7,1.7983578423816423e-05,—
tea,7,1.7983578423816423e-05,—
sheet,7,1.7983578423816423e-05,—
assessing,7,1.7983578423816423e-05,—
writer,7,1.7983578423816423e-05,—
judgement,7,1.7983578423816423e-05,—
button,7,1.7983578423816423e-05,—
merchants,7,1.7983578423816423e-05,—
ilicon,7,1.7983578423816423e-05,—
triggering,7,1.7983578423816423e-05,—
ocus,7,1.7983578423816423e-05,—
reverts,7,1.7983578423816423e-05,—
grail,7,1.7983578423816423e-05,—
ovate,7,1.7983578423816423e-05,—
repeat,7,1.7983578423816423e-05,—
risky,7,1.7983578423816423e-05,—
ingredient,7,1.7983578423816423e-05,—
ping,7,1.7983578423816423e-05,—
believes,7,1.7983578423816423e-05,—
disrupt,7,1.7983578423816423e-05,—
repeated,7,1.7983578423816423e-05,—
homas,7,1.7983578423816423e-05,—
pdf,7,1.7983578423816423e-05,—
clone,7,1.7983578423816423e-05,—
egistration,7,1.7983578423816423e-05,—
constructing,7,1.7983578423816423e-05,—
utils,7,1.7983578423816423e-05,—
alling,7,1.7983578423816423e-05,—
elif,7,1.7983578423816423e-05,—
blank,7,1.7983578423816423e-05,—
eistent,7,1.7983578423816423e-05,—
chellingoi,7,1.7983578423816423e-05,—
recognizes,7,1.7983578423816423e-05,—
acebook,7,1.7983578423816423e-05,—
incentivizes,7,1.7983578423816423e-05,—
dictator,7,1.7983578423816423e-05,—
astercoin,7,1.7983578423816423e-05,—
ard,7,1.7983578423816423e-05,—
debates,7,1.7983578423816423e-05,—
understands,7,1.7983578423816423e-05,—
incomplete,7,1.7983578423816423e-05,—
gray,7,1.7983578423816423e-05,—
unbounded,7,1.7983578423816423e-05,—
classify,7,1.7983578423816423e-05,—
pursue,7,1.7983578423816423e-05,—
loaded,7,1.7983578423816423e-05,—
argued,7,1.7983578423816423e-05,—
artificially,7,1.7983578423816423e-05,—
pressures,7,1.7983578423816423e-05,—
rofit,7,1.7983578423816423e-05,—
avenues,7,1.7983578423816423e-05,—
flourish,7,1.7983578423816423e-05,—
jobs,7,1.7983578423816423e-05,—
farms,7,1.7983578423816423e-05,—
distributio,7,1.7983578423816423e-05,—
seful,7,1.7983578423816423e-05,—
disagree,7,1.7983578423816423e-05,—
noise,7,1.7983578423816423e-05,—
shapes,7,1.7983578423816423e-05,—
modes,7,1.7983578423816423e-05,—
stabilize,7,1.7983578423816423e-05,—
deleting,7,1.7983578423816423e-05,—
joins,7,1.7983578423816423e-05,—
cleaning,7,1.7983578423816423e-05,—
onsequences,7,1.7983578423816423e-05,—
onus,7,1.7983578423816423e-05,—
wishing,7,1.7983578423816423e-05,—
ideology,7,1.7983578423816423e-05,—
ecess,7,1.7983578423816423e-05,—
sake,7,1.7983578423816423e-05,—
wasteful,7,1.7983578423816423e-05,—
olutions,7,1.7983578423816423e-05,—
append,7,1.7983578423816423e-05,—
suboptimal,7,1.7983578423816423e-05,—
oi,7,1.7983578423816423e-05,—
outsourceable,7,1.7983578423816423e-05,—
graphics,7,1.7983578423816423e-05,—
unprofitable,7,1.7983578423816423e-05,—
additionally,7,1.7983578423816423e-05,—
hardness,7,1.7983578423816423e-05,—
skeptical,7,1.7983578423816423e-05,—
hsz,7,1.7983578423816423e-05,—
cur,7,1.7983578423816423e-05,—
enumerate,7,1.7983578423816423e-05,—
supplies,7,1.7983578423816423e-05,—
accumulate,7,1.7983578423816423e-05,—
igner,7,1.7983578423816423e-05,—
failing,7,1.7983578423816423e-05,—
recovered,7,1.7983578423816423e-05,—
simultaneous,7,1.7983578423816423e-05,—
gerring,7,1.7983578423816423e-05,—
passphrase,7,1.7983578423816423e-05,—
soul,7,1.7983578423816423e-05,—
sk,7,1.7983578423816423e-05,—
ir,7,1.7983578423816423e-05,—
envision,7,1.7983578423816423e-05,—
permanently,7,1.7983578423816423e-05,—
favorable,7,1.7983578423816423e-05,—
legitimately,7,1.7983578423816423e-05,—
challenged,7,1.7983578423816423e-05,—
imported,7,1.7983578423816423e-05,—
eodus,7,1.7983578423816423e-05,—
substituting,7,1.7983578423816423e-05,—
rack,7,1.7983578423816423e-05,—
spreadsheets,7,1.7983578423816423e-05,—
tipping,7,1.7983578423816423e-05,—
comparisons,7,1.7983578423816423e-05,—
epecting,7,1.7983578423816423e-05,—
incentivizing,7,1.7983578423816423e-05,—
storer,7,1.7983578423816423e-05,—
odd,7,1.7983578423816423e-05,—
consecutive,7,1.7983578423816423e-05,—
replication,7,1.7983578423816423e-05,—
egardless,7,1.7983578423816423e-05,—
nines,7,1.7983578423816423e-05,—
equations,7,1.7983578423816423e-05,—
parabola,7,1.7983578423816423e-05,—
prob,7,1.7983578423816423e-05,—
ikipedia,7,1.7983578423816423e-05,—
unavoidable,7,1.7983578423816423e-05,—
suffering,7,1.7983578423816423e-05,—
realizing,7,1.7983578423816423e-05,—
difficulties,7,1.7983578423816423e-05,—
plant,7,1.7983578423816423e-05,—
arkets,7,1.7983578423816423e-05,—
wildly,7,1.7983578423816423e-05,—
realistic,7,1.7983578423816423e-05,—
unrelated,7,1.7983578423816423e-05,—
finer,7,1.7983578423816423e-05,—
elect,7,1.7983578423816423e-05,—
ndeed,7,1.7983578423816423e-05,—
epectation,7,1.7983578423816423e-05,—
satisfiable,7,1.7983578423816423e-05,—
decreased,7,1.7983578423816423e-05,—
epands,7,1.7983578423816423e-05,—
satisfied,7,1.7983578423816423e-05,—
tensions,7,1.7983578423816423e-05,—
ither,7,1.7983578423816423e-05,—
safeguard,7,1.7983578423816423e-05,—
provable,7,1.7983578423816423e-05,—
foundations,7,1.7983578423816423e-05,—
sectors,7,1.7983578423816423e-05,—
intellectual,7,1.7983578423816423e-05,—
shifts,7,1.7983578423816423e-05,—
rationality,7,1.7983578423816423e-05,—
legitimacy,7,1.7983578423816423e-05,—
erkeley,7,1.7983578423816423e-05,—
rejecting,7,1.7983578423816423e-05,—
calldataload,7,1.7983578423816423e-05,—
logical,7,1.7983578423816423e-05,—
micropayment,7,1.7983578423816423e-05,—
auditor,7,1.7983578423816423e-05,—
accompanied,7,1.7983578423816423e-05,—
declare,7,1.7983578423816423e-05,—
acquiring,7,1.7983578423816423e-05,—
rela,7,1.7983578423816423e-05,—
timestampers,7,1.7983578423816423e-05,—
oland,7,1.7983578423816423e-05,—
tirelessly,7,1.7983578423816423e-05,—
erman,7,1.7983578423816423e-05,—
hesitate,7,1.7983578423816423e-05,—
sj,7,1.7983578423816423e-05,—
captured,7,1.7983578423816423e-05,—
noting,7,1.7983578423816423e-05,—
wealthy,7,1.7983578423816423e-05,—
circle,7,1.7983578423816423e-05,—
ingle,7,1.7983578423816423e-05,—
ethers,7,1.7983578423816423e-05,—
formation,7,1.7983578423816423e-05,—
alphabet,7,1.7983578423816423e-05,—
wisdom,7,1.7983578423816423e-05,—
probabilities,7,1.7983578423816423e-05,—
sequences,7,1.7983578423816423e-05,—
blind,7,1.7983578423816423e-05,—
movie,7,1.7983578423816423e-05,—
partnerships,7,1.7983578423816423e-05,—
ande,7,1.7983578423816423e-05,—
stars,7,1.7983578423816423e-05,—
ambridge,7,1.7983578423816423e-05,—
ransparency,7,1.7983578423816423e-05,—
supporter,7,1.7983578423816423e-05,—
fulfilling,7,1.7983578423816423e-05,—
overly,7,1.7983578423816423e-05,—
functioning,7,1.7983578423816423e-05,—
cryptoeconomy,7,1.7983578423816423e-05,—
reaking,7,1.7983578423816423e-05,—
tegration,7,1.7983578423816423e-05,—
confusion,7,1.7983578423816423e-05,—
speculation,7,1.7983578423816423e-05,—
urgent,7,1.7983578423816423e-05,—
generations,7,1.7983578423816423e-05,—
uite,7,1.7983578423816423e-05,—
berlin,7,1.7983578423816423e-05,—
eceptionally,7,1.7983578423816423e-05,—
behave,7,1.7983578423816423e-05,—
initiate,7,1.7983578423816423e-05,—
naming,7,1.7983578423816423e-05,—
formatting,7,1.7983578423816423e-05,—
assertion,7,1.7983578423816423e-05,—
otations,7,1.7983578423816423e-05,—
ustav,7,1.7983578423816423e-05,—
attributes,7,1.7983578423816423e-05,—
foremost,7,1.7983578423816423e-05,—
wondering,7,1.7983578423816423e-05,—
undamentals,7,1.7983578423816423e-05,—
sig,7,1.7983578423816423e-05,—
kernel,7,1.7983578423816423e-05,—
assignments,7,1.7983578423816423e-05,—
merger,7,1.7983578423816423e-05,—
adhere,7,1.7983578423816423e-05,—
oom,7,1.7983578423816423e-05,—
epository,7,1.7983578423816423e-05,—
skill,7,1.7983578423816423e-05,—
considers,7,1.7983578423816423e-05,—
throwing,7,1.7983578423816423e-05,—
hink,7,1.7983578423816423e-05,—
answering,7,1.7983578423816423e-05,—
envelope,7,1.7983578423816423e-05,—
ecluded,7,1.7983578423816423e-05,—
benefiting,7,1.7983578423816423e-05,—
epsilon,7,1.7983578423816423e-05,—
chaos,7,1.7983578423816423e-05,—
belonging,7,1.7983578423816423e-05,—
frozen,7,1.7983578423816423e-05,—
unction,7,1.7983578423816423e-05,—
prototyped,7,1.7983578423816423e-05,—
iana,7,1.7983578423816423e-05,—
heading,7,1.7983578423816423e-05,—
minted,7,1.7983578423816423e-05,—
stood,7,1.7983578423816423e-05,—
showcases,7,1.7983578423816423e-05,—
eatures,7,1.7983578423816423e-05,—
constraint,7,1.7983578423816423e-05,—
makers,7,1.7983578423816423e-05,—
epedite,7,1.7983578423816423e-05,—
defines,7,1.7983578423816423e-05,—
estimation,7,1.7983578423816423e-05,—
investigated,7,1.7983578423816423e-05,—
preparations,7,1.7983578423816423e-05,—
weren,7,1.7983578423816423e-05,—
crowdfunding,7,1.7983578423816423e-05,—
marking,7,1.7983578423816423e-05,—
retaining,7,1.7983578423816423e-05,—
unlocking,7,1.7983578423816423e-05,—
repos,7,1.7983578423816423e-05,—
evolves,7,1.7983578423816423e-05,—
academia,7,1.7983578423816423e-05,—
hunt,7,1.7983578423816423e-05,—
eagerly,7,1.7983578423816423e-05,—
ambiguity,7,1.7983578423816423e-05,—
disciplines,7,1.7983578423816423e-05,—
sleep,7,1.7983578423816423e-05,—
bazaar,7,1.7983578423816423e-05,—
relevance,7,1.7983578423816423e-05,—
driver,7,1.7983578423816423e-05,—
subspace,7,1.7983578423816423e-05,—
unavailable,7,1.7983578423816423e-05,—
hints,7,1.7983578423816423e-05,—
streamlined,7,1.7983578423816423e-05,—
nitial,7,1.7983578423816423e-05,—
ign,7,1.7983578423816423e-05,—
di,7,1.7983578423816423e-05,—
killer,7,1.7983578423816423e-05,—
civil,7,1.7983578423816423e-05,—
indispensable,7,1.7983578423816423e-05,—
restriction,7,1.7983578423816423e-05,—
paramount,7,1.7983578423816423e-05,—
overwrite,7,1.7983578423816423e-05,—
offices,7,1.7983578423816423e-05,—
importing,7,1.7983578423816423e-05,—
pi,7,1.7983578423816423e-05,—
ncluded,7,1.7983578423816423e-05,—
fancy,7,1.7983578423816423e-05,—
masses,7,1.7983578423816423e-05,—
skillset,7,1.7983578423816423e-05,—
layered,7,1.7983578423816423e-05,—
onitoring,7,1.7983578423816423e-05,—
segment,7,1.7983578423816423e-05,—
unpredictable,7,1.7983578423816423e-05,—
eporting,7,1.7983578423816423e-05,—
ear,7,1.7983578423816423e-05,—
gigabytes,7,1.7983578423816423e-05,—
utilization,7,1.7983578423816423e-05,—
promised,7,1.7983578423816423e-05,—
embers,7,1.7983578423816423e-05,—
profitability,7,1.7983578423816423e-05,—
ower,7,1.7983578423816423e-05,—
panic,7,1.7983578423816423e-05,—
authenticity,7,1.7983578423816423e-05,—
ully,7,1.7983578423816423e-05,—
readability,7,1.7983578423816423e-05,—
rovision,7,1.7983578423816423e-05,—
appeals,7,1.7983578423816423e-05,—
disabled,7,1.7983578423816423e-05,—
pyethapp,7,1.7983578423816423e-05,—
ipc,7,1.7983578423816423e-05,—
mitry,7,1.7983578423816423e-05,—
ruffle,7,1.7983578423816423e-05,—
aintaining,7,1.7983578423816423e-05,—
chats,7,1.7983578423816423e-05,—
nvironment,7,1.7983578423816423e-05,—
ingdom,7,1.7983578423816423e-05,—
retrieving,7,1.7983578423816423e-05,—
grade,7,1.7983578423816423e-05,—
menu,7,1.7983578423816423e-05,—
column,7,1.7983578423816423e-05,—
entral,7,1.7983578423816423e-05,—
mint,7,1.7983578423816423e-05,—
finalization,7,1.7983578423816423e-05,—
mbedded,7,1.7983578423816423e-05,—
mbient,7,1.7983578423816423e-05,—
api,7,1.7983578423816423e-05,développement
fe,7,1.7983578423816423e-05,—
async,7,1.7983578423816423e-05,—
sibling,7,1.7983578423816423e-05,—
supporters,7,1.7983578423816423e-05,—
mprove,7,1.7983578423816423e-05,—
chan,7,1.7983578423816423e-05,—
inquiries,7,1.7983578423816423e-05,—
minimizing,7,1.7983578423816423e-05,—
destinations,7,1.7983578423816423e-05,—
yesotes,7,1.7983578423816423e-05,—
ternational,7,1.7983578423816423e-05,—
entrancy,7,1.7983578423816423e-05,—
initialized,7,1.7983578423816423e-05,—
nascent,7,1.7983578423816423e-05,—
erver,7,1.7983578423816423e-05,—
ogote,7,1.7983578423816423e-05,—
uploaded,7,1.7983578423816423e-05,—
henever,7,1.7983578423816423e-05,—
voteap,7,1.7983578423816423e-05,—
navigation,7,1.7983578423816423e-05,—
plit,7,1.7983578423816423e-05,—
noday,7,1.7983578423816423e-05,—
analyzer,7,1.7983578423816423e-05,—
ytes,7,1.7983578423816423e-05,—
ecommended,7,1.7983578423816423e-05,—
pathways,7,1.7983578423816423e-05,—
tracer,7,1.7983578423816423e-05,—
archives,7,1.7983578423816423e-05,—
systematically,7,1.7983578423816423e-05,—
ropsten,7,1.7983578423816423e-05,—
deletions,7,1.7983578423816423e-05,—
warp,7,1.7983578423816423e-05,—
pruned,7,1.7983578423816423e-05,—
pairings,7,1.7983578423816423e-05,—
transport,7,1.7983578423816423e-05,—
encounter,7,1.7983578423816423e-05,—
garbage,7,1.7983578423816423e-05,—
simplifying,7,1.7983578423816423e-05,—
ethjs,7,1.7983578423816423e-05,—
ailure,7,1.7983578423816423e-05,—
steam,7,1.7983578423816423e-05,—
revamp,7,1.7983578423816423e-05,—
amboo,7,1.7983578423816423e-05,—
ecommendation,7,1.7983578423816423e-05,—
sabelle,7,1.7983578423816423e-05,—
summaries,7,1.7983578423816423e-05,—
locals,7,1.7983578423816423e-05,—
relations,7,1.7983578423816423e-05,—
uo,7,1.7983578423816423e-05,—
schedules,7,1.7983578423816423e-05,—
prevention,7,1.7983578423816423e-05,—
accomplishments,7,1.7983578423816423e-05,—
raken,7,1.7983578423816423e-05,—
tracers,7,1.7983578423816423e-05,—
ebocket,7,1.7983578423816423e-05,—
inaugural,7,1.7983578423816423e-05,—
ishlist,7,1.7983578423816423e-05,—
eru,7,1.7983578423816423e-05,—
al,7,1.7983578423816423e-05,—
backups,7,1.7983578423816423e-05,—
deva,7,1.7983578423816423e-05,—
ongress,7,1.7983578423816423e-05,—
esig,7,1.7983578423816423e-05,—
uidler,7,1.7983578423816423e-05,—
entures,7,1.7983578423816423e-05,—
stewards,7,1.7983578423816423e-05,—
representative,7,1.7983578423816423e-05,—
ethdevops,7,1.7983578423816423e-05,—
hainecurity,7,1.7983578423816423e-05,—
aunched,7,1.7983578423816423e-05,—
budgets,7,1.7983578423816423e-05,—
operated,7,1.7983578423816423e-05,—
ubernetes,7,1.7983578423816423e-05,—
discusses,7,1.7983578423816423e-05,—
advances,7,1.7983578423816423e-05,—
graphql,7,1.7983578423816423e-05,—
örli,7,1.7983578423816423e-05,—
etrics,7,1.7983578423816423e-05,—
atadog,7,1.7983578423816423e-05,—
lockscout,7,1.7983578423816423e-05,—
ocker,7,1.7983578423816423e-05,—
badge,7,1.7983578423816423e-05,—
tudents,7,1.7983578423816423e-05,—
egendre,7,1.7983578423816423e-05,—
ttendees,7,1.7983578423816423e-05,—
genda,7,1.7983578423816423e-05,—
bus,7,1.7983578423816423e-05,—
plore,7,1.7983578423816423e-05,—
eposit,7,1.7983578423816423e-05,—
erumi,7,1.7983578423816423e-05,—
andarin,7,1.7983578423816423e-05,—
compounding,7,1.7983578423816423e-05,—
uni,7,1.7983578423816423e-05,—
gadget,7,1.7983578423816423e-05,—
treasure,7,1.7983578423816423e-05,—
olger,7,1.7983578423816423e-05,—
rewes,7,1.7983578423816423e-05,—
cli,7,1.7983578423816423e-05,—
cope,7,1.7983578423816423e-05,—
iam,7,1.7983578423816423e-05,—
ubsequent,7,1.7983578423816423e-05,—
boosting,7,1.7983578423816423e-05,—
comprises,7,1.7983578423816423e-05,—
turbo,7,1.7983578423816423e-05,—
tandem,7,1.7983578423816423e-05,—
lashing,7,1.7983578423816423e-05,—
ynamic,7,1.7983578423816423e-05,—
eekhuizen,7,1.7983578423816423e-05,—
ombining,7,1.7983578423816423e-05,—
lion,7,1.7983578423816423e-05,—
roadmaps,7,1.7983578423816423e-05,—
ploration,7,1.7983578423816423e-05,—
olhint,7,1.7983578423816423e-05,—
ontinuation,7,1.7983578423816423e-05,—
ceremonies,7,1.7983578423816423e-05,—
bison,7,1.7983578423816423e-05,—
demos,7,1.7983578423816423e-05,—
eekhuize,7,1.7983578423816423e-05,—
keystores,7,1.7983578423816423e-05,—
systemic,7,1.7983578423816423e-05,—
dress,7,1.7983578423816423e-05,—
rehearsal,7,1.7983578423816423e-05,—
etaartel,7,1.7983578423816423e-05,—
harmers,7,1.7983578423816423e-05,—
keyed,7,1.7983578423816423e-05,—
olombian,7,1.7983578423816423e-05,—
seasoned,7,1.7983578423816423e-05,—
smallholder,7,1.7983578423816423e-05,—
airdrop,7,1.7983578423816423e-05,—
enson,7,1.7983578423816423e-05,—
positively,7,1.7983578423816423e-05,—
pprenticeship,7,1.7983578423816423e-05,—
eoul,7,1.7983578423816423e-05,—
omplutense,7,1.7983578423816423e-05,—
guiding,7,1.7983578423816423e-05,—
olygon,7,1.7983578423816423e-05,—
inh,7,1.7983578423816423e-05,—
suffi,7,1.7983578423816423e-05,—
arnabé,7,1.7983578423816423e-05,—
lvira,7,1.7983578423816423e-05,—
lattice,7,1.7983578423816423e-05,—
emphasizing,7,1.7983578423816423e-05,—
disruptions,7,1.7983578423816423e-05,—
nformatio,7,1.7983578423816423e-05,—
eadline,7,1.7983578423816423e-05,—
ungary,7,1.7983578423816423e-05,—
ra,7,1.7983578423816423e-05,—
anksharding,7,1.7983578423816423e-05,—
ept,7,1.7983578423816423e-05,—
uidluidl,7,1.7983578423816423e-05,—
amina,7,1.7983578423816423e-05,—
uala,7,1.7983578423816423e-05,—
umpur,7,1.7983578423816423e-05,—
methodologies,7,1.7983578423816423e-05,—
quizzes,7,1.7983578423816423e-05,—
lobs,7,1.7983578423816423e-05,—
hejiang,7,1.7983578423816423e-05,—
hana,7,1.7983578423816423e-05,—
rogrammable,7,1.7983578423816423e-05,—
upass,7,1.7983578423816423e-05,—
ncrease,7,1.7983578423816423e-05,—
restaking,7,1.7983578423816423e-05,—
lossary,7,1.7983578423816423e-05,—
lifetime,6,1.5414495791842648e-05,—
triple,6,1.5414495791842648e-05,—
weed,6,1.5414495791842648e-05,—
corrected,6,1.5414495791842648e-05,—
scans,6,1.5414495791842648e-05,—
tie,6,1.5414495791842648e-05,—
supposedly,6,1.5414495791842648e-05,—
bodies,6,1.5414495791842648e-05,—
biometric,6,1.5414495791842648e-05,—
correcting,6,1.5414495791842648e-05,—
destruction,6,1.5414495791842648e-05,—
oc,6,1.5414495791842648e-05,—
bitcoinmagazine,6,1.5414495791842648e-05,—
industrial,6,1.5414495791842648e-05,—
interpret,6,1.5414495791842648e-05,—
calculates,6,1.5414495791842648e-05,—
algebraic,6,1.5414495791842648e-05,—
division,6,1.5414495791842648e-05,—
embark,6,1.5414495791842648e-05,—
stabilizing,6,1.5414495791842648e-05,—
arose,6,1.5414495791842648e-05,—
clock,6,1.5414495791842648e-05,—
printed,6,1.5414495791842648e-05,—
echnically,6,1.5414495791842648e-05,—
automate,6,1.5414495791842648e-05,—
compromises,6,1.5414495791842648e-05,—
fragile,6,1.5414495791842648e-05,—
longside,6,1.5414495791842648e-05,—
takeovers,6,1.5414495791842648e-05,—
likelihood,6,1.5414495791842648e-05,—
arge,6,1.5414495791842648e-05,—
punitive,6,1.5414495791842648e-05,—
outlines,6,1.5414495791842648e-05,—
detects,6,1.5414495791842648e-05,—
ugly,6,1.5414495791842648e-05,—
nthony,6,1.5414495791842648e-05,—
fifteen,6,1.5414495791842648e-05,—
bears,6,1.5414495791842648e-05,—
internationally,6,1.5414495791842648e-05,—
coworking,6,1.5414495791842648e-05,—
ric,6,1.5414495791842648e-05,—
altcoin,6,1.5414495791842648e-05,—
iki,6,1.5414495791842648e-05,—
postpone,6,1.5414495791842648e-05,—
reinforce,6,1.5414495791842648e-05,—
absent,6,1.5414495791842648e-05,—
picks,6,1.5414495791842648e-05,—
ye,6,1.5414495791842648e-05,—
confirms,6,1.5414495791842648e-05,—
pollution,6,1.5414495791842648e-05,—
twofold,6,1.5414495791842648e-05,—
suffer,6,1.5414495791842648e-05,—
baked,6,1.5414495791842648e-05,—
val,6,1.5414495791842648e-05,—
olution,6,1.5414495791842648e-05,—
remedy,6,1.5414495791842648e-05,—
mutable,6,1.5414495791842648e-05,—
interpreters,6,1.5414495791842648e-05,—
programmers,6,1.5414495791842648e-05,—
iterated,6,1.5414495791842648e-05,—
prudent,6,1.5414495791842648e-05,—
indistinguishable,6,1.5414495791842648e-05,—
encryptio,6,1.5414495791842648e-05,—
obfuscatio,6,1.5414495791842648e-05,—
opaque,6,1.5414495791842648e-05,—
hide,6,1.5414495791842648e-05,—
profound,6,1.5414495791842648e-05,—
subjects,6,1.5414495791842648e-05,—
ecessarily,6,1.5414495791842648e-05,—
vetted,6,1.5414495791842648e-05,—
etremes,6,1.5414495791842648e-05,—
forwards,6,1.5414495791842648e-05,—
cryptofuel,6,1.5414495791842648e-05,—
forefront,6,1.5414495791842648e-05,—
alleviate,6,1.5414495791842648e-05,—
optimally,6,1.5414495791842648e-05,—
ingredients,6,1.5414495791842648e-05,—
vendor,6,1.5414495791842648e-05,—
nside,6,1.5414495791842648e-05,—
ola,6,1.5414495791842648e-05,—
fetched,6,1.5414495791842648e-05,—
activates,6,1.5414495791842648e-05,—
oney,6,1.5414495791842648e-05,—
hysical,6,1.5414495791842648e-05,—
salary,6,1.5414495791842648e-05,—
revolutionary,6,1.5414495791842648e-05,—
whatsoever,6,1.5414495791842648e-05,—
ratings,6,1.5414495791842648e-05,—
rating,6,1.5414495791842648e-05,—
fledged,6,1.5414495791842648e-05,—
sells,6,1.5414495791842648e-05,—
notification,6,1.5414495791842648e-05,—
charged,6,1.5414495791842648e-05,—
specializing,6,1.5414495791842648e-05,—
imperfect,6,1.5414495791842648e-05,—
namecoin,6,1.5414495791842648e-05,—
feeding,6,1.5414495791842648e-05,—
intrinsically,6,1.5414495791842648e-05,—
acted,6,1.5414495791842648e-05,—
etensibility,6,1.5414495791842648e-05,—
heuristic,6,1.5414495791842648e-05,—
heuristics,6,1.5414495791842648e-05,—
competitors,6,1.5414495791842648e-05,—
rises,6,1.5414495791842648e-05,—
speculator,6,1.5414495791842648e-05,—
counterparty,6,1.5414495791842648e-05,—
verifiability,6,1.5414495791842648e-05,—
efine,6,1.5414495791842648e-05,—
centuries,6,1.5414495791842648e-05,—
ounces,6,1.5414495791842648e-05,—
punish,6,1.5414495791842648e-05,—
twelve,6,1.5414495791842648e-05,—
riedman,6,1.5414495791842648e-05,—
descriptio,6,1.5414495791842648e-05,—
yellow,6,1.5414495791842648e-05,—
literals,6,1.5414495791842648e-05,—
cow,6,1.5414495791842648e-05,—
receiver,6,1.5414495791842648e-05,—
yte,6,1.5414495791842648e-05,—
szabo,6,1.5414495791842648e-05,—
agai,6,1.5414495791842648e-05,—
approimate,6,1.5414495791842648e-05,—
edited,6,1.5414495791842648e-05,—
othervalue,6,1.5414495791842648e-05,—
differing,6,1.5414495791842648e-05,—
metaphor,6,1.5414495791842648e-05,—
transmission,6,1.5414495791842648e-05,—
mount,6,1.5414495791842648e-05,—
ears,6,1.5414495791842648e-05,—
regime,6,1.5414495791842648e-05,—
objection,6,1.5414495791842648e-05,—
lending,6,1.5414495791842648e-05,—
clones,6,1.5414495791842648e-05,—
tightly,6,1.5414495791842648e-05,—
cleverly,6,1.5414495791842648e-05,—
sponsored,6,1.5414495791842648e-05,—
niche,6,1.5414495791842648e-05,—
loading,6,1.5414495791842648e-05,—
wrapper,6,1.5414495791842648e-05,—
outer,6,1.5414495791842648e-05,—
correspond,6,1.5414495791842648e-05,—
bugfies,6,1.5414495791842648e-05,—
replicating,6,1.5414495791842648e-05,—
deliberate,6,1.5414495791842648e-05,—
alternatively,6,1.5414495791842648e-05,—
enerally,6,1.5414495791842648e-05,—
charity,6,1.5414495791842648e-05,—
donors,6,1.5414495791842648e-05,—
hierarchical,6,1.5414495791842648e-05,—
plurality,6,1.5414495791842648e-05,—
autonomy,6,1.5414495791842648e-05,—
barely,6,1.5414495791842648e-05,—
unacceptable,6,1.5414495791842648e-05,—
holes,6,1.5414495791842648e-05,—
agile,6,1.5414495791842648e-05,—
campaign,6,1.5414495791842648e-05,—
arrange,6,1.5414495791842648e-05,—
payload,6,1.5414495791842648e-05,—
installation,6,1.5414495791842648e-05,—
adaptive,6,1.5414495791842648e-05,—
graphs,6,1.5414495791842648e-05,—
overtake,6,1.5414495791842648e-05,—
variability,6,1.5414495791842648e-05,—
capping,6,1.5414495791842648e-05,—
mandate,6,1.5414495791842648e-05,—
browse,6,1.5414495791842648e-05,—
istribution,6,1.5414495791842648e-05,—
sacrifices,6,1.5414495791842648e-05,—
submits,6,1.5414495791842648e-05,—
military,6,1.5414495791842648e-05,—
sacrifice,6,1.5414495791842648e-05,—
intending,6,1.5414495791842648e-05,—
treaps,6,1.5414495791842648e-05,—
kicking,6,1.5414495791842648e-05,—
lasts,6,1.5414495791842648e-05,—
angzhou,6,1.5414495791842648e-05,—
intuitively,6,1.5414495791842648e-05,—
adjusts,6,1.5414495791842648e-05,—
withdrawing,6,1.5414495791842648e-05,—
hypothesis,6,1.5414495791842648e-05,—
blocking,6,1.5414495791842648e-05,—
recall,6,1.5414495791842648e-05,—
manufacturing,6,1.5414495791842648e-05,—
wherever,6,1.5414495791842648e-05,—
ideological,6,1.5414495791842648e-05,—
quantify,6,1.5414495791842648e-05,—
hobbyists,6,1.5414495791842648e-05,—
invent,6,1.5414495791842648e-05,—
rig,6,1.5414495791842648e-05,—
debated,6,1.5414495791842648e-05,—
ependiture,6,1.5414495791842648e-05,—
credibly,6,1.5414495791842648e-05,—
prerequisite,6,1.5414495791842648e-05,—
disparity,6,1.5414495791842648e-05,—
ussian,6,1.5414495791842648e-05,—
lieu,6,1.5414495791842648e-05,—
decrypt,6,1.5414495791842648e-05,—
approimation,6,1.5414495791842648e-05,—
diligently,6,1.5414495791842648e-05,—
indicator,6,1.5414495791842648e-05,—
rue,6,1.5414495791842648e-05,—
mihai,6,1.5414495791842648e-05,—
sight,6,1.5414495791842648e-05,—
motivation,6,1.5414495791842648e-05,—
united,6,1.5414495791842648e-05,—
amongst,6,1.5414495791842648e-05,—
proudly,6,1.5414495791842648e-05,—
sparked,6,1.5414495791842648e-05,—
canvas,6,1.5414495791842648e-05,—
unfold,6,1.5414495791842648e-05,—
ects,6,1.5414495791842648e-05,—
trillions,6,1.5414495791842648e-05,—
dreaming,6,1.5414495791842648e-05,—
augmented,6,1.5414495791842648e-05,—
untested,6,1.5414495791842648e-05,—
dedicate,6,1.5414495791842648e-05,—
roduct,6,1.5414495791842648e-05,—
winter,6,1.5414495791842648e-05,—
poses,6,1.5414495791842648e-05,—
closing,6,1.5414495791842648e-05,—
ssembly,6,1.5414495791842648e-05,—
illio,6,1.5414495791842648e-05,—
remainder,6,1.5414495791842648e-05,—
ependitures,6,1.5414495791842648e-05,—
uphold,6,1.5414495791842648e-05,—
smallest,6,1.5414495791842648e-05,—
diagonal,6,1.5414495791842648e-05,—
tor,6,1.5414495791842648e-05,—
gigabyte,6,1.5414495791842648e-05,—
generalize,6,1.5414495791842648e-05,—
screw,6,1.5414495791842648e-05,—
healing,6,1.5414495791842648e-05,—
fly,6,1.5414495791842648e-05,—
digit,6,1.5414495791842648e-05,—
squares,6,1.5414495791842648e-05,—
disappears,6,1.5414495791842648e-05,—
aided,6,1.5414495791842648e-05,—
mber,6,1.5414495791842648e-05,—
managers,6,1.5414495791842648e-05,—
div,6,1.5414495791842648e-05,—
owning,6,1.5414495791842648e-05,—
economist,6,1.5414495791842648e-05,—
beliefs,6,1.5414495791842648e-05,—
vice,6,1.5414495791842648e-05,—
governing,6,1.5414495791842648e-05,—
fetches,6,1.5414495791842648e-05,—
switchover,6,1.5414495791842648e-05,—
president,6,1.5414495791842648e-05,—
charts,6,1.5414495791842648e-05,—
opposition,6,1.5414495791842648e-05,—
raditional,6,1.5414495791842648e-05,—
richer,6,1.5414495791842648e-05,—
afraid,6,1.5414495791842648e-05,—
worthless,6,1.5414495791842648e-05,—
bill,6,1.5414495791842648e-05,—
maimizing,6,1.5414495791842648e-05,—
unsigned,6,1.5414495791842648e-05,—
consisted,6,1.5414495791842648e-05,—
unintended,6,1.5414495791842648e-05,—
arriving,6,1.5414495791842648e-05,—
ternet,6,1.5414495791842648e-05,—
swing,6,1.5414495791842648e-05,—
dissemination,6,1.5414495791842648e-05,—
emergence,6,1.5414495791842648e-05,—
loosely,6,1.5414495791842648e-05,—
rabbit,6,1.5414495791842648e-05,—
anymore,6,1.5414495791842648e-05,—
paved,6,1.5414495791842648e-05,—
empowered,6,1.5414495791842648e-05,—
responded,6,1.5414495791842648e-05,—
succeeded,6,1.5414495791842648e-05,—
judged,6,1.5414495791842648e-05,—
descriptions,6,1.5414495791842648e-05,—
mappings,6,1.5414495791842648e-05,—
uploading,6,1.5414495791842648e-05,—
isting,6,1.5414495791842648e-05,—
dominance,6,1.5414495791842648e-05,—
stupid,6,1.5414495791842648e-05,—
proportion,6,1.5414495791842648e-05,—
eotic,6,1.5414495791842648e-05,—
delegations,6,1.5414495791842648e-05,—
bidder,6,1.5414495791842648e-05,—
wire,6,1.5414495791842648e-05,—
alf,6,1.5414495791842648e-05,—
reinforcing,6,1.5414495791842648e-05,—
geographically,6,1.5414495791842648e-05,—
modelling,6,1.5414495791842648e-05,—
enjoyed,6,1.5414495791842648e-05,—
arian,6,1.5414495791842648e-05,—
headed,6,1.5414495791842648e-05,—
ouis,6,1.5414495791842648e-05,—
ternally,6,1.5414495791842648e-05,—
maintainer,6,1.5414495791842648e-05,—
ðapps,6,1.5414495791842648e-05,—
olang,6,1.5414495791842648e-05,—
polish,6,1.5414495791842648e-05,—
arah,6,1.5414495791842648e-05,—
wifi,6,1.5414495791842648e-05,—
keynote,6,1.5414495791842648e-05,—
invitation,6,1.5414495791842648e-05,—
rewriting,6,1.5414495791842648e-05,—
presently,6,1.5414495791842648e-05,—
rovide,6,1.5414495791842648e-05,—
posed,6,1.5414495791842648e-05,—
occasionally,6,1.5414495791842648e-05,—
hallenges,6,1.5414495791842648e-05,—
blindly,6,1.5414495791842648e-05,—
outbo,6,1.5414495791842648e-05,—
logarithmically,6,1.5414495791842648e-05,—
ordering,6,1.5414495791842648e-05,—
multichain,6,1.5414495791842648e-05,—
duplicate,6,1.5414495791842648e-05,—
mitigated,6,1.5414495791842648e-05,—
protects,6,1.5414495791842648e-05,—
ibson,6,1.5414495791842648e-05,—
leaked,6,1.5414495791842648e-05,—
symbol,6,1.5414495791842648e-05,—
milliseconds,6,1.5414495791842648e-05,—
ucharest,6,1.5414495791842648e-05,—
shall,6,1.5414495791842648e-05,—
optimisations,6,1.5414495791842648e-05,—
ass,6,1.5414495791842648e-05,—
wikis,6,1.5414495791842648e-05,—
subdomain,6,1.5414495791842648e-05,—
guests,6,1.5414495791842648e-05,—
equipment,6,1.5414495791842648e-05,—
studio,6,1.5414495791842648e-05,—
interview,6,1.5414495791842648e-05,—
obert,6,1.5414495791842648e-05,—
ams,6,1.5414495791842648e-05,—
vary,6,1.5414495791842648e-05,—
attach,6,1.5414495791842648e-05,—
omething,6,1.5414495791842648e-05,—
implicit,6,1.5414495791842648e-05,—
inding,6,1.5414495791842648e-05,—
smartphones,6,1.5414495791842648e-05,—
weakly,6,1.5414495791842648e-05,—
north,6,1.5414495791842648e-05,—
enthusiastic,6,1.5414495791842648e-05,—
glad,6,1.5414495791842648e-05,—
stewardship,6,1.5414495791842648e-05,—
maimalists,6,1.5414495791842648e-05,—
ize,6,1.5414495791842648e-05,—
overlays,6,1.5414495791842648e-05,—
endeavor,6,1.5414495791842648e-05,—
formalization,6,1.5414495791842648e-05,—
hallam,6,1.5414495791842648e-05,—
attracted,6,1.5414495791842648e-05,—
procedures,6,1.5414495791842648e-05,—
presentatio,6,1.5414495791842648e-05,—
whichever,6,1.5414495791842648e-05,—
ecze,6,1.5414495791842648e-05,—
representatives,6,1.5414495791842648e-05,—
whiteboard,6,1.5414495791842648e-05,—
uestions,6,1.5414495791842648e-05,—
drew,6,1.5414495791842648e-05,—
bought,6,1.5414495791842648e-05,—
lethzero,6,1.5414495791842648e-05,—
iv,6,1.5414495791842648e-05,—
imitri,6,1.5414495791842648e-05,—
subsystem,6,1.5414495791842648e-05,—
codenamed,6,1.5414495791842648e-05,—
stemming,6,1.5414495791842648e-05,—
testers,6,1.5414495791842648e-05,—
warrant,6,1.5414495791842648e-05,—
parallelized,6,1.5414495791842648e-05,—
asic,6,1.5414495791842648e-05,—
surely,6,1.5414495791842648e-05,—
finalising,6,1.5414495791842648e-05,—
bag,6,1.5414495791842648e-05,—
obsolete,6,1.5414495791842648e-05,—
retrieved,6,1.5414495791842648e-05,—
tweaking,6,1.5414495791842648e-05,—
defecting,6,1.5414495791842648e-05,—
substance,6,1.5414495791842648e-05,—
paperclip,6,1.5414495791842648e-05,—
suffers,6,1.5414495791842648e-05,—
subjectivocracy,6,1.5414495791842648e-05,—
raises,6,1.5414495791842648e-05,—
isomorphic,6,1.5414495791842648e-05,—
refinements,6,1.5414495791842648e-05,—
arlier,6,1.5414495791842648e-05,—
onetheless,6,1.5414495791842648e-05,—
streets,6,1.5414495791842648e-05,—
conflicts,6,1.5414495791842648e-05,—
underwent,6,1.5414495791842648e-05,—
scaffolding,6,1.5414495791842648e-05,—
atmosphere,6,1.5414495791842648e-05,—
carbon,6,1.5414495791842648e-05,—
nutshell,6,1.5414495791842648e-05,—
alve,6,1.5414495791842648e-05,—
fficial,6,1.5414495791842648e-05,—
surpassed,6,1.5414495791842648e-05,—
ramping,6,1.5414495791842648e-05,—
ayments,6,1.5414495791842648e-05,—
nello,6,1.5414495791842648e-05,—
behaves,6,1.5414495791842648e-05,—
ancu,6,1.5414495791842648e-05,—
transact,6,1.5414495791842648e-05,—
uncovered,6,1.5414495791842648e-05,—
abstractions,6,1.5414495791842648e-05,—
cohesive,6,1.5414495791842648e-05,—
ishermen,6,1.5414495791842648e-05,—
belongs,6,1.5414495791842648e-05,—
iff,6,1.5414495791842648e-05,—
applicability,6,1.5414495791842648e-05,—
uggest,6,1.5414495791842648e-05,—
administrator,6,1.5414495791842648e-05,—
zone,6,1.5414495791842648e-05,—
evaluations,6,1.5414495791842648e-05,—
reserves,6,1.5414495791842648e-05,—
subsidiary,6,1.5414495791842648e-05,—
tiftung,6,1.5414495791842648e-05,—
satisfying,6,1.5414495791842648e-05,—
portable,6,1.5414495791842648e-05,—
marketplaces,6,1.5414495791842648e-05,—
accountable,6,1.5414495791842648e-05,—
ommon,6,1.5414495791842648e-05,—
polishing,6,1.5414495791842648e-05,—
corners,6,1.5414495791842648e-05,—
ector,6,1.5414495791842648e-05,—
embedding,6,1.5414495791842648e-05,—
accumulating,6,1.5414495791842648e-05,—
anonymously,6,1.5414495791842648e-05,—
instruments,6,1.5414495791842648e-05,—
loud,6,1.5414495791842648e-05,—
decentralizing,6,1.5414495791842648e-05,—
touching,6,1.5414495791842648e-05,—
bullet,6,1.5414495791842648e-05,—
mentor,6,1.5414495791842648e-05,—
middleware,6,1.5414495791842648e-05,—
abundance,6,1.5414495791842648e-05,—
crafted,6,1.5414495791842648e-05,—
synchronization,6,1.5414495791842648e-05,—
resiliency,6,1.5414495791842648e-05,—
folders,6,1.5414495791842648e-05,—
breakdown,6,1.5414495791842648e-05,—
evening,6,1.5414495791842648e-05,—
sprint,6,1.5414495791842648e-05,—
alumni,6,1.5414495791842648e-05,—
career,6,1.5414495791842648e-05,—
astern,6,1.5414495791842648e-05,—
ustralia,6,1.5414495791842648e-05,—
rotating,6,1.5414495791842648e-05,—
noticeable,6,1.5414495791842648e-05,—
modest,6,1.5414495791842648e-05,—
windows,6,1.5414495791842648e-05,—
occurrence,6,1.5414495791842648e-05,—
bettor,6,1.5414495791842648e-05,—
fixed,6,1.5414495791842648e-05,—
ounded,6,1.5414495791842648e-05,—
mall,6,1.5414495791842648e-05,—
ep,6,1.5414495791842648e-05,—
ossible,6,1.5414495791842648e-05,—
nffected,6,1.5414495791842648e-05,—
awk,6,1.5414495791842648e-05,—
foreign,6,1.5414495791842648e-05,—
unsafe,6,1.5414495791842648e-05,—
pioneering,6,1.5414495791842648e-05,—
pdated,6,1.5414495791842648e-05,—
standardize,6,1.5414495791842648e-05,—
ham,6,1.5414495791842648e-05,—
checklist,6,1.5414495791842648e-05,—
refunded,6,1.5414495791842648e-05,—
notifications,6,1.5414495791842648e-05,—
narrow,6,1.5414495791842648e-05,—
urbo,6,1.5414495791842648e-05,—
beneficiary,6,1.5414495791842648e-05,—
verifiers,6,1.5414495791842648e-05,—
runway,6,1.5414495791842648e-05,—
mise,6,1.5414495791842648e-05,—
roviding,6,1.5414495791842648e-05,—
martin,6,1.5414495791842648e-05,—
membrane,6,1.5414495791842648e-05,—
bjects,6,1.5414495791842648e-05,—
pink,6,1.5414495791842648e-05,—
ecap,6,1.5414495791842648e-05,—
handler,6,1.5414495791842648e-05,—
iterate,6,1.5414495791842648e-05,—
composable,6,1.5414495791842648e-05,—
nast,6,1.5414495791842648e-05,—
yield,6,1.5414495791842648e-05,defi_finance
welcomed,6,1.5414495791842648e-05,—
pecific,6,1.5414495791842648e-05,—
guaranteeing,6,1.5414495791842648e-05,—
disclosed,6,1.5414495791842648e-05,—
ming,6,1.5414495791842648e-05,—
jointly,6,1.5414495791842648e-05,—
yatt,6,1.5414495791842648e-05,—
trips,6,1.5414495791842648e-05,—
iao,6,1.5414495791842648e-05,—
periodic,6,1.5414495791842648e-05,—
clearing,6,1.5414495791842648e-05,—
protections,6,1.5414495791842648e-05,—
physically,6,1.5414495791842648e-05,—
auctio,6,1.5414495791842648e-05,—
bout,6,1.5414495791842648e-05,—
dao,6,1.5414495791842648e-05,gouvernance
rusted,6,1.5414495791842648e-05,—
nince,6,1.5414495791842648e-05,—
ney,6,1.5414495791842648e-05,—
aiden,6,1.5414495791842648e-05,—
decode,6,1.5414495791842648e-05,—
postmortem,6,1.5414495791842648e-05,—
plorer,6,1.5414495791842648e-05,—
messy,6,1.5414495791842648e-05,—
perimental,6,1.5414495791842648e-05,—
amd,6,1.5414495791842648e-05,—
tuning,6,1.5414495791842648e-05,—
notation,6,1.5414495791842648e-05,—
succinctness,6,1.5414495791842648e-05,—
inductive,6,1.5414495791842648e-05,—
hecking,6,1.5414495791842648e-05,—
olynomial,6,1.5414495791842648e-05,—
fulfill,6,1.5414495791842648e-05,—
hooked,6,1.5414495791842648e-05,—
ttack,6,1.5414495791842648e-05,—
igned,6,1.5414495791842648e-05,—
rake,6,1.5414495791842648e-05,—
aby,6,1.5414495791842648e-05,—
snarks,6,1.5414495791842648e-05,—
functionalities,6,1.5414495791842648e-05,—
italikuterin,6,1.5414495791842648e-05,—
transitioning,6,1.5414495791842648e-05,—
atabase,6,1.5414495791842648e-05,—
organizatio,6,1.5414495791842648e-05,—
enterprises,6,1.5414495791842648e-05,—
puppeth,6,1.5414495791842648e-05,—
compose,6,1.5414495791842648e-05,—
pss,6,1.5414495791842648e-05,—
drafts,6,1.5414495791842648e-05,—
esteth,6,1.5414495791842648e-05,—
dded,6,1.5414495791842648e-05,—
disable,6,1.5414495791842648e-05,—
sanctions,6,1.5414495791842648e-05,—
historically,6,1.5414495791842648e-05,—
punch,6,1.5414495791842648e-05,—
prioritized,6,1.5414495791842648e-05,—
racing,6,1.5414495791842648e-05,—
speeds,6,1.5414495791842648e-05,—
batches,6,1.5414495791842648e-05,—
violations,6,1.5414495791842648e-05,—
credits,6,1.5414495791842648e-05,—
tweet,6,1.5414495791842648e-05,—
booths,6,1.5414495791842648e-05,—
thinkers,6,1.5414495791842648e-05,—
hoi,6,1.5414495791842648e-05,—
ompiler,6,1.5414495791842648e-05,—
coder,6,1.5414495791842648e-05,—
purple,6,1.5414495791842648e-05,—
params,6,1.5414495791842648e-05,—
abige,6,1.5414495791842648e-05,—
buidl,6,1.5414495791842648e-05,—
ules,6,1.5414495791842648e-05,—
atrick,6,1.5414495791842648e-05,—
summits,6,1.5414495791842648e-05,—
esource,6,1.5414495791842648e-05,—
hare,6,1.5414495791842648e-05,—
admission,6,1.5414495791842648e-05,—
isit,6,1.5414495791842648e-05,—
timely,6,1.5414495791842648e-05,—
tarkare,6,1.5414495791842648e-05,—
ruelocks,6,1.5414495791842648e-05,—
therisc,6,1.5414495791842648e-05,—
rism,6,1.5414495791842648e-05,—
blazing,6,1.5414495791842648e-05,—
forkmon,6,1.5414495791842648e-05,—
eepey,6,1.5414495791842648e-05,—
perators,6,1.5414495791842648e-05,—
riginal,6,1.5414495791842648e-05,—
lloreevs,6,1.5414495791842648e-05,—
etersburg,6,1.5414495791842648e-05,—
pon,6,1.5414495791842648e-05,—
vestigation,6,1.5414495791842648e-05,—
oloch,6,1.5414495791842648e-05,—
proactively,6,1.5414495791842648e-05,—
hasper,6,1.5414495791842648e-05,—
easing,6,1.5414495791842648e-05,—
rowth,6,1.5414495791842648e-05,—
implementers,6,1.5414495791842648e-05,—
rometheus,6,1.5414495791842648e-05,—
oals,6,1.5414495791842648e-05,—
eneralized,6,1.5414495791842648e-05,—
heroes,6,1.5414495791842648e-05,—
eip,6,1.5414495791842648e-05,protocolaire
yperledger,6,1.5414495791842648e-05,—
reinvent,6,1.5414495791842648e-05,—
ardware,6,1.5414495791842648e-05,—
familiarize,6,1.5414495791842648e-05,—
filling,6,1.5414495791842648e-05,—
etensively,6,1.5414495791842648e-05,—
ovatio,6,1.5414495791842648e-05,—
talian,6,1.5414495791842648e-05,—
uctio,6,1.5414495791842648e-05,—
diversification,6,1.5414495791842648e-05,—
furthering,6,1.5414495791842648e-05,—
hovratovich,6,1.5414495791842648e-05,—
adventure,6,1.5414495791842648e-05,—
personas,6,1.5414495791842648e-05,—
granular,6,1.5414495791842648e-05,—
stretch,6,1.5414495791842648e-05,—
enchmarks,6,1.5414495791842648e-05,—
personalized,6,1.5414495791842648e-05,—
elo,6,1.5414495791842648e-05,—
roto,6,1.5414495791842648e-05,—
icense,6,1.5414495791842648e-05,—
ifferential,6,1.5414495791842648e-05,—
aggregated,6,1.5414495791842648e-05,—
rapping,6,1.5414495791842648e-05,—
pathway,6,1.5414495791842648e-05,—
roth,6,1.5414495791842648e-05,—
eports,6,1.5414495791842648e-05,—
revolving,6,1.5414495791842648e-05,—
lugin,6,1.5414495791842648e-05,—
acob,6,1.5414495791842648e-05,—
itfly,6,1.5414495791842648e-05,—
blockers,6,1.5414495791842648e-05,—
nimbus,6,1.5414495791842648e-05,—
oblivious,6,1.5414495791842648e-05,—
roposer,6,1.5414495791842648e-05,—
distant,6,1.5414495791842648e-05,—
emantics,6,1.5414495791842648e-05,—
ueen,6,1.5414495791842648e-05,—
charitywner,6,1.5414495791842648e-05,—
charityplitters,6,1.5414495791842648e-05,—
createharityplitter,6,1.5414495791842648e-05,—
ates,6,1.5414495791842648e-05,—
acha,6,1.5414495791842648e-05,—
aint,6,1.5414495791842648e-05,—
eger,6,1.5414495791842648e-05,—
employs,6,1.5414495791842648e-05,—
accumulator,6,1.5414495791842648e-05,—
nullifier,6,1.5414495791842648e-05,—
migrations,6,1.5414495791842648e-05,—
progresses,6,1.5414495791842648e-05,—
troduction,6,1.5414495791842648e-05,—
chlesi,6,1.5414495791842648e-05,—
proactive,6,1.5414495791842648e-05,—
inbo,6,1.5414495791842648e-05,—
lively,6,1.5414495791842648e-05,—
edellín,6,1.5414495791842648e-05,—
orado,6,1.5414495791842648e-05,—
teku,6,1.5414495791842648e-05,—
immense,6,1.5414495791842648e-05,—
eaconcha,6,1.5414495791842648e-05,—
sectio,6,1.5414495791842648e-05,—
impacted,6,1.5414495791842648e-05,—
writeup,6,1.5414495791842648e-05,—
celebration,6,1.5414495791842648e-05,—
ethstaker,6,1.5414495791842648e-05,—
sentiment,6,1.5414495791842648e-05,—
isc,6,1.5414495791842648e-05,—
ubmit,6,1.5414495791842648e-05,—
studying,6,1.5414495791842648e-05,—
mapp,6,1.5414495791842648e-05,—
gg,6,1.5414495791842648e-05,—
analyzes,6,1.5414495791842648e-05,—
tps,6,1.5414495791842648e-05,—
ommitment,6,1.5414495791842648e-05,—
ymbolic,6,1.5414495791842648e-05,—
reflections,6,1.5414495791842648e-05,—
esigning,6,1.5414495791842648e-05,—
pageviews,6,1.5414495791842648e-05,—
du,6,1.5414495791842648e-05,—
nalytics,6,1.5414495791842648e-05,—
ier,6,1.5414495791842648e-05,—
unprotected,6,1.5414495791842648e-05,—
rganizers,6,1.5414495791842648e-05,—
amperd,6,1.5414495791842648e-05,—
em,6,1.5414495791842648e-05,—
uldeep,6,1.5414495791842648e-05,—
uest,6,1.5414495791842648e-05,—
ainting,6,1.5414495791842648e-05,—
oolkit,6,1.5414495791842648e-05,—
psilon,6,1.5414495791842648e-05,—
uninitialized,6,1.5414495791842648e-05,—
translator,6,1.5414495791842648e-05,—
brightest,6,1.5414495791842648e-05,—
pecs,6,1.5414495791842648e-05,—
aspar,6,1.5414495791842648e-05,—
rassroots,6,1.5414495791842648e-05,—
ecureum,6,1.5414495791842648e-05,—
strengthening,6,1.5414495791842648e-05,—
ˡᵒʷᵉʳ,6,1.5414495791842648e-05,—
grammars,6,1.5414495791842648e-05,—
ngineer,6,1.5414495791842648e-05,—
multilinear,6,1.5414495791842648e-05,—
atm,6,1.5414495791842648e-05,—
dmission,6,1.5414495791842648e-05,—
eady,6,1.5414495791842648e-05,—
sepolia,6,1.5414495791842648e-05,—
eongwan,6,1.5414495791842648e-05,—
ccountability,6,1.5414495791842648e-05,—
artik,6,1.5414495791842648e-05,—
ayak,6,1.5414495791842648e-05,—
arren,6,1.5414495791842648e-05,—
uctions,6,1.5414495791842648e-05,—
bhishek,6,1.5414495791842648e-05,—
ima,6,1.5414495791842648e-05,—
eitgeist,6,1.5414495791842648e-05,—
booking,6,1.5414495791842648e-05,—
ooths,6,1.5414495791842648e-05,—
anama,6,1.5414495791842648e-05,—
aram,6,1.5414495791842648e-05,—
arcus,6,1.5414495791842648e-05,—
hancing,6,1.5414495791842648e-05,—
danksharding,6,1.5414495791842648e-05,—
equencer,6,1.5414495791842648e-05,—
bundler,6,1.5414495791842648e-05,—
uantstamp,6,1.5414495791842648e-05,—
ruguay,6,1.5414495791842648e-05,—
ircuits,6,1.5414495791842648e-05,—
revm,6,1.5414495791842648e-05,—
immersive,6,1.5414495791842648e-05,—
luj,6,1.5414495791842648e-05,—
rthur,6,1.5414495791842648e-05,—
ervais,6,1.5414495791842648e-05,—
threats,6,1.5414495791842648e-05,—
omplete,6,1.5414495791842648e-05,—
museum,6,1.5414495791842648e-05,—
lovenia,6,1.5414495791842648e-05,—
umar,6,1.5414495791842648e-05,—
paces,6,1.5414495791842648e-05,—
club,6,1.5414495791842648e-05,—
lub,6,1.5414495791842648e-05,—
ccra,6,1.5414495791842648e-05,—
riters,6,1.5414495791842648e-05,—
repatriation,6,1.5414495791842648e-05,—
yota,6,1.5414495791842648e-05,—
rtists,6,1.5414495791842648e-05,—
ippel,6,1.5414495791842648e-05,—
esidency,6,1.5414495791842648e-05,—
interns,6,1.5414495791842648e-05,—
alse,6,1.5414495791842648e-05,—
olešky,6,1.5414495791842648e-05,—
offerings,5,1.2845413159868874e-05,—
regulations,5,1.2845413159868874e-05,—
copyright,5,1.2845413159868874e-05,—
lesser,5,1.2845413159868874e-05,—
centrally,5,1.2845413159868874e-05,—
irate,5,1.2845413159868874e-05,—
oberts,5,1.2845413159868874e-05,—
aforementioned,5,1.2845413159868874e-05,—
reek,5,1.2845413159868874e-05,—
constitute,5,1.2845413159868874e-05,—
attract,5,1.2845413159868874e-05,—
welfare,5,1.2845413159868874e-05,—
enforce,5,1.2845413159868874e-05,—
accomplishes,5,1.2845413159868874e-05,—
ubiquitous,5,1.2845413159868874e-05,—
awrence,5,1.2845413159868874e-05,—
res,5,1.2845413159868874e-05,—
stating,5,1.2845413159868874e-05,—
shareholder,5,1.2845413159868874e-05,—
rank,5,1.2845413159868874e-05,—
department,5,1.2845413159868874e-05,—
looping,5,1.2845413159868874e-05,—
subtracted,5,1.2845413159868874e-05,—
algebra,5,1.2845413159868874e-05,—
ssume,5,1.2845413159868874e-05,—
mundane,5,1.2845413159868874e-05,—
smoke,5,1.2845413159868874e-05,—
fastest,5,1.2845413159868874e-05,—
discovering,5,1.2845413159868874e-05,—
investing,5,1.2845413159868874e-05,—
advent,5,1.2845413159868874e-05,—
directing,5,1.2845413159868874e-05,—
undereplored,5,1.2845413159868874e-05,—
resolving,5,1.2845413159868874e-05,—
frustrating,5,1.2845413159868874e-05,—
unreliable,5,1.2845413159868874e-05,—
dvanced,5,1.2845413159868874e-05,—
agazine,5,1.2845413159868874e-05,—
oble,5,1.2845413159868874e-05,—
thony,5,1.2845413159868874e-05,—
ounder,5,1.2845413159868874e-05,—
cryptographer,5,1.2845413159868874e-05,—
oha,5,1.2845413159868874e-05,—
avis,5,1.2845413159868874e-05,—
trategic,5,1.2845413159868874e-05,—
ccounting,5,1.2845413159868874e-05,—
funders,5,1.2845413159868874e-05,—
tandard,5,1.2845413159868874e-05,—
ecellence,5,1.2845413159868874e-05,—
hitepaper,5,1.2845413159868874e-05,—
politically,5,1.2845413159868874e-05,—
commons,5,1.2845413159868874e-05,—
ik,5,1.2845413159868874e-05,—
yo,5,1.2845413159868874e-05,—
disaster,5,1.2845413159868874e-05,—
rice,5,1.2845413159868874e-05,—
cancels,5,1.2845413159868874e-05,—
rework,5,1.2845413159868874e-05,—
ecessive,5,1.2845413159868874e-05,—
relation,5,1.2845413159868874e-05,—
bal,5,1.2845413159868874e-05,—
fashioned,5,1.2845413159868874e-05,—
initialize,5,1.2845413159868874e-05,—
lib,5,1.2845413159868874e-05,—
intelligently,5,1.2845413159868874e-05,—
discounting,5,1.2845413159868874e-05,—
criticism,5,1.2845413159868874e-05,—
hort,5,1.2845413159868874e-05,—
proposition,5,1.2845413159868874e-05,—
confusing,5,1.2845413159868874e-05,—
disruptive,5,1.2845413159868874e-05,—
matures,5,1.2845413159868874e-05,—
mess,5,1.2845413159868874e-05,—
incorporates,5,1.2845413159868874e-05,—
occupied,5,1.2845413159868874e-05,—
packets,5,1.2845413159868874e-05,—
twist,5,1.2845413159868874e-05,—
interference,5,1.2845413159868874e-05,—
ua,5,1.2845413159868874e-05,—
justification,5,1.2845413159868874e-05,—
cease,5,1.2845413159868874e-05,—
stayed,5,1.2845413159868874e-05,—
assured,5,1.2845413159868874e-05,—
impractical,5,1.2845413159868874e-05,—
obstacle,5,1.2845413159868874e-05,—
daos,5,1.2845413159868874e-05,—
scary,5,1.2845413159868874e-05,—
dissect,5,1.2845413159868874e-05,—
anybody,5,1.2845413159868874e-05,—
oldest,5,1.2845413159868874e-05,—
oca,5,1.2845413159868874e-05,—
caveats,5,1.2845413159868874e-05,—
suit,5,1.2845413159868874e-05,—
courts,5,1.2845413159868874e-05,—
illegal,5,1.2845413159868874e-05,—
counterintuitive,5,1.2845413159868874e-05,—
specialize,5,1.2845413159868874e-05,—
tough,5,1.2845413159868874e-05,—
etraneous,5,1.2845413159868874e-05,—
tai,5,1.2845413159868874e-05,—
renting,5,1.2845413159868874e-05,—
dear,5,1.2845413159868874e-05,—
mkt,5,1.2845413159868874e-05,—
loomberg,5,1.2845413159868874e-05,—
sabotage,5,1.2845413159868874e-05,—
amport,5,1.2845413159868874e-05,—
sticking,5,1.2845413159868874e-05,—
ashcash,5,1.2845413159868874e-05,—
programmatic,5,1.2845413159868874e-05,—
schellingcoin,5,1.2845413159868874e-05,—
volumes,5,1.2845413159868874e-05,—
prospect,5,1.2845413159868874e-05,—
bviously,5,1.2845413159868874e-05,—
ort,5,1.2845413159868874e-05,—
coalition,5,1.2845413159868874e-05,—
datum,5,1.2845413159868874e-05,—
tweak,5,1.2845413159868874e-05,—
boundary,5,1.2845413159868874e-05,—
faults,5,1.2845413159868874e-05,—
generalization,5,1.2845413159868874e-05,—
forgot,5,1.2845413159868874e-05,—
thereal,5,1.2845413159868874e-05,—
shiny,5,1.2845413159868874e-05,—
rrays,5,1.2845413159868874e-05,—
ested,5,1.2845413159868874e-05,—
tarted,5,1.2845413159868874e-05,—
shell,5,1.2845413159868874e-05,—
oying,5,1.2845413159868874e-05,—
ytho,5,1.2845413159868874e-05,—
datasource,5,1.2845413159868874e-05,—
datainde,5,1.2845413159868874e-05,—
caps,5,1.2845413159868874e-05,—
deflation,5,1.2845413159868874e-05,—
onetary,5,1.2845413159868874e-05,—
churn,5,1.2845413159868874e-05,—
monetization,5,1.2845413159868874e-05,—
registrations,5,1.2845413159868874e-05,—
licensing,5,1.2845413159868874e-05,—
compensation,5,1.2845413159868874e-05,—
nit,5,1.2845413159868874e-05,—
pegged,5,1.2845413159868874e-05,—
ogecoin,5,1.2845413159868874e-05,—
retains,5,1.2845413159868874e-05,—
arimer,5,1.2845413159868874e-05,—
delve,5,1.2845413159868874e-05,—
divide,5,1.2845413159868874e-05,—
desktops,5,1.2845413159868874e-05,—
classification,5,1.2845413159868874e-05,—
quorum,5,1.2845413159868874e-05,—
nonprofit,5,1.2845413159868874e-05,—
increments,5,1.2845413159868874e-05,—
constitutes,5,1.2845413159868874e-05,—
ambiguous,5,1.2845413159868874e-05,—
tradeable,5,1.2845413159868874e-05,—
obscure,5,1.2845413159868874e-05,—
halted,5,1.2845413159868874e-05,—
quirks,5,1.2845413159868874e-05,—
pronounced,5,1.2845413159868874e-05,—
deployer,5,1.2845413159868874e-05,—
parents,5,1.2845413159868874e-05,—
shortcut,5,1.2845413159868874e-05,—
enhances,5,1.2845413159868874e-05,—
ybrid,5,1.2845413159868874e-05,—
delegated,5,1.2845413159868874e-05,—
inconsistent,5,1.2845413159868874e-05,—
collateral,5,1.2845413159868874e-05,—
sky,5,1.2845413159868874e-05,—
parallelization,5,1.2845413159868874e-05,—
safeguards,5,1.2845413159868874e-05,—
coercion,5,1.2845413159868874e-05,—
obin,5,1.2845413159868874e-05,—
nlthough,5,1.2845413159868874e-05,—
dust,5,1.2845413159868874e-05,—
accumulation,5,1.2845413159868874e-05,—
manipulated,5,1.2845413159868874e-05,—
sorted,5,1.2845413159868874e-05,—
afford,5,1.2845413159868874e-05,—
followers,5,1.2845413159868874e-05,—
heat,5,1.2845413159868874e-05,—
doubles,5,1.2845413159868874e-05,—
stealing,5,1.2845413159868874e-05,—
earnings,5,1.2845413159868874e-05,—
ece,5,1.2845413159868874e-05,—
knocking,5,1.2845413159868874e-05,—
pooling,5,1.2845413159868874e-05,—
insignificant,5,1.2845413159868874e-05,—
evenue,5,1.2845413159868874e-05,—
heating,5,1.2845413159868874e-05,—
utan,5,1.2845413159868874e-05,—
simplifications,5,1.2845413159868874e-05,—
beforehand,5,1.2845413159868874e-05,—
residual,5,1.2845413159868874e-05,—
sorting,5,1.2845413159868874e-05,—
saves,5,1.2845413159868874e-05,—
intuition,5,1.2845413159868874e-05,—
ruthcoin,5,1.2845413159868874e-05,—
discarding,5,1.2845413159868874e-05,—
referential,5,1.2845413159868874e-05,—
nobility,5,1.2845413159868874e-05,—
span,5,1.2845413159868874e-05,—
obtained,5,1.2845413159868874e-05,—
deficiencies,5,1.2845413159868874e-05,—
cre,5,1.2845413159868874e-05,—
erms,5,1.2845413159868874e-05,—
onditions,5,1.2845413159868874e-05,—
screen,5,1.2845413159868874e-05,—
inconvenience,5,1.2845413159868874e-05,—
hains,5,1.2845413159868874e-05,—
counted,5,1.2845413159868874e-05,—
graphical,5,1.2845413159868874e-05,—
trategy,5,1.2845413159868874e-05,—
alisie,5,1.2845413159868874e-05,—
ethos,5,1.2845413159868874e-05,discours_vision
blogs,5,1.2845413159868874e-05,—
catalyst,5,1.2845413159868874e-05,—
colors,5,1.2845413159868874e-05,—
species,5,1.2845413159868874e-05,—
grid,5,1.2845413159868874e-05,—
batched,5,1.2845413159868874e-05,—
disadvantages,5,1.2845413159868874e-05,—
linearly,5,1.2845413159868874e-05,—
um,5,1.2845413159868874e-05,—
rg,5,1.2845413159868874e-05,—
disclose,5,1.2845413159868874e-05,—
shot,5,1.2845413159868874e-05,—
sums,5,1.2845413159868874e-05,—
nitty,5,1.2845413159868874e-05,—
gritty,5,1.2845413159868874e-05,—
kilobytes,5,1.2845413159868874e-05,—
chunkk,5,1.2845413159868874e-05,—
chunkpartner,5,1.2845413159868874e-05,—
mismatch,5,1.2845413159868874e-05,—
cubic,5,1.2845413159868874e-05,—
subtracting,5,1.2845413159868874e-05,—
lovely,5,1.2845413159868874e-05,—
fitting,5,1.2845413159868874e-05,—
cumbersome,5,1.2845413159868874e-05,—
fac,5,1.2845413159868874e-05,—
ealing,5,1.2845413159868874e-05,—
skipped,5,1.2845413159868874e-05,—
redefine,5,1.2845413159868874e-05,—
alois,5,1.2845413159868874e-05,—
desires,5,1.2845413159868874e-05,—
opted,5,1.2845413159868874e-05,—
unknowns,5,1.2845413159868874e-05,—
pause,5,1.2845413159868874e-05,—
fabric,5,1.2845413159868874e-05,—
eplosion,5,1.2845413159868874e-05,—
dropbo,5,1.2845413159868874e-05,—
borders,5,1.2845413159868874e-05,—
patching,5,1.2845413159868874e-05,—
dreams,5,1.2845413159868874e-05,—
envisioned,5,1.2845413159868874e-05,—
itssets,5,1.2845413159868874e-05,—
barring,5,1.2845413159868874e-05,—
millio,5,1.2845413159868874e-05,—
influences,5,1.2845413159868874e-05,—
ush,5,1.2845413159868874e-05,—
compress,5,1.2845413159868874e-05,—
eecutives,5,1.2845413159868874e-05,—
communicated,5,1.2845413159868874e-05,—
participates,5,1.2845413159868874e-05,—
distrust,5,1.2845413159868874e-05,—
informational,5,1.2845413159868874e-05,—
limitation,5,1.2845413159868874e-05,—
sz,5,1.2845413159868874e-05,—
leveldb,5,1.2845413159868874e-05,—
generality,5,1.2845413159868874e-05,—
lan,5,1.2845413159868874e-05,—
breadth,5,1.2845413159868874e-05,—
mediums,5,1.2845413159868874e-05,—
movements,5,1.2845413159868874e-05,—
aggressively,5,1.2845413159868874e-05,—
outsiders,5,1.2845413159868874e-05,—
swarming,5,1.2845413159868874e-05,—
nurturing,5,1.2845413159868874e-05,—
downside,5,1.2845413159868874e-05,—
aven,5,1.2845413159868874e-05,—
quote,5,1.2845413159868874e-05,—
umans,5,1.2845413159868874e-05,—
incarnation,5,1.2845413159868874e-05,—
webpage,5,1.2845413159868874e-05,—
resume,5,1.2845413159868874e-05,—
jargon,5,1.2845413159868874e-05,—
aversion,5,1.2845413159868874e-05,—
stolen,5,1.2845413159868874e-05,—
tendency,5,1.2845413159868874e-05,—
alterations,5,1.2845413159868874e-05,—
flood,5,1.2845413159868874e-05,—
whistleblower,5,1.2845413159868874e-05,—
histories,5,1.2845413159868874e-05,—
descendants,5,1.2845413159868874e-05,—
delegate,5,1.2845413159868874e-05,gouvernance
intervals,5,1.2845413159868874e-05,—
clocks,5,1.2845413159868874e-05,—
gav,5,1.2845413159868874e-05,—
perso,5,1.2845413159868874e-05,—
unveiling,5,1.2845413159868874e-05,—
oris,5,1.2845413159868874e-05,—
nation,5,1.2845413159868874e-05,—
uito,5,1.2845413159868874e-05,—
rocesses,5,1.2845413159868874e-05,—
sampled,5,1.2845413159868874e-05,—
witch,5,1.2845413159868874e-05,—
arnegie,5,1.2845413159868874e-05,—
anager,5,1.2845413159868874e-05,—
inspection,5,1.2845413159868874e-05,—
cornerstone,5,1.2845413159868874e-05,—
evelopments,5,1.2845413159868874e-05,—
eduction,5,1.2845413159868874e-05,—
aran,5,1.2845413159868874e-05,—
iktor,5,1.2845413159868874e-05,—
daunting,5,1.2845413159868874e-05,—
tremendous,5,1.2845413159868874e-05,—
technologists,5,1.2845413159868874e-05,—
teachers,5,1.2845413159868874e-05,—
eneva,5,1.2845413159868874e-05,—
angles,5,1.2845413159868874e-05,—
intro,5,1.2845413159868874e-05,—
youtube,5,1.2845413159868874e-05,—
eignorage,5,1.2845413159868874e-05,—
esults,5,1.2845413159868874e-05,—
absorb,5,1.2845413159868874e-05,—
variants,5,1.2845413159868874e-05,—
identifier,5,1.2845413159868874e-05,—
andwidth,5,1.2845413159868874e-05,—
peg,5,1.2845413159868874e-05,—
resort,5,1.2845413159868874e-05,—
chellingollar,5,1.2845413159868874e-05,—
circulation,5,1.2845413159868874e-05,—
thin,5,1.2845413159868874e-05,—
oss,5,1.2845413159868874e-05,—
winding,5,1.2845413159868874e-05,—
bloating,5,1.2845413159868874e-05,—
urning,5,1.2845413159868874e-05,—
schelling,5,1.2845413159868874e-05,—
cure,5,1.2845413159868874e-05,—
customized,5,1.2845413159868874e-05,—
breath,5,1.2845413159868874e-05,—
elping,5,1.2845413159868874e-05,—
harness,5,1.2845413159868874e-05,—
simulating,5,1.2845413159868874e-05,—
streamline,5,1.2845413159868874e-05,—
pleasure,5,1.2845413159868874e-05,—
teiner,5,1.2845413159868874e-05,—
pave,5,1.2845413159868874e-05,—
descend,5,1.2845413159868874e-05,—
interchange,5,1.2845413159868874e-05,—
egulatory,5,1.2845413159868874e-05,—
norm,5,1.2845413159868874e-05,—
aturally,5,1.2845413159868874e-05,—
arising,5,1.2845413159868874e-05,—
conclude,5,1.2845413159868874e-05,—
locking,5,1.2845413159868874e-05,—
maimise,5,1.2845413159868874e-05,—
insightful,5,1.2845413159868874e-05,—
swift,5,1.2845413159868874e-05,—
lunch,5,1.2845413159868874e-05,—
lert,5,1.2845413159868874e-05,—
outlining,5,1.2845413159868874e-05,—
eceptions,5,1.2845413159868874e-05,—
tress,5,1.2845413159868874e-05,—
optimise,5,1.2845413159868874e-05,—
essaging,5,1.2845413159868874e-05,—
nicer,5,1.2845413159868874e-05,—
fruits,5,1.2845413159868874e-05,—
parsing,5,1.2845413159868874e-05,—
keyword,5,1.2845413159868874e-05,—
displays,5,1.2845413159868874e-05,—
esigned,5,1.2845413159868874e-05,—
speedy,5,1.2845413159868874e-05,—
hunting,5,1.2845413159868874e-05,—
avoidance,5,1.2845413159868874e-05,—
miers,5,1.2845413159868874e-05,—
incurred,5,1.2845413159868874e-05,—
ultiplication,5,1.2845413159868874e-05,—
tuples,5,1.2845413159868874e-05,—
gates,5,1.2845413159868874e-05,—
mindset,5,1.2845413159868874e-05,—
eliminate,5,1.2845413159868874e-05,—
irefo,5,1.2845413159868874e-05,—
ris,5,1.2845413159868874e-05,—
ani,5,1.2845413159868874e-05,—
continent,5,1.2845413159868874e-05,—
surprises,5,1.2845413159868874e-05,—
hereas,5,1.2845413159868874e-05,—
pssha,5,1.2845413159868874e-05,—
dedicating,5,1.2845413159868874e-05,—
celebrated,5,1.2845413159868874e-05,—
universes,5,1.2845413159868874e-05,—
whe,5,1.2845413159868874e-05,—
harlie,5,1.2845413159868874e-05,—
toic,5,1.2845413159868874e-05,—
cancer,5,1.2845413159868874e-05,—
observers,5,1.2845413159868874e-05,—
accuracy,5,1.2845413159868874e-05,—
drink,5,1.2845413159868874e-05,—
anual,5,1.2845413159868874e-05,—
ztorc,5,1.2845413159868874e-05,—
meter,5,1.2845413159868874e-05,—
contentious,5,1.2845413159868874e-05,—
complications,5,1.2845413159868874e-05,—
amenable,5,1.2845413159868874e-05,—
coupling,5,1.2845413159868874e-05,—
reflecting,5,1.2845413159868874e-05,—
eceedingly,5,1.2845413159868874e-05,—
vague,5,1.2845413159868874e-05,—
witching,5,1.2845413159868874e-05,—
sat,5,1.2845413159868874e-05,—
anomalies,5,1.2845413159868874e-05,—
watched,5,1.2845413159868874e-05,—
honored,5,1.2845413159868874e-05,—
ompliance,5,1.2845413159868874e-05,—
brainstorming,5,1.2845413159868874e-05,—
smoothing,5,1.2845413159868874e-05,—
earth,5,1.2845413159868874e-05,—
sustain,5,1.2845413159868874e-05,—
appreciation,5,1.2845413159868874e-05,—
itook,5,1.2845413159868874e-05,—
harm,5,1.2845413159868874e-05,—
fed,5,1.2845413159868874e-05,—
ld,5,1.2845413159868874e-05,—
prompt,5,1.2845413159868874e-05,—
rigid,5,1.2845413159868874e-05,—
resounding,5,1.2845413159868874e-05,—
collators,5,1.2845413159868874e-05,—
bribed,5,1.2845413159868874e-05,—
ransactors,5,1.2845413159868874e-05,—
omprehensive,5,1.2845413159868874e-05,—
collate,5,1.2845413159868874e-05,—
accumulated,5,1.2845413159868874e-05,—
ollaboration,5,1.2845413159868874e-05,—
atalyst,5,1.2845413159868874e-05,—
egarding,5,1.2845413159868874e-05,—
owered,5,1.2845413159868874e-05,—
chatrooms,5,1.2845413159868874e-05,—
ountysource,5,1.2845413159868874e-05,—
apping,5,1.2845413159868874e-05,—
resonate,5,1.2845413159868874e-05,—
yncing,5,1.2845413159868874e-05,—
replacements,5,1.2845413159868874e-05,—
grantsethereum,5,1.2845413159868874e-05,—
itial,5,1.2845413159868874e-05,—
ouncil,5,1.2845413159868874e-05,—
housed,5,1.2845413159868874e-05,—
activists,5,1.2845413159868874e-05,—
transportation,5,1.2845413159868874e-05,—
aturday,5,1.2845413159868874e-05,—
shouldn,5,1.2845413159868874e-05,—
digitally,5,1.2845413159868874e-05,—
ath,5,1.2845413159868874e-05,—
geographic,5,1.2845413159868874e-05,—
grey,5,1.2845413159868874e-05,—
binding,5,1.2845413159868874e-05,—
electronic,5,1.2845413159868874e-05,—
encent,5,1.2845413159868874e-05,—
college,5,1.2845413159868874e-05,—
tiered,5,1.2845413159868874e-05,—
thash,5,1.2845413159868874e-05,—
ctivity,5,1.2845413159868874e-05,—
tier,5,1.2845413159868874e-05,—
organisations,5,1.2845413159868874e-05,—
influenced,5,1.2845413159868874e-05,—
peed,5,1.2845413159868874e-05,—
differentiate,5,1.2845413159868874e-05,—
minimizes,5,1.2845413159868874e-05,—
characteristic,5,1.2845413159868874e-05,—
iddleware,5,1.2845413159868874e-05,—
upply,5,1.2845413159868874e-05,—
visionaries,5,1.2845413159868874e-05,—
attracting,5,1.2845413159868874e-05,—
cat,5,1.2845413159868874e-05,—
advisor,5,1.2845413159868874e-05,—
censoring,5,1.2845413159868874e-05,—
selective,5,1.2845413159868874e-05,—
censored,5,1.2845413159868874e-05,—
eponentiation,5,1.2845413159868874e-05,—
enact,5,1.2845413159868874e-05,—
uncertain,5,1.2845413159868874e-05,—
reflection,5,1.2845413159868874e-05,—
anary,5,1.2845413159868874e-05,—
canary,5,1.2845413159868874e-05,—
blockhash,5,1.2845413159868874e-05,—
organizes,5,1.2845413159868874e-05,—
restarting,5,1.2845413159868874e-05,—
caller,5,1.2845413159868874e-05,—
ongratulations,5,1.2845413159868874e-05,—
incentivisation,5,1.2845413159868874e-05,—
encompassing,5,1.2845413159868874e-05,—
adopters,5,1.2845413159868874e-05,—
thawing,5,1.2845413159868874e-05,—
ssues,5,1.2845413159868874e-05,—
installer,5,1.2845413159868874e-05,—
invoked,5,1.2845413159868874e-05,—
keystore,5,1.2845413159868874e-05,—
ars,5,1.2845413159868874e-05,—
apital,5,1.2845413159868874e-05,—
thanking,5,1.2845413159868874e-05,—
band,5,1.2845413159868874e-05,—
resist,5,1.2845413159868874e-05,—
authenticating,5,1.2845413159868874e-05,—
reco,5,1.2845413159868874e-05,—
og,5,1.2845413159868874e-05,—
reviewers,5,1.2845413159868874e-05,—
generatio,5,1.2845413159868874e-05,—
sol,5,1.2845413159868874e-05,—
title,5,1.2845413159868874e-05,—
btcrelay,5,1.2845413159868874e-05,—
appro,5,1.2845413159868874e-05,—
occurring,5,1.2845413159868874e-05,—
occasions,5,1.2845413159868874e-05,—
enhancement,5,1.2845413159868874e-05,—
dos,5,1.2845413159868874e-05,—
hotfies,5,1.2845413159868874e-05,—
tags,5,1.2845413159868874e-05,—
unforeseen,5,1.2845413159868874e-05,—
lag,5,1.2845413159868874e-05,—
oadmap,5,1.2845413159868874e-05,—
restructuring,5,1.2845413159868874e-05,—
reboot,5,1.2845413159868874e-05,—
evon,5,1.2845413159868874e-05,—
tentative,5,1.2845413159868874e-05,—
efficiencies,5,1.2845413159868874e-05,—
emergency,5,1.2845413159868874e-05,—
stepped,5,1.2845413159868874e-05,—
askell,5,1.2845413159868874e-05,—
disputes,5,1.2845413159868874e-05,—
eijing,5,1.2845413159868874e-05,—
eredith,5,1.2845413159868874e-05,—
synchronous,5,1.2845413159868874e-05,—
speeding,5,1.2845413159868874e-05,—
noted,5,1.2845413159868874e-05,—
influential,5,1.2845413159868874e-05,—
alex,5,1.2845413159868874e-05,—
okens,5,1.2845413159868874e-05,—
permitted,5,1.2845413159868874e-05,—
quo,5,1.2845413159868874e-05,—
plays,5,1.2845413159868874e-05,—
calculus,5,1.2845413159868874e-05,—
proposers,5,1.2845413159868874e-05,—
davis,5,1.2845413159868874e-05,—
imagining,5,1.2845413159868874e-05,—
farewell,5,1.2845413159868874e-05,—
rail,5,1.2845413159868874e-05,—
etracting,5,1.2845413159868874e-05,—
ddition,5,1.2845413159868874e-05,—
eplanatory,5,1.2845413159868874e-05,—
doge,5,1.2845413159868874e-05,—
hierarchy,5,1.2845413159868874e-05,—
iversary,5,1.2845413159868874e-05,—
arc,5,1.2845413159868874e-05,—
organised,5,1.2845413159868874e-05,—
moments,5,1.2845413159868874e-05,—
eap,5,1.2845413159868874e-05,—
ombined,5,1.2845413159868874e-05,—
leaderboard,5,1.2845413159868874e-05,—
homestead,5,1.2845413159868874e-05,—
ranges,5,1.2845413159868874e-05,—
min,5,1.2845413159868874e-05,—
nterprise,5,1.2845413159868874e-05,—
spoken,5,1.2845413159868874e-05,—
epartment,5,1.2845413159868874e-05,—
visits,5,1.2845413159868874e-05,—
anticipation,5,1.2845413159868874e-05,—
emo,5,1.2845413159868874e-05,—
talents,5,1.2845413159868874e-05,—
ylica,5,1.2845413159868874e-05,—
donated,5,1.2845413159868874e-05,—
wanson,5,1.2845413159868874e-05,—
lighter,5,1.2845413159868874e-05,—
unctions,5,1.2845413159868874e-05,—
welcomes,5,1.2845413159868874e-05,—
crowdsourced,5,1.2845413159868874e-05,—
pandemic,5,1.2845413159868874e-05,—
invasive,5,1.2845413159868874e-05,—
pilogue,5,1.2845413159868874e-05,—
phishing,5,1.2845413159868874e-05,—
raining,5,1.2845413159868874e-05,—
ots,5,1.2845413159868874e-05,—
introductory,5,1.2845413159868874e-05,—
typeof,5,1.2845413159868874e-05,—
var,5,1.2845413159868874e-05,—
contractddress,5,1.2845413159868874e-05,—
args,5,1.2845413159868874e-05,—
hitehat,5,1.2845413159868874e-05,—
lassic,5,1.2845413159868874e-05,—
feat,5,1.2845413159868874e-05,—
markup,5,1.2845413159868874e-05,—
bolster,5,1.2845413159868874e-05,—
nalyzer,5,1.2845413159868874e-05,—
commentary,5,1.2845413159868874e-05,—
pgrading,5,1.2845413159868874e-05,—
origins,5,1.2845413159868874e-05,—
searchable,5,1.2845413159868874e-05,—
arithmetics,5,1.2845413159868874e-05,—
traction,5,1.2845413159868874e-05,—
teaser,5,1.2845413159868874e-05,—
wift,5,1.2845413159868874e-05,—
hurdles,5,1.2845413159868874e-05,—
integral,5,1.2845413159868874e-05,—
mac,5,1.2845413159868874e-05,—
replayed,5,1.2845413159868874e-05,—
rago,5,1.2845413159868874e-05,—
solidify,5,1.2845413159868874e-05,—
uccinct,5,1.2845413159868874e-05,—
prefi,5,1.2845413159868874e-05,—
zash,5,1.2845413159868874e-05,—
dots,5,1.2845413159868874e-05,—
persistence,5,1.2845413159868874e-05,—
shh,5,1.2845413159868874e-05,—
synthesis,5,1.2845413159868874e-05,—
anifests,5,1.2845413159868874e-05,—
securityethereum,5,1.2845413159868874e-05,—
wrappers,5,1.2845413159868874e-05,—
cknowledgement,5,1.2845413159868874e-05,—
owe,5,1.2845413159868874e-05,—
readthedocs,5,1.2845413159868874e-05,—
merklization,5,1.2845413159868874e-05,—
lsewhere,5,1.2845413159868874e-05,—
signaling,5,1.2845413159868874e-05,—
spearheaded,5,1.2845413159868874e-05,—
eader,5,1.2845413159868874e-05,—
portability,5,1.2845413159868874e-05,—
router,5,1.2845413159868874e-05,—
pose,5,1.2845413159868874e-05,—
routine,5,1.2845413159868874e-05,—
therscan,5,1.2845413159868874e-05,—
eneraltateests,5,1.2845413159868874e-05,—
reentrancy,5,1.2845413159868874e-05,—
architectural,5,1.2845413159868874e-05,—
odule,5,1.2845413159868874e-05,—
ecommendations,5,1.2845413159868874e-05,—
educed,5,1.2845413159868874e-05,—
resync,5,1.2845413159868874e-05,—
benchmarked,5,1.2845413159868874e-05,—
pin,5,1.2845413159868874e-05,—
openallet,5,1.2845413159868874e-05,—
flushed,5,1.2845413159868874e-05,—
bootnode,5,1.2845413159868874e-05,—
measurements,5,1.2845413159868874e-05,—
renaming,5,1.2845413159868874e-05,—
discrepancies,5,1.2845413159868874e-05,—
permitting,5,1.2845413159868874e-05,—
guest,5,1.2845413159868874e-05,—
hotel,5,1.2845413159868874e-05,—
professors,5,1.2845413159868874e-05,—
oge,5,1.2845413159868874e-05,—
discretion,5,1.2845413159868874e-05,—
nterface,5,1.2845413159868874e-05,—
patricia,5,1.2845413159868874e-05,—
abling,5,1.2845413159868874e-05,—
tudies,5,1.2845413159868874e-05,—
handshake,5,1.2845413159868874e-05,—
reproduce,5,1.2845413159868874e-05,—
await,5,1.2845413159868874e-05,—
identifiers,5,1.2845413159868874e-05,—
cater,5,1.2845413159868874e-05,—
jsonrpc,5,1.2845413159868874e-05,—
edeeccbefdbaabbbce,5,1.2845413159868874e-05,—
variations,5,1.2845413159868874e-05,—
prone,5,1.2845413159868874e-05,—
okenless,5,1.2845413159868874e-05,—
ightning,5,1.2845413159868874e-05,—
ackternships,5,1.2845413159868874e-05,—
uccessful,5,1.2845413159868874e-05,—
rancs,5,1.2845413159868874e-05,—
ensured,5,1.2845413159868874e-05,—
bittorrent,5,1.2845413159868874e-05,—
unveil,5,1.2845413159868874e-05,—
hotels,5,1.2845413159868874e-05,—
ado,5,1.2845413159868874e-05,—
orce,5,1.2845413159868874e-05,—
ontest,5,1.2845413159868874e-05,—
inks,5,1.2845413159868874e-05,—
stablishing,5,1.2845413159868874e-05,—
rchid,5,1.2845413159868874e-05,—
lidesive,5,1.2845413159868874e-05,—
constantinople,5,1.2845413159868874e-05,—
par,5,1.2845413159868874e-05,—
dds,5,1.2845413159868874e-05,—
atter,5,1.2845413159868874e-05,—
ptimizer,5,1.2845413159868874e-05,—
undfall,5,1.2845413159868874e-05,—
khunov,5,1.2845413159868874e-05,—
earmarked,5,1.2845413159868874e-05,—
ritical,5,1.2845413159868874e-05,—
osaka,5,1.2845413159868874e-05,—
evmc,5,1.2845413159868874e-05,—
devops,5,1.2845413159868874e-05,—
sourcing,5,1.2845413159868874e-05,—
amp,5,1.2845413159868874e-05,—
hadn,5,1.2845413159868874e-05,—
juicy,5,1.2845413159868874e-05,—
ano,5,1.2845413159868874e-05,—
lug,5,1.2845413159868874e-05,—
eposes,5,1.2845413159868874e-05,—
admi,5,1.2845413159868874e-05,—
eported,5,1.2845413159868874e-05,—
rafana,5,1.2845413159868874e-05,—
piloted,5,1.2845413159868874e-05,—
tańczak,5,1.2845413159868874e-05,—
burgeoning,5,1.2845413159868874e-05,—
demographic,5,1.2845413159868874e-05,—
nim,5,1.2845413159868874e-05,—
eperimented,5,1.2845413159868874e-05,—
redeem,5,1.2845413159868874e-05,—
artwork,5,1.2845413159868874e-05,—
groundbreaking,5,1.2845413159868874e-05,—
onmachi,5,1.2845413159868874e-05,—
apa,5,1.2845413159868874e-05,—
egistratio,5,1.2845413159868874e-05,—
wristband,5,1.2845413159868874e-05,—
dire,5,1.2845413159868874e-05,—
seating,5,1.2845413159868874e-05,—
ontribute,5,1.2845413159868874e-05,—
notebook,5,1.2845413159868874e-05,—
ea,5,1.2845413159868874e-05,—
surround,5,1.2845413159868874e-05,—
dividuals,5,1.2845413159868874e-05,—
upported,5,1.2845413159868874e-05,—
trove,5,1.2845413159868874e-05,—
niswap,5,1.2845413159868874e-05,—
unification,5,1.2845413159868874e-05,—
streamed,5,1.2845413159868874e-05,—
esearchers,5,1.2845413159868874e-05,—
memories,5,1.2845413159868874e-05,—
trinity,5,1.2845413159868874e-05,—
riting,5,1.2845413159868874e-05,—
gossiped,5,1.2845413159868874e-05,—
adversarial,5,1.2845413159868874e-05,—
discv,5,1.2845413159868874e-05,—
tatelessness,5,1.2845413159868874e-05,—
flavors,5,1.2845413159868874e-05,—
eliminates,5,1.2845413159868874e-05,—
tiling,5,1.2845413159868874e-05,—
codeash,5,1.2845413159868874e-05,—
merkleized,5,1.2845413159868874e-05,—
errorount,5,1.2845413159868874e-05,—
newharityplitter,5,1.2845413159868874e-05,—
ewharityplitter,5,1.2845413159868874e-05,—
ves,5,1.2845413159868874e-05,—
geq,5,1.2845413159868874e-05,—
primer,5,1.2845413159868874e-05,—
getodeata,5,1.2845413159868874e-05,—
brain,5,1.2845413159868874e-05,—
raft,5,1.2845413159868874e-05,—
severity,5,1.2845413159868874e-05,—
urvey,5,1.2845413159868874e-05,—
lgebraic,5,1.2845413159868874e-05,—
epresentation,5,1.2845413159868874e-05,—
lookout,5,1.2845413159868874e-05,—
enrich,5,1.2845413159868874e-05,—
uzzer,5,1.2845413159868874e-05,—
hilipp,5,1.2845413159868874e-05,—
riffin,5,1.2845413159868874e-05,—
cadence,5,1.2845413159868874e-05,—
noun,5,1.2845413159868874e-05,—
pn,5,1.2845413159868874e-05,—
reparing,5,1.2845413159868874e-05,—
fri,5,1.2845413159868874e-05,—
omain,5,1.2845413159868874e-05,—
abilities,5,1.2845413159868874e-05,—
historic,5,1.2845413159868874e-05,—
andelaria,5,1.2845413159868874e-05,—
tark,5,1.2845413159868874e-05,—
alerts,5,1.2845413159868874e-05,—
amplify,5,1.2845413159868874e-05,—
diffs,5,1.2845413159868874e-05,—
mechanical,5,1.2845413159868874e-05,—
razilian,5,1.2845413159868874e-05,—
rench,5,1.2845413159868874e-05,—
attacknet,5,1.2845413159868874e-05,—
congratulations,5,1.2845413159868874e-05,—
etraordinary,5,1.2845413159868874e-05,—
ordan,5,1.2845413159868874e-05,—
reviously,5,1.2845413159868874e-05,—
mortem,5,1.2845413159868874e-05,—
inken,5,1.2845413159868874e-05,—
ontributors,5,1.2845413159868874e-05,—
tupay,5,1.2845413159868874e-05,—
antiago,5,1.2845413159868874e-05,—
ario,5,1.2845413159868874e-05,—
omic,5,1.2845413159868874e-05,—
ideation,5,1.2845413159868874e-05,—
etile,5,1.2845413159868874e-05,—
urn,5,1.2845413159868874e-05,—
ommo,5,1.2845413159868874e-05,—
hecklist,5,1.2845413159868874e-05,—
repudiable,5,1.2845413159868874e-05,—
ilkworm,5,1.2845413159868874e-05,—
uantum,5,1.2845413159868874e-05,—
rontend,5,1.2845413159868874e-05,—
peeled,5,1.2845413159868874e-05,—
rawler,5,1.2845413159868874e-05,—
rewind,5,1.2845413159868874e-05,—
myriad,5,1.2845413159868874e-05,—
opste,5,1.2845413159868874e-05,—
onymous,5,1.2845413159868874e-05,—
frastructure,5,1.2845413159868874e-05,—
assessment,5,1.2845413159868874e-05,—
mplementations,5,1.2845413159868874e-05,—
ynamics,5,1.2845413159868874e-05,—
unite,5,1.2845413159868874e-05,—
esterday,5,1.2845413159868874e-05,—
uido,5,1.2845413159868874e-05,—
achel,5,1.2845413159868874e-05,—
roving,5,1.2845413159868874e-05,—
ompressio,5,1.2845413159868874e-05,—
ijden,5,1.2845413159868874e-05,—
huy,5,1.2845413159868874e-05,—
aroa,5,1.2845413159868874e-05,—
rivia,5,1.2845413159868874e-05,—
ransomware,5,1.2845413159868874e-05,—
nterep,5,1.2845413159868874e-05,—
igenrust,5,1.2845413159868874e-05,—
tower,5,1.2845413159868874e-05,—
piry,5,1.2845413159868874e-05,—
ido,5,1.2845413159868874e-05,—
urves,5,1.2845413159868874e-05,—
estimating,5,1.2845413159868874e-05,—
rowdi,5,1.2845413159868874e-05,—
gratitude,5,1.2845413159868874e-05,—
curate,5,1.2845413159868874e-05,—
ommit,5,1.2845413159868874e-05,—
ligibility,5,1.2845413159868874e-05,—
proficient,5,1.2845413159868874e-05,—
eeper,5,1.2845413159868874e-05,—
stipends,5,1.2845413159868874e-05,—
ari,5,1.2845413159868874e-05,—
narratives,5,1.2845413159868874e-05,—
olunteer,5,1.2845413159868874e-05,—
ommitments,5,1.2845413159868874e-05,—
empool,5,1.2845413159868874e-05,—
arti,5,1.2845413159868874e-05,—
peneppeli,5,1.2845413159868874e-05,—
scientific,5,1.2845413159868874e-05,—
eaco,5,1.2845413159868874e-05,—
accrue,5,1.2845413159868874e-05,—
osy,5,1.2845413159868874e-05,—
perational,5,1.2845413159868874e-05,—
colorful,5,1.2845413159868874e-05,—
mplications,5,1.2845413159868874e-05,—
hu,5,1.2845413159868874e-05,—
usic,5,1.2845413159868874e-05,—
ianyu,5,1.2845413159868874e-05,—
eorg,5,1.2845413159868874e-05,—
incent,5,1.2845413159868874e-05,—
uke,5,1.2845413159868874e-05,—
ohammad,5,1.2845413159868874e-05,—
loan,5,1.2845413159868874e-05,—
runo,5,1.2845413159868874e-05,—
aza,5,1.2845413159868874e-05,—
aggoner,5,1.2845413159868874e-05,—
ccessibility,5,1.2845413159868874e-05,—
heories,5,1.2845413159868874e-05,—
paghett,5,1.2845413159868874e-05,—
aimal,5,1.2845413159868874e-05,—
rototyping,5,1.2845413159868874e-05,—
retroactive,5,1.2845413159868874e-05,—
emporary,5,1.2845413159868874e-05,—
ffchain,5,1.2845413159868874e-05,—
youth,5,1.2845413159868874e-05,—
etillio,5,1.2845413159868874e-05,—
geographies,5,1.2845413159868874e-05,—
atellite,5,1.2845413159868874e-05,—
odular,5,1.2845413159868874e-05,—
oordinatio,5,1.2845413159868874e-05,—
ryptoversidad,5,1.2845413159868874e-05,—
ora,5,1.2845413159868874e-05,—
uegami,5,1.2845413159868874e-05,—
ditio,5,1.2845413159868874e-05,—
coev,5,1.2845413159868874e-05,—
protodanksharding,5,1.2845413159868874e-05,—
blockspace,5,1.2845413159868874e-05,—
ringing,5,1.2845413159868874e-05,—
futures,5,1.2845413159868874e-05,—
ybersecurity,5,1.2845413159868874e-05,—
iat,5,1.2845413159868874e-05,—
tipends,5,1.2845413159868874e-05,—
afny,5,1.2845413159868874e-05,—
apwepwe,5,1.2845413159868874e-05,—
ebrivacy,5,1.2845413159868874e-05,—
adhaar,5,1.2845413159868874e-05,—
skar,5,1.2845413159868874e-05,—
nternship,5,1.2845413159868874e-05,—
orlds,5,1.2845413159868874e-05,—
ndian,5,1.2845413159868874e-05,—
mopro,5,1.2845413159868874e-05,—
ayush,5,1.2845413159868874e-05,—
ratislava,5,1.2845413159868874e-05,—
iscounts,5,1.2845413159868874e-05,—
lonky,5,1.2845413159868874e-05,—
pibara,5,1.2845413159868874e-05,—
orting,5,1.2845413159868874e-05,—
orners,5,1.2845413159868874e-05,—
wembe,5,1.2845413159868874e-05,—
pectra,5,1.2845413159868874e-05,—
steward,5,1.2845413159868874e-05,—
sith,5,1.2845413159868874e-05,—
rguably,4,1.02763305278951e-05,—
violate,4,1.02763305278951e-05,—
escaped,4,1.02763305278951e-05,—
prosecution,4,1.02763305278951e-05,—
observations,4,1.02763305278951e-05,—
djargon,4,1.02763305278951e-05,—
giveaway,4,1.02763305278951e-05,—
tying,4,1.02763305278951e-05,—
revoke,4,1.02763305278951e-05,—
subverting,4,1.02763305278951e-05,—
defraud,4,1.02763305278951e-05,—
ocialoin,4,1.02763305278951e-05,—
deflationary,4,1.02763305278951e-05,—
bumped,4,1.02763305278951e-05,—
abuse,4,1.02763305278951e-05,—
pt,4,1.02763305278951e-05,—
eco,4,1.02763305278951e-05,—
esse,4,1.02763305278951e-05,—
pl,4,1.02763305278951e-05,—
liability,4,1.02763305278951e-05,—
arms,4,1.02763305278951e-05,—
automating,4,1.02763305278951e-05,—
untouched,4,1.02763305278951e-05,—
imperative,4,1.02763305278951e-05,—
predictable,4,1.02763305278951e-05,—
stopping,4,1.02763305278951e-05,—
shutting,4,1.02763305278951e-05,—
validates,4,1.02763305278951e-05,—
analogous,4,1.02763305278951e-05,—
practicality,4,1.02763305278951e-05,—
beauty,4,1.02763305278951e-05,—
cited,4,1.02763305278951e-05,—
commodities,4,1.02763305278951e-05,—
spikes,4,1.02763305278951e-05,—
accomplishing,4,1.02763305278951e-05,—
upwards,4,1.02763305278951e-05,—
drain,4,1.02763305278951e-05,—
deny,4,1.02763305278951e-05,—
coarse,4,1.02763305278951e-05,—
ntel,4,1.02763305278951e-05,—
waits,4,1.02763305278951e-05,—
olutio,4,1.02763305278951e-05,—
theorized,4,1.02763305278951e-05,—
avoiding,4,1.02763305278951e-05,—
destroys,4,1.02763305278951e-05,—
culmination,4,1.02763305278951e-05,—
fraudulent,4,1.02763305278951e-05,—
duplicated,4,1.02763305278951e-05,—
oskinson,4,1.02763305278951e-05,—
orio,4,1.02763305278951e-05,—
rop,4,1.02763305278951e-05,—
ryptoit,4,1.02763305278951e-05,—
ventures,4,1.02763305278951e-05,—
arketing,4,1.02763305278951e-05,—
erry,4,1.02763305278951e-05,—
guye,4,1.02763305278951e-05,—
ncryption,4,1.02763305278951e-05,—
holon,4,1.02763305278951e-05,—
scams,4,1.02763305278951e-05,—
educated,4,1.02763305278951e-05,—
wonder,4,1.02763305278951e-05,—
arduous,4,1.02763305278951e-05,—
incur,4,1.02763305278951e-05,—
incurring,4,1.02763305278951e-05,—
tragedy,4,1.02763305278951e-05,—
guessing,4,1.02763305278951e-05,—
purity,4,1.02763305278951e-05,—
emit,4,1.02763305278951e-05,—
formatted,4,1.02763305278951e-05,—
dumb,4,1.02763305278951e-05,—
structurally,4,1.02763305278951e-05,—
illustrative,4,1.02763305278951e-05,—
beloved,4,1.02763305278951e-05,—
len,4,1.02763305278951e-05,—
strongest,4,1.02763305278951e-05,—
cares,4,1.02763305278951e-05,—
dummy,4,1.02763305278951e-05,—
unwieldy,4,1.02763305278951e-05,—
leap,4,1.02763305278951e-05,—
obfuscate,4,1.02763305278951e-05,—
compounded,4,1.02763305278951e-05,—
vaguely,4,1.02763305278951e-05,—
nderstanding,4,1.02763305278951e-05,—
encrypts,4,1.02763305278951e-05,—
controller,4,1.02763305278951e-05,—
intermediary,4,1.02763305278951e-05,—
reputations,4,1.02763305278951e-05,—
mouth,4,1.02763305278951e-05,—
criminal,4,1.02763305278951e-05,—
hatever,4,1.02763305278951e-05,—
instructive,4,1.02763305278951e-05,—
zeros,4,1.02763305278951e-05,—
wheel,4,1.02763305278951e-05,—
motive,4,1.02763305278951e-05,—
futuristic,4,1.02763305278951e-05,—
humble,4,1.02763305278951e-05,—
lockbo,4,1.02763305278951e-05,—
shuffle,4,1.02763305278951e-05,—
plugged,4,1.02763305278951e-05,—
rental,4,1.02763305278951e-05,—
responding,4,1.02763305278951e-05,—
ilver,4,1.02763305278951e-05,—
societies,4,1.02763305278951e-05,—
od,4,1.02763305278951e-05,—
unlimited,4,1.02763305278951e-05,—
employer,4,1.02763305278951e-05,—
arrangement,4,1.02763305278951e-05,—
ndustries,4,1.02763305278951e-05,—
thrown,4,1.02763305278951e-05,—
ultisig,4,1.02763305278951e-05,—
multisigs,4,1.02763305278951e-05,—
itrated,4,1.02763305278951e-05,—
vetting,4,1.02763305278951e-05,—
governed,4,1.02763305278951e-05,—
thirty,4,1.02763305278951e-05,—
stdlib,4,1.02763305278951e-05,—
clauses,4,1.02763305278951e-05,—
instantiated,4,1.02763305278951e-05,—
identifies,4,1.02763305278951e-05,—
privileged,4,1.02763305278951e-05,—
nineteen,4,1.02763305278951e-05,—
enriching,4,1.02763305278951e-05,—
bot,4,1.02763305278951e-05,—
ethervalue,4,1.02763305278951e-05,—
collusions,4,1.02763305278951e-05,—
lend,4,1.02763305278951e-05,—
guards,4,1.02763305278951e-05,—
realistically,4,1.02763305278951e-05,—
biases,4,1.02763305278951e-05,—
reachable,4,1.02763305278951e-05,—
harsh,4,1.02763305278951e-05,—
tring,4,1.02763305278951e-05,—
compiles,4,1.02763305278951e-05,—
brainwallet,4,1.02763305278951e-05,—
cdadfecdecabcfedfdd,4,1.02763305278951e-05,—
sessio,4,1.02763305278951e-05,—
processblock,4,1.02763305278951e-05,—
survives,4,1.02763305278951e-05,—
circumstance,4,1.02763305278951e-05,—
joseph,4,1.02763305278951e-05,—
lubin,4,1.02763305278951e-05,—
tenth,4,1.02763305278951e-05,—
pursuing,4,1.02763305278951e-05,—
dumping,4,1.02763305278951e-05,—
quit,4,1.02763305278951e-05,—
instantiation,4,1.02763305278951e-05,—
dictatorship,4,1.02763305278951e-05,—
morality,4,1.02763305278951e-05,—
favorably,4,1.02763305278951e-05,—
ecessively,4,1.02763305278951e-05,—
vehicles,4,1.02763305278951e-05,—
replicated,4,1.02763305278951e-05,—
bearing,4,1.02763305278951e-05,—
underneath,4,1.02763305278951e-05,—
unseated,4,1.02763305278951e-05,—
mul,4,1.02763305278951e-05,—
redistributed,4,1.02763305278951e-05,—
locate,4,1.02763305278951e-05,—
evolutionary,4,1.02763305278951e-05,—
differ,4,1.02763305278951e-05,—
investor,4,1.02763305278951e-05,—
autonomously,4,1.02763305278951e-05,—
continual,4,1.02763305278951e-05,—
murky,4,1.02763305278951e-05,—
genetic,4,1.02763305278951e-05,—
decentcon,4,1.02763305278951e-05,—
possess,4,1.02763305278951e-05,—
packaged,4,1.02763305278951e-05,—
pulled,4,1.02763305278951e-05,—
browsing,4,1.02763305278951e-05,—
catalog,4,1.02763305278951e-05,—
tiles,4,1.02763305278951e-05,—
parallelize,4,1.02763305278951e-05,—
kinks,4,1.02763305278951e-05,—
terminate,4,1.02763305278951e-05,—
naively,4,1.02763305278951e-05,—
timestamps,4,1.02763305278951e-05,—
manufacturers,4,1.02763305278951e-05,—
conjunction,4,1.02763305278951e-05,—
commercially,4,1.02763305278951e-05,—
ists,4,1.02763305278951e-05,—
parallels,4,1.02763305278951e-05,—
entralized,4,1.02763305278951e-05,—
kills,4,1.02763305278951e-05,—
str,4,1.02763305278951e-05,—
replica,4,1.02763305278951e-05,—
siteen,4,1.02763305278951e-05,—
intractable,4,1.02763305278951e-05,—
radio,4,1.02763305278951e-05,—
invariably,4,1.02763305278951e-05,—
elite,4,1.02763305278951e-05,—
imaginative,4,1.02763305278951e-05,—
solutio,4,1.02763305278951e-05,—
redit,4,1.02763305278951e-05,—
maliciously,4,1.02763305278951e-05,—
arranged,4,1.02763305278951e-05,—
vertically,4,1.02763305278951e-05,—
heaps,4,1.02763305278951e-05,—
passive,4,1.02763305278951e-05,—
resets,4,1.02763305278951e-05,—
reorganizations,4,1.02763305278951e-05,—
honor,4,1.02763305278951e-05,—
repeating,4,1.02763305278951e-05,—
altcoins,4,1.02763305278951e-05,—
inverse,4,1.02763305278951e-05,—
solidified,4,1.02763305278951e-05,—
sudden,4,1.02763305278951e-05,—
appearance,4,1.02763305278951e-05,—
endgame,4,1.02763305278951e-05,—
serial,4,1.02763305278951e-05,—
centralize,4,1.02763305278951e-05,—
arger,4,1.02763305278951e-05,—
superlinear,4,1.02763305278951e-05,—
egalitarian,4,1.02763305278951e-05,—
pursuit,4,1.02763305278951e-05,—
illions,4,1.02763305278951e-05,—
speedups,4,1.02763305278951e-05,—
figures,4,1.02763305278951e-05,—
boards,4,1.02763305278951e-05,—
disparate,4,1.02763305278951e-05,—
rationale,4,1.02763305278951e-05,—
outweigh,4,1.02763305278951e-05,—
achievable,4,1.02763305278951e-05,—
toy,4,1.02763305278951e-05,—
encompass,4,1.02763305278951e-05,—
selects,4,1.02763305278951e-05,—
beating,4,1.02763305278951e-05,—
quicksort,4,1.02763305278951e-05,—
alance,4,1.02763305278951e-05,—
eward,4,1.02763305278951e-05,—
threaten,4,1.02763305278951e-05,—
commented,4,1.02763305278951e-05,—
numerical,4,1.02763305278951e-05,—
overpower,4,1.02763305278951e-05,—
anchor,4,1.02763305278951e-05,—
ryptocurrencies,4,1.02763305278951e-05,—
punishing,4,1.02763305278951e-05,—
overwhelm,4,1.02763305278951e-05,—
tfees,4,1.02763305278951e-05,—
silver,4,1.02763305278951e-05,—
downloadable,4,1.02763305278951e-05,—
prompted,4,1.02763305278951e-05,—
attachment,4,1.02763305278951e-05,—
privkeys,4,1.02763305278951e-05,—
tapping,4,1.02763305278951e-05,—
confirming,4,1.02763305278951e-05,—
divergence,4,1.02763305278951e-05,—
conceivably,4,1.02763305278951e-05,—
sim,4,1.02763305278951e-05,—
motion,4,1.02763305278951e-05,—
simplification,4,1.02763305278951e-05,—
llowing,4,1.02763305278951e-05,—
rying,4,1.02763305278951e-05,—
siblings,4,1.02763305278951e-05,—
guy,4,1.02763305278951e-05,—
badly,4,1.02763305278951e-05,—
callback,4,1.02763305278951e-05,—
dancing,4,1.02763305278951e-05,—
insane,4,1.02763305278951e-05,—
cared,4,1.02763305278951e-05,—
transparently,4,1.02763305278951e-05,—
epic,4,1.02763305278951e-05,—
oward,4,1.02763305278951e-05,—
planetary,4,1.02763305278951e-05,—
transcend,4,1.02763305278951e-05,—
rivers,4,1.02763305278951e-05,—
nlimited,4,1.02763305278951e-05,—
replies,4,1.02763305278951e-05,—
frequency,4,1.02763305278951e-05,—
starvation,4,1.02763305278951e-05,—
placement,4,1.02763305278951e-05,—
tended,4,1.02763305278951e-05,—
authoritative,4,1.02763305278951e-05,—
recourse,4,1.02763305278951e-05,—
privkey,4,1.02763305278951e-05,—
osted,4,1.02763305278951e-05,—
infographic,4,1.02763305278951e-05,—
ndividuals,4,1.02763305278951e-05,—
impression,4,1.02763305278951e-05,—
cumulative,4,1.02763305278951e-05,—
statistic,4,1.02763305278951e-05,—
tends,4,1.02763305278951e-05,—
rulesets,4,1.02763305278951e-05,—
populated,4,1.02763305278951e-05,—
ecentralize,4,1.02763305278951e-05,—
encrypting,4,1.02763305278951e-05,—
drives,4,1.02763305278951e-05,—
swan,4,1.02763305278951e-05,—
subtract,4,1.02763305278951e-05,—
visualized,4,1.02763305278951e-05,—
hobbyist,4,1.02763305278951e-05,—
ube,4,1.02763305278951e-05,—
piel,4,1.02763305278951e-05,—
repair,4,1.02763305278951e-05,—
asynchronously,4,1.02763305278951e-05,—
atop,4,1.02763305278951e-05,—
tiers,4,1.02763305278951e-05,—
spa,4,1.02763305278951e-05,—
jurisdiction,4,1.02763305278951e-05,—
tending,4,1.02763305278951e-05,—
pioneers,4,1.02763305278951e-05,—
versa,4,1.02763305278951e-05,—
bail,4,1.02763305278951e-05,—
utarchy,4,1.02763305278951e-05,—
predicting,4,1.02763305278951e-05,—
economists,4,1.02763305278951e-05,—
bias,4,1.02763305278951e-05,—
elegantly,4,1.02763305278951e-05,—
dam,4,1.02763305278951e-05,—
sharp,4,1.02763305278951e-05,—
uncertainty,4,1.02763305278951e-05,—
lobby,4,1.02763305278951e-05,—
ilton,4,1.02763305278951e-05,—
manipulator,4,1.02763305278951e-05,—
distributes,4,1.02763305278951e-05,—
unsolved,4,1.02763305278951e-05,—
rooted,4,1.02763305278951e-05,—
storagen,4,1.02763305278951e-05,—
staggering,4,1.02763305278951e-05,—
gaslimit,4,1.02763305278951e-05,—
shaped,4,1.02763305278951e-05,—
river,4,1.02763305278951e-05,—
troduced,4,1.02763305278951e-05,—
eriod,4,1.02763305278951e-05,—
ages,4,1.02763305278951e-05,—
pillars,4,1.02763305278951e-05,—
ideals,4,1.02763305278951e-05,—
hoc,4,1.02763305278951e-05,—
aggressive,4,1.02763305278951e-05,—
icholas,4,1.02763305278951e-05,—
man,4,1.02763305278951e-05,—
caption,4,1.02763305278951e-05,—
rai,4,1.02763305278951e-05,—
bump,4,1.02763305278951e-05,—
sciences,4,1.02763305278951e-05,—
behavioral,4,1.02763305278951e-05,—
architecturally,4,1.02763305278951e-05,—
insert,4,1.02763305278951e-05,—
observation,4,1.02763305278951e-05,—
aimize,4,1.02763305278951e-05,—
disincentive,4,1.02763305278951e-05,—
infinitesimally,4,1.02763305278951e-05,—
modeled,4,1.02763305278951e-05,—
argues,4,1.02763305278951e-05,—
tellar,4,1.02763305278951e-05,—
conventional,4,1.02763305278951e-05,—
calldatasize,4,1.02763305278951e-05,—
charges,4,1.02763305278951e-05,—
cents,4,1.02763305278951e-05,—
pinged,4,1.02763305278951e-05,—
bonus,4,1.02763305278951e-05,—
ghost,4,1.02763305278951e-05,—
sketch,4,1.02763305278951e-05,—
nuances,4,1.02763305278951e-05,—
suffices,4,1.02763305278951e-05,—
dormant,4,1.02763305278951e-05,—
dependence,4,1.02763305278951e-05,—
slash,4,1.02763305278951e-05,—
complication,4,1.02763305278951e-05,—
penalizes,4,1.02763305278951e-05,—
ocent,4,1.02763305278951e-05,—
ignored,4,1.02763305278951e-05,—
uchanan,4,1.02763305278951e-05,—
recruitment,4,1.02763305278951e-05,—
recruited,4,1.02763305278951e-05,—
realise,4,1.02763305278951e-05,—
oming,4,1.02763305278951e-05,—
aktu,4,1.02763305278951e-05,—
concentrating,4,1.02763305278951e-05,—
wisely,4,1.02763305278951e-05,—
tape,4,1.02763305278951e-05,—
sorry,4,1.02763305278951e-05,—
happe,4,1.02763305278951e-05,—
specifics,4,1.02763305278951e-05,—
freezing,4,1.02763305278951e-05,—
optimisation,4,1.02763305278951e-05,—
incrementally,4,1.02763305278951e-05,—
hats,4,1.02763305278951e-05,—
ominic,4,1.02763305278951e-05,—
illiams,4,1.02763305278951e-05,—
ircle,4,1.02763305278951e-05,—
llow,4,1.02763305278951e-05,—
captures,4,1.02763305278951e-05,—
onest,4,1.02763305278951e-05,—
suspicious,4,1.02763305278951e-05,—
degenerate,4,1.02763305278951e-05,—
dimension,4,1.02763305278951e-05,—
memorized,4,1.02763305278951e-05,—
memorable,4,1.02763305278951e-05,—
mathematicians,4,1.02763305278951e-05,—
logarithm,4,1.02763305278951e-05,—
symbols,4,1.02763305278951e-05,—
arkov,4,1.02763305278951e-05,—
visually,4,1.02763305278951e-05,—
pronounceable,4,1.02763305278951e-05,—
avoided,4,1.02763305278951e-05,—
oa,4,1.02763305278951e-05,—
finalise,4,1.02763305278951e-05,—
pictures,4,1.02763305278951e-05,—
slew,4,1.02763305278951e-05,—
routines,4,1.02763305278951e-05,—
wards,4,1.02763305278951e-05,—
fateful,4,1.02763305278951e-05,—
hristmas,4,1.02763305278951e-05,—
akin,4,1.02763305278951e-05,—
fragmented,4,1.02763305278951e-05,—
likes,4,1.02763305278951e-05,—
classroom,4,1.02763305278951e-05,—
kindly,4,1.02763305278951e-05,—
contend,4,1.02763305278951e-05,—
istorically,4,1.02763305278951e-05,—
custodians,4,1.02763305278951e-05,—
superb,4,1.02763305278951e-05,—
conclusio,4,1.02763305278951e-05,—
everyday,4,1.02763305278951e-05,—
hares,4,1.02763305278951e-05,—
swings,4,1.02763305278951e-05,—
maker,4,1.02763305278951e-05,defi_finance
react,4,1.02763305278951e-05,—
farm,4,1.02763305278951e-05,—
unstable,4,1.02763305278951e-05,—
fallen,4,1.02763305278951e-05,—
nterest,4,1.02763305278951e-05,—
seignorage,4,1.02763305278951e-05,—
drawn,4,1.02763305278951e-05,—
inherit,4,1.02763305278951e-05,—
trusts,4,1.02763305278951e-05,—
luury,4,1.02763305278951e-05,—
coders,4,1.02763305278951e-05,—
seventh,4,1.02763305278951e-05,—
awaiting,4,1.02763305278951e-05,—
chatting,4,1.02763305278951e-05,—
onwards,4,1.02763305278951e-05,—
equest,4,1.02763305278951e-05,—
assure,4,1.02763305278951e-05,—
ayment,4,1.02763305278951e-05,—
cognitive,4,1.02763305278951e-05,—
omeone,4,1.02763305278951e-05,—
cons,4,1.02763305278951e-05,—
ignores,4,1.02763305278951e-05,—
beautifully,4,1.02763305278951e-05,—
inability,4,1.02763305278951e-05,—
trail,4,1.02763305278951e-05,—
vehicle,4,1.02763305278951e-05,—
ancestors,4,1.02763305278951e-05,—
continuity,4,1.02763305278951e-05,—
ould,4,1.02763305278951e-05,—
skepticism,4,1.02763305278951e-05,—
ouble,4,1.02763305278951e-05,—
admit,4,1.02763305278951e-05,—
categorize,4,1.02763305278951e-05,—
lengths,4,1.02763305278951e-05,—
redistributing,4,1.02763305278951e-05,—
misbehaving,4,1.02763305278951e-05,—
uncertainties,4,1.02763305278951e-05,—
gauge,4,1.02763305278951e-05,—
deadlines,4,1.02763305278951e-05,—
manageable,4,1.02763305278951e-05,—
rchitecture,4,1.02763305278951e-05,—
differs,4,1.02763305278951e-05,—
archival,4,1.02763305278951e-05,—
journalist,4,1.02763305278951e-05,—
filesystem,4,1.02763305278951e-05,—
polished,4,1.02763305278951e-05,—
settled,4,1.02763305278951e-05,—
ussia,4,1.02763305278951e-05,—
packaging,4,1.02763305278951e-05,—
fungible,4,1.02763305278951e-05,—
understandable,4,1.02763305278951e-05,—
recovering,4,1.02763305278951e-05,—
branching,4,1.02763305278951e-05,—
eited,4,1.02763305278951e-05,—
scores,4,1.02763305278951e-05,—
linking,4,1.02763305278951e-05,—
avel,4,1.02763305278951e-05,—
silos,4,1.02763305278951e-05,—
cooperating,4,1.02763305278951e-05,—
rally,4,1.02763305278951e-05,—
disjoint,4,1.02763305278951e-05,—
adapting,4,1.02763305278951e-05,—
edi,4,1.02763305278951e-05,—
varied,4,1.02763305278951e-05,—
ournal,4,1.02763305278951e-05,—
synchronizing,4,1.02763305278951e-05,—
risoner,4,1.02763305278951e-05,—
ilemma,4,1.02763305278951e-05,—
neus,4,1.02763305278951e-05,—
defection,4,1.02763305278951e-05,—
habits,4,1.02763305278951e-05,—
unfortunate,4,1.02763305278951e-05,—
benefited,4,1.02763305278951e-05,—
arbitrage,4,1.02763305278951e-05,—
squarely,4,1.02763305278951e-05,—
chemes,4,1.02763305278951e-05,—
augment,4,1.02763305278951e-05,—
pseudonymous,4,1.02763305278951e-05,—
ruth,4,1.02763305278951e-05,—
belief,4,1.02763305278951e-05,—
pitch,4,1.02763305278951e-05,—
foot,4,1.02763305278951e-05,—
nter,4,1.02763305278951e-05,—
retty,4,1.02763305278951e-05,—
ights,4,1.02763305278951e-05,—
mentions,4,1.02763305278951e-05,—
rigs,4,1.02763305278951e-05,—
pockets,4,1.02763305278951e-05,—
imelines,4,1.02763305278951e-05,—
popping,4,1.02763305278951e-05,—
clarifications,4,1.02763305278951e-05,—
tick,4,1.02763305278951e-05,—
flu,4,1.02763305278951e-05,—
synchronized,4,1.02763305278951e-05,—
mil,4,1.02763305278951e-05,—
gadgets,4,1.02763305278951e-05,—
rofessor,4,1.02763305278951e-05,—
mea,4,1.02763305278951e-05,—
ramifications,4,1.02763305278951e-05,—
regarded,4,1.02763305278951e-05,—
rganize,4,1.02763305278951e-05,—
eedback,4,1.02763305278951e-05,—
kudos,4,1.02763305278951e-05,—
teamium,4,1.02763305278951e-05,—
anious,4,1.02763305278951e-05,—
abruptly,4,1.02763305278951e-05,—
inspect,4,1.02763305278951e-05,—
nuanced,4,1.02763305278951e-05,—
dogfood,4,1.02763305278951e-05,—
azaar,4,1.02763305278951e-05,—
gigantic,4,1.02763305278951e-05,—
lacked,4,1.02763305278951e-05,—
cathedral,4,1.02763305278951e-05,—
technologically,4,1.02763305278951e-05,—
advertising,4,1.02763305278951e-05,—
recruiting,4,1.02763305278951e-05,—
insured,4,1.02763305278951e-05,—
nterestingly,4,1.02763305278951e-05,—
illustration,4,1.02763305278951e-05,—
superset,4,1.02763305278951e-05,—
subspaces,4,1.02763305278951e-05,—
demonstrates,4,1.02763305278951e-05,—
bidders,4,1.02763305278951e-05,—
untapped,4,1.02763305278951e-05,—
ichael,4,1.02763305278951e-05,—
itle,4,1.02763305278951e-05,—
multilingual,4,1.02763305278951e-05,—
erma,4,1.02763305278951e-05,—
talia,4,1.02763305278951e-05,—
tap,4,1.02763305278951e-05,—
endeavors,4,1.02763305278951e-05,—
deliverables,4,1.02763305278951e-05,—
counsel,4,1.02763305278951e-05,—
oordination,4,1.02763305278951e-05,—
networked,4,1.02763305278951e-05,—
ahoo,4,1.02763305278951e-05,—
ail,4,1.02763305278951e-05,—
mistake,4,1.02763305278951e-05,—
inflection,4,1.02763305278951e-05,—
critique,4,1.02763305278951e-05,—
yprus,4,1.02763305278951e-05,—
trustlessness,4,1.02763305278951e-05,—
definitio,4,1.02763305278951e-05,—
nuance,4,1.02763305278951e-05,—
jumping,4,1.02763305278951e-05,—
downtown,4,1.02763305278951e-05,—
distrusted,4,1.02763305278951e-05,—
projected,4,1.02763305278951e-05,—
survival,4,1.02763305278951e-05,—
weigh,4,1.02763305278951e-05,—
sun,4,1.02763305278951e-05,—
deem,4,1.02763305278951e-05,—
rand,4,1.02763305278951e-05,—
maller,4,1.02763305278951e-05,—
labs,4,1.02763305278951e-05,—
longevity,4,1.02763305278951e-05,—
ompared,4,1.02763305278951e-05,—
powering,4,1.02763305278951e-05,—
granularity,4,1.02763305278951e-05,—
originator,4,1.02763305278951e-05,—
nvironments,4,1.02763305278951e-05,—
nsurance,4,1.02763305278951e-05,—
ommunities,4,1.02763305278951e-05,—
shoot,4,1.02763305278951e-05,—
rogressive,4,1.02763305278951e-05,—
illiam,4,1.02763305278951e-05,—
senior,4,1.02763305278951e-05,—
promptly,4,1.02763305278951e-05,—
regressions,4,1.02763305278951e-05,—
ethkey,4,1.02763305278951e-05,—
uditing,4,1.02763305278951e-05,—
poked,4,1.02763305278951e-05,—
conform,4,1.02763305278951e-05,—
standardised,4,1.02763305278951e-05,—
rocket,4,1.02763305278951e-05,—
unfamiliar,4,1.02763305278951e-05,—
informative,4,1.02763305278951e-05,—
father,4,1.02763305278951e-05,—
consultancy,4,1.02763305278951e-05,—
proceeding,4,1.02763305278951e-05,—
deletio,4,1.02763305278951e-05,—
journaling,4,1.02763305278951e-05,—
undo,4,1.02763305278951e-05,—
ascend,4,1.02763305278951e-05,—
gavcoin,4,1.02763305278951e-05,—
paymaster,4,1.02763305278951e-05,—
theirs,4,1.02763305278951e-05,—
forcibly,4,1.02763305278951e-05,—
abstracting,4,1.02763305278951e-05,—
imitry,4,1.02763305278951e-05,—
cup,4,1.02763305278951e-05,—
hardcoded,4,1.02763305278951e-05,—
proportionally,4,1.02763305278951e-05,—
handed,4,1.02763305278951e-05,—
eperiencing,4,1.02763305278951e-05,—
bitcoi,4,1.02763305278951e-05,—
subsequently,4,1.02763305278951e-05,—
regenerate,4,1.02763305278951e-05,—
umerous,4,1.02763305278951e-05,—
gapped,4,1.02763305278951e-05,—
ethminer,4,1.02763305278951e-05,—
lifted,4,1.02763305278951e-05,—
auditability,4,1.02763305278951e-05,—
administered,4,1.02763305278951e-05,—
reorganisations,4,1.02763305278951e-05,—
ommers,4,1.02763305278951e-05,—
oughly,4,1.02763305278951e-05,—
striving,4,1.02763305278951e-05,—
sooner,4,1.02763305278951e-05,—
adversaries,4,1.02763305278951e-05,—
gustav,4,1.02763305278951e-05,—
simonsson,4,1.02763305278951e-05,—
ethpool,4,1.02763305278951e-05,—
cluding,4,1.02763305278951e-05,—
reorganization,4,1.02763305278951e-05,—
obi,4,1.02763305278951e-05,—
deniability,4,1.02763305278951e-05,—
griefing,4,1.02763305278951e-05,—
ompleity,4,1.02763305278951e-05,—
nummary,4,1.02763305278951e-05,—
restore,4,1.02763305278951e-05,—
ttackers,4,1.02763305278951e-05,—
rotate,4,1.02763305278951e-05,—
bundled,4,1.02763305278951e-05,—
icon,4,1.02763305278951e-05,—
disparities,4,1.02763305278951e-05,—
elections,4,1.02763305278951e-05,—
camp,4,1.02763305278951e-05,—
casino,4,1.02763305278951e-05,—
maturing,4,1.02763305278951e-05,—
onferences,4,1.02763305278951e-05,—
utreach,4,1.02763305278951e-05,—
bright,4,1.02763305278951e-05,—
ons,4,1.02763305278951e-05,—
ontinuing,4,1.02763305278951e-05,—
lacks,4,1.02763305278951e-05,—
marker,4,1.02763305278951e-05,—
authorize,4,1.02763305278951e-05,—
permission,4,1.02763305278951e-05,—
smarter,4,1.02763305278951e-05,—
subdomains,4,1.02763305278951e-05,—
modularity,4,1.02763305278951e-05,—
approvals,4,1.02763305278951e-05,—
bucket,4,1.02763305278951e-05,—
notify,4,1.02763305278951e-05,—
detour,4,1.02763305278951e-05,—
spammers,4,1.02763305278951e-05,—
spite,4,1.02763305278951e-05,—
overriding,4,1.02763305278951e-05,—
merit,4,1.02763305278951e-05,—
sande,4,1.02763305278951e-05,—
pe,4,1.02763305278951e-05,—
transactionytecode,4,1.02763305278951e-05,—
fluctuate,4,1.02763305278951e-05,—
counterpart,4,1.02763305278951e-05,—
serenity,4,1.02763305278951e-05,—
mstore,4,1.02763305278951e-05,—
boilerplate,4,1.02763305278951e-05,—
summarizing,4,1.02763305278951e-05,—
gesture,4,1.02763305278951e-05,—
ohn,4,1.02763305278951e-05,—
metamask,4,1.02763305278951e-05,usages
nappy,4,1.02763305278951e-05,—
depths,4,1.02763305278951e-05,—
ream,4,1.02763305278951e-05,—
evertheless,4,1.02763305278951e-05,—
aaki,4,1.02763305278951e-05,—
ablo,4,1.02763305278951e-05,—
anonymization,4,1.02763305278951e-05,—
ified,4,1.02763305278951e-05,—
hypervisor,4,1.02763305278951e-05,—
webpages,4,1.02763305278951e-05,—
amespaces,4,1.02763305278951e-05,—
circles,4,1.02763305278951e-05,—
onessage,4,1.02763305278951e-05,—
bidding,4,1.02763305278951e-05,—
reation,4,1.02763305278951e-05,—
itially,4,1.02763305278951e-05,—
eiting,4,1.02763305278951e-05,—
generalised,4,1.02763305278951e-05,—
discrepancy,4,1.02763305278951e-05,—
paperwork,4,1.02763305278951e-05,—
orn,4,1.02763305278951e-05,—
totaling,4,1.02763305278951e-05,—
preserved,4,1.02763305278951e-05,—
callbacks,4,1.02763305278951e-05,—
templates,4,1.02763305278951e-05,—
interactively,4,1.02763305278951e-05,—
ransfers,4,1.02763305278951e-05,—
resp,4,1.02763305278951e-05,—
paragraph,4,1.02763305278951e-05,—
implifying,4,1.02763305278951e-05,—
timeouts,4,1.02763305278951e-05,—
hiccups,4,1.02763305278951e-05,—
gracefully,4,1.02763305278951e-05,—
shy,4,1.02763305278951e-05,—
occasion,4,1.02763305278951e-05,—
subsets,4,1.02763305278951e-05,—
shanghai,4,1.02763305278951e-05,—
travelers,4,1.02763305278951e-05,—
ransit,4,1.02763305278951e-05,—
ays,4,1.02763305278951e-05,—
olvin,4,1.02763305278951e-05,—
llvm,4,1.02763305278951e-05,—
reusability,4,1.02763305278951e-05,—
rethink,4,1.02763305278951e-05,—
prevented,4,1.02763305278951e-05,—
principal,4,1.02763305278951e-05,—
stall,4,1.02763305278951e-05,—
bugfi,4,1.02763305278951e-05,—
weird,4,1.02763305278951e-05,—
enacted,4,1.02763305278951e-05,—
urgency,4,1.02763305278951e-05,—
tmp,4,1.02763305278951e-05,—
decoded,4,1.02763305278951e-05,—
gears,4,1.02763305278951e-05,—
obstacles,4,1.02763305278951e-05,—
tons,4,1.02763305278951e-05,—
ecentralised,4,1.02763305278951e-05,—
polling,4,1.02763305278951e-05,—
getccounts,4,1.02763305278951e-05,—
onsequently,4,1.02763305278951e-05,—
ait,4,1.02763305278951e-05,—
getalance,4,1.02763305278951e-05,—
delicate,4,1.02763305278951e-05,—
thtats,4,1.02763305278951e-05,—
reproducible,4,1.02763305278951e-05,—
assemble,4,1.02763305278951e-05,—
scattered,4,1.02763305278951e-05,—
nm,4,1.02763305278951e-05,—
amsey,4,1.02763305278951e-05,—
bove,4,1.02763305278951e-05,—
analyzers,4,1.02763305278951e-05,—
swende,4,1.02763305278951e-05,—
priced,4,1.02763305278951e-05,—
contiguous,4,1.02763305278951e-05,—
tighter,4,1.02763305278951e-05,—
ramp,4,1.02763305278951e-05,—
omebrew,4,1.02763305278951e-05,—
distributions,4,1.02763305278951e-05,—
checksums,4,1.02763305278951e-05,—
ragon,4,1.02763305278951e-05,—
removal,4,1.02763305278951e-05,—
rovider,4,1.02763305278951e-05,—
recommending,4,1.02763305278951e-05,—
primes,4,1.02763305278951e-05,—
olyero,4,1.02763305278951e-05,—
pan,4,1.02763305278951e-05,—
elevant,4,1.02763305278951e-05,—
discoveries,4,1.02763305278951e-05,—
quilibrium,4,1.02763305278951e-05,—
nstructions,4,1.02763305278951e-05,—
realised,4,1.02763305278951e-05,—
routed,4,1.02763305278951e-05,—
kb,4,1.02763305278951e-05,—
minimally,4,1.02763305278951e-05,—
stricter,4,1.02763305278951e-05,—
educing,4,1.02763305278951e-05,—
ompany,4,1.02763305278951e-05,—
disclosing,4,1.02763305278951e-05,—
libsnark,4,1.02763305278951e-05,—
writte,4,1.02763305278951e-05,—
bridged,4,1.02763305278951e-05,—
ovan,4,1.02763305278951e-05,—
containers,4,1.02763305278951e-05,—
rinkeby,4,1.02763305278951e-05,—
insanely,4,1.02763305278951e-05,—
remarks,4,1.02763305278951e-05,—
rundown,4,1.02763305278951e-05,—
productio,4,1.02763305278951e-05,—
vestigating,4,1.02763305278951e-05,—
mutation,4,1.02763305278951e-05,—
nhanks,4,1.02763305278951e-05,—
adget,4,1.02763305278951e-05,—
hoice,4,1.02763305278951e-05,—
gist,4,1.02763305278951e-05,—
doc,4,1.02763305278951e-05,—
audio,4,1.02763305278951e-05,—
aml,4,1.02763305278951e-05,—
onboarded,4,1.02763305278951e-05,—
assertions,4,1.02763305278951e-05,—
swindle,4,1.02763305278951e-05,—
ideos,4,1.02763305278951e-05,—
pluggable,4,1.02763305278951e-05,—
contributio,4,1.02763305278951e-05,—
trezor,4,1.02763305278951e-05,—
reporters,4,1.02763305278951e-05,—
urge,4,1.02763305278951e-05,—
ndrei,4,1.02763305278951e-05,—
ester,4,1.02763305278951e-05,—
ommand,4,1.02763305278951e-05,—
riven,4,1.02763305278951e-05,—
eican,4,1.02763305278951e-05,—
perating,4,1.02763305278951e-05,—
filler,4,1.02763305278951e-05,—
ditor,4,1.02763305278951e-05,—
ryestew,4,1.02763305278951e-05,—
ontributing,4,1.02763305278951e-05,—
ighlights,4,1.02763305278951e-05,—
successor,4,1.02763305278951e-05,—
eliable,4,1.02763305278951e-05,—
restarted,4,1.02763305278951e-05,—
weighing,4,1.02763305278951e-05,—
flush,4,1.02763305278951e-05,—
callracer,4,1.02763305278951e-05,—
traced,4,1.02763305278951e-05,—
configuring,4,1.02763305278951e-05,—
tokenless,4,1.02763305278951e-05,—
eternship,4,1.02763305278951e-05,—
worrying,4,1.02763305278951e-05,—
alleto,4,1.02763305278951e-05,—
tandards,4,1.02763305278951e-05,—
subsystems,4,1.02763305278951e-05,—
ccess,4,1.02763305278951e-05,—
gender,4,1.02763305278951e-05,—
shed,4,1.02763305278951e-05,—
nearby,4,1.02763305278951e-05,—
participatio,4,1.02763305278951e-05,—
ove,4,1.02763305278951e-05,—
clipse,4,1.02763305278951e-05,—
nosis,4,1.02763305278951e-05,—
tetbook,4,1.02763305278951e-05,—
ploitability,4,1.02763305278951e-05,—
tructs,4,1.02763305278951e-05,—
underserved,4,1.02763305278951e-05,—
antiment,4,1.02763305278951e-05,—
osmos,4,1.02763305278951e-05,—
pectrum,4,1.02763305278951e-05,—
adiant,4,1.02763305278951e-05,—
iolet,4,1.02763305278951e-05,—
responsibly,4,1.02763305278951e-05,—
tranches,4,1.02763305278951e-05,—
easm,4,1.02763305278951e-05,—
bitwise,4,1.02763305278951e-05,—
conald,4,1.02763305278951e-05,—
representations,4,1.02763305278951e-05,—
invocations,4,1.02763305278951e-05,—
relaunch,4,1.02763305278951e-05,—
subpages,4,1.02763305278951e-05,—
allocator,4,1.02763305278951e-05,—
fforts,4,1.02763305278951e-05,—
upranational,4,1.02763305278951e-05,—
shopping,4,1.02763305278951e-05,—
njoy,4,1.02763305278951e-05,—
degradation,4,1.02763305278951e-05,—
ecords,4,1.02763305278951e-05,—
consolidate,4,1.02763305278951e-05,—
bespoke,4,1.02763305278951e-05,—
recompiles,4,1.02763305278951e-05,—
significance,4,1.02763305278951e-05,—
prioritizing,4,1.02763305278951e-05,—
nspector,4,1.02763305278951e-05,—
iveness,4,1.02763305278951e-05,—
retesteth,4,1.02763305278951e-05,—
eplorations,4,1.02763305278951e-05,—
journalism,4,1.02763305278951e-05,—
huan,4,1.02763305278951e-05,—
rops,4,1.02763305278951e-05,—
syncs,4,1.02763305278951e-05,—
ransact,4,1.02763305278951e-05,—
composability,4,1.02763305278951e-05,—
infra,4,1.02763305278951e-05,—
dmi,4,1.02763305278951e-05,—
stu,4,1.02763305278951e-05,—
whatnot,4,1.02763305278951e-05,—
specced,4,1.02763305278951e-05,—
peering,4,1.02763305278951e-05,—
ddressing,4,1.02763305278951e-05,—
eveloped,4,1.02763305278951e-05,—
orean,4,1.02763305278951e-05,—
ko,4,1.02763305278951e-05,—
implified,4,1.02763305278951e-05,—
anseob,4,1.02763305278951e-05,—
idding,4,1.02763305278951e-05,—
ids,4,1.02763305278951e-05,—
nearer,4,1.02763305278951e-05,—
ball,4,1.02763305278951e-05,—
ichards,4,1.02763305278951e-05,—
nevcon,4,1.02763305278951e-05,—
chedule,4,1.02763305278951e-05,—
bookmark,4,1.02763305278951e-05,—
osmo,4,1.02763305278951e-05,—
jp,4,1.02763305278951e-05,—
amba,4,1.02763305278951e-05,—
huo,4,1.02763305278951e-05,—
english,4,1.02763305278951e-05,—
ite,4,1.02763305278951e-05,—
ogfooding,4,1.02763305278951e-05,—
ttendance,4,1.02763305278951e-05,—
ag,4,1.02763305278951e-05,—
snacks,4,1.02763305278951e-05,—
ultural,4,1.02763305278951e-05,—
phrases,4,1.02763305278951e-05,—
ndividual,4,1.02763305278951e-05,—
induces,4,1.02763305278951e-05,—
lodestar,4,1.02763305278951e-05,—
defenses,4,1.02763305278951e-05,—
higeo,4,1.02763305278951e-05,—
auth,4,1.02763305278951e-05,—
ung,4,1.02763305278951e-05,—
ridges,4,1.02763305278951e-05,—
timezones,4,1.02763305278951e-05,—
ethernodes,4,1.02763305278951e-05,—
uckily,4,1.02763305278951e-05,—
snapshotter,4,1.02763305278951e-05,—
randchtroumpf,4,1.02763305278951e-05,—
alid,4,1.02763305278951e-05,—
ubert,4,1.02763305278951e-05,—
apphire,4,1.02763305278951e-05,—
cake,4,1.02763305278951e-05,—
enial,4,1.02763305278951e-05,—
configuratio,4,1.02763305278951e-05,—
soo,4,1.02763305278951e-05,—
eplainers,4,1.02763305278951e-05,—
besu,4,1.02763305278951e-05,—
shuffling,4,1.02763305278951e-05,—
aptly,4,1.02763305278951e-05,—
hurdle,4,1.02763305278951e-05,—
lens,4,1.02763305278951e-05,—
rhythm,4,1.02763305278951e-05,—
ransition,4,1.02763305278951e-05,—
whereby,4,1.02763305278951e-05,—
accounted,4,1.02763305278951e-05,—
sentences,4,1.02763305278951e-05,—
enerating,4,1.02763305278951e-05,—
lifecycle,4,1.02763305278951e-05,—
harityplitteractory,4,1.02763305278951e-05,—
odels,4,1.02763305278951e-05,—
ghosts,4,1.02763305278951e-05,—
trench,4,1.02763305278951e-05,—
coat,4,1.02763305278951e-05,—
subtree,4,1.02763305278951e-05,—
deals,4,1.02763305278951e-05,—
frac,4,1.02763305278951e-05,—
gor,4,1.02763305278951e-05,—
guessed,4,1.02763305278951e-05,—
eaching,4,1.02763305278951e-05,—
lbum,4,1.02763305278951e-05,—
layouts,4,1.02763305278951e-05,—
embracing,4,1.02763305278951e-05,—
eprint,4,1.02763305278951e-05,—
iacr,4,1.02763305278951e-05,—
sigp,4,1.02763305278951e-05,—
ustody,4,1.02763305278951e-05,—
ocused,4,1.02763305278951e-05,—
ntermediate,4,1.02763305278951e-05,—
tatebo,4,1.02763305278951e-05,—
enderly,4,1.02763305278951e-05,—
webj,4,1.02763305278951e-05,—
nap,4,1.02763305278951e-05,—
predetermined,4,1.02763305278951e-05,—
tamper,4,1.02763305278951e-05,sécurité
accumulators,4,1.02763305278951e-05,—
monorepo,4,1.02763305278951e-05,—
otchkiss,4,1.02763305278951e-05,—
misses,4,1.02763305278951e-05,—
countereamples,4,1.02763305278951e-05,—
homsky,4,1.02763305278951e-05,—
intimidate,4,1.02763305278951e-05,—
substitution,4,1.02763305278951e-05,—
precursor,4,1.02763305278951e-05,—
toring,4,1.02763305278951e-05,—
nueridos,4,1.02763305278951e-05,—
ali,4,1.02763305278951e-05,—
protolambda,4,1.02763305278951e-05,—
stems,4,1.02763305278951e-05,—
escalator,4,1.02763305278951e-05,—
insertion,4,1.02763305278951e-05,—
ersistent,4,1.02763305278951e-05,—
tune,4,1.02763305278951e-05,—
acknowledgment,4,1.02763305278951e-05,—
abbage,4,1.02763305278951e-05,—
nalytical,4,1.02763305278951e-05,—
steampunk,4,1.02763305278951e-05,—
mental,4,1.02763305278951e-05,—
rabic,4,1.02763305278951e-05,—
atsby,4,1.02763305278951e-05,—
illustrations,4,1.02763305278951e-05,—
farming,4,1.02763305278951e-05,defi_finance
comprehensively,4,1.02763305278951e-05,—
arsh,4,1.02763305278951e-05,—
ackoney,4,1.02763305278951e-05,—
ataop,4,1.02763305278951e-05,—
ewsletter,4,1.02763305278951e-05,—
ompetitio,4,1.02763305278951e-05,—
abcbeda,4,1.02763305278951e-05,—
oledo,4,1.02763305278951e-05,—
bitfly,4,1.02763305278951e-05,—
uffer,4,1.02763305278951e-05,—
relief,4,1.02763305278951e-05,—
onitor,4,1.02763305278951e-05,—
ytecode,4,1.02763305278951e-05,—
hore,4,1.02763305278951e-05,—
ildebrandt,4,1.02763305278951e-05,—
podcast,4,1.02763305278951e-05,—
iscover,4,1.02763305278951e-05,—
eenesis,4,1.02763305278951e-05,—
rithmetic,4,1.02763305278951e-05,—
playlist,4,1.02763305278951e-05,—
aller,4,1.02763305278951e-05,—
tarkware,4,1.02763305278951e-05,—
cryptanalysis,4,1.02763305278951e-05,—
rkworks,4,1.02763305278951e-05,—
strikes,4,1.02763305278951e-05,—
hared,4,1.02763305278951e-05,—
optimism,4,1.02763305278951e-05,infrastructurel
asterclass,4,1.02763305278951e-05,—
freed,4,1.02763305278951e-05,—
unindeing,4,1.02763305278951e-05,—
nable,4,1.02763305278951e-05,—
ws,4,1.02763305278951e-05,—
rganizing,4,1.02763305278951e-05,—
oro,4,1.02763305278951e-05,—
arner,4,1.02763305278951e-05,—
organizer,4,1.02763305278951e-05,—
pr,4,1.02763305278951e-05,—
writings,4,1.02763305278951e-05,—
ingh,4,1.02763305278951e-05,—
agricultural,4,1.02763305278951e-05,—
microinsurance,4,1.02763305278951e-05,—
tensive,4,1.02763305278951e-05,—
eminder,4,1.02763305278951e-05,—
ranke,4,1.02763305278951e-05,—
icroi,4,1.02763305278951e-05,—
arketplace,4,1.02763305278951e-05,—
investigates,4,1.02763305278951e-05,—
uerker,4,1.02763305278951e-05,—
eri,4,1.02763305278951e-05,—
lowes,4,1.02763305278951e-05,—
hibaut,4,1.02763305278951e-05,—
chaeffer,4,1.02763305278951e-05,—
internships,4,1.02763305278951e-05,—
aya,4,1.02763305278951e-05,—
miyaguchi,4,1.02763305278951e-05,—
onramp,4,1.02763305278951e-05,—
yle,4,1.02763305278951e-05,—
iversidad,4,1.02763305278951e-05,—
southern,4,1.02763305278951e-05,—
visitors,4,1.02763305278951e-05,—
interoperate,4,1.02763305278951e-05,—
internationalization,4,1.02763305278951e-05,—
eercises,4,1.02763305278951e-05,—
versatile,4,1.02763305278951e-05,—
forkchoice,4,1.02763305278951e-05,—
undergraduate,4,1.02763305278951e-05,—
oshelev,4,1.02763305278951e-05,—
miash,4,1.02763305278951e-05,—
evaundray,4,1.02763305278951e-05,—
edersen,4,1.02763305278951e-05,—
vᵢ,4,1.02763305278951e-05,—
ransformation,4,1.02763305278951e-05,—
monitors,4,1.02763305278951e-05,—
activating,4,1.02763305278951e-05,—
aimum,4,1.02763305278951e-05,—
articipation,4,1.02763305278951e-05,—
reece,4,1.02763305278951e-05,—
easibility,4,1.02763305278951e-05,—
ltralight,4,1.02763305278951e-05,—
ubio,4,1.02763305278951e-05,—
thresholds,4,1.02763305278951e-05,—
nconference,4,1.02763305278951e-05,—
attice,4,1.02763305278951e-05,—
tlanta,4,1.02763305278951e-05,—
ortugal,4,1.02763305278951e-05,—
lessandro,4,1.02763305278951e-05,—
hiesa,4,1.02763305278951e-05,—
locknative,4,1.02763305278951e-05,—
je,4,1.02763305278951e-05,—
afetero,4,1.02763305278951e-05,—
hao,4,1.02763305278951e-05,—
zkloud,4,1.02763305278951e-05,—
artist,4,1.02763305278951e-05,—
campus,4,1.02763305278951e-05,—
amiee,4,1.02763305278951e-05,—
eighbor,4,1.02763305278951e-05,—
outsourced,4,1.02763305278951e-05,—
terminalotalifficulty,4,1.02763305278951e-05,—
icketing,4,1.02763305278951e-05,—
olunteering,4,1.02763305278951e-05,—
cultivate,4,1.02763305278951e-05,—
nde,4,1.02763305278951e-05,—
nationalities,4,1.02763305278951e-05,—
changemakers,4,1.02763305278951e-05,—
olunteers,4,1.02763305278951e-05,—
diem,4,1.02763305278951e-05,—
etherlands,4,1.02763305278951e-05,—
hong,4,1.02763305278951e-05,—
uisu,4,1.02763305278951e-05,—
unoung,4,1.02763305278951e-05,—
eungju,4,1.02763305278951e-05,—
oojin,4,1.02763305278951e-05,—
uyao,4,1.02763305278951e-05,—
ecuring,4,1.02763305278951e-05,—
leible,4,1.02763305278951e-05,—
gent,4,1.02763305278951e-05,—
ploit,4,1.02763305278951e-05,—
uzhe,4,1.02763305278951e-05,—
iaqi,4,1.02763305278951e-05,—
ndrás,4,1.02763305278951e-05,—
omez,4,1.02763305278951e-05,—
mpirical,4,1.02763305278951e-05,—
ptimal,4,1.02763305278951e-05,—
ijay,4,1.02763305278951e-05,—
ucas,4,1.02763305278951e-05,—
uhammad,4,1.02763305278951e-05,—
amir,4,1.02763305278951e-05,—
enaim,4,1.02763305278951e-05,—
ohns,4,1.02763305278951e-05,—
opkins,4,1.02763305278951e-05,—
niversidad,4,1.02763305278951e-05,—
atisfiability,4,1.02763305278951e-05,—
odulo,4,1.02763305278951e-05,—
ontributor,4,1.02763305278951e-05,—
activations,4,1.02763305278951e-05,—
aiwa,4,1.02763305278951e-05,—
neural,4,1.02763305278951e-05,—
oundry,4,1.02763305278951e-05,—
cale,4,1.02763305278951e-05,—
orferias,4,1.02763305278951e-05,—
basement,4,1.02763305278951e-05,—
cozy,4,1.02763305278951e-05,—
edellin,4,1.02763305278951e-05,—
olygo,4,1.02763305278951e-05,—
firsthand,4,1.02763305278951e-05,—
abriela,4,1.02763305278951e-05,—
ubtraction,4,1.02763305278951e-05,—
layground,4,1.02763305278951e-05,—
zkummit,4,1.02763305278951e-05,—
hou,4,1.02763305278951e-05,—
etractable,4,1.02763305278951e-05,—
ethods,4,1.02763305278951e-05,—
ggregation,4,1.02763305278951e-05,—
igen,4,1.02763305278951e-05,—
cheduled,4,1.02763305278951e-05,—
onatina,4,1.02763305278951e-05,—
ontinue,4,1.02763305278951e-05,—
ecured,4,1.02763305278951e-05,—
oordinating,4,1.02763305278951e-05,—
artifact,4,1.02763305278951e-05,—
tonio,4,1.02763305278951e-05,—
nithdrawals,4,1.02763305278951e-05,—
undler,4,1.02763305278951e-05,—
northern,4,1.02763305278951e-05,—
rimitives,4,1.02763305278951e-05,—
meaningfully,4,1.02763305278951e-05,—
tories,4,1.02763305278951e-05,—
territory,4,1.02763305278951e-05,—
earthquake,4,1.02763305278951e-05,—
amboree,4,1.02763305278951e-05,—
orto,4,1.02763305278951e-05,—
ryptanalysis,4,1.02763305278951e-05,—
tefanos,4,1.02763305278951e-05,—
haliasos,4,1.02763305278951e-05,—
aihua,4,1.02763305278951e-05,—
rinciples,4,1.02763305278951e-05,—
osting,4,1.02763305278951e-05,—
estern,4,1.02763305278951e-05,—
ndonesia,4,1.02763305278951e-05,—
ryptosat,4,1.02763305278951e-05,—
arble,4,1.02763305278951e-05,—
oppard,4,1.02763305278951e-05,—
ntropy,4,1.02763305278951e-05,—
asa,4,1.02763305278951e-05,—
useum,4,1.02763305278951e-05,—
tokenized,4,1.02763305278951e-05,—
lyust,4,1.02763305278951e-05,—
nlyust,4,1.02763305278951e-05,—
ünü,4,1.02763305278951e-05,—
rogcrypto,4,1.02763305278951e-05,—
sraelis,4,1.02763305278951e-05,—
epo,4,1.02763305278951e-05,—
egister,4,1.02763305278951e-05,—
ublin,4,1.02763305278951e-05,—
illage,4,1.02763305278951e-05,—
gated,4,1.02763305278951e-05,—
ctivities,4,1.02763305278951e-05,—
rototar,4,1.02763305278951e-05,—
tealth,4,1.02763305278951e-05,—
tefan,4,1.02763305278951e-05,—
walkthroughs,4,1.02763305278951e-05,—
ouse,4,1.02763305278951e-05,—
olomon,4,1.02763305278951e-05,—
plonky,4,1.02763305278951e-05,—
aeyoon,4,1.02763305278951e-05,—
ebian,4,1.02763305278951e-05,—
mplements,4,1.02763305278951e-05,—
yderabad,4,1.02763305278951e-05,—
bootcamps,4,1.02763305278951e-05,—
oorkee,4,1.02763305278951e-05,—
robeab,4,1.02763305278951e-05,—
ossipub,4,1.02763305278951e-05,—
sai,4,1.02763305278951e-05,—
rontiers,4,1.02763305278951e-05,—
rofessionals,4,1.02763305278951e-05,—
stagram,4,1.02763305278951e-05,—
atticeold,4,1.02763305278951e-05,—
ycleold,4,1.02763305278951e-05,—
ofia,4,1.02763305278951e-05,—
etroactive,4,1.02763305278951e-05,—
reshaping,4,1.02763305278951e-05,—
eonardo,4,1.02763305278951e-05,—
ubsheep,4,1.02763305278951e-05,—
acc,4,1.02763305278951e-05,—
defensive,4,1.02763305278951e-05,—
waitlist,4,1.02763305278951e-05,—
angers,4,1.02763305278951e-05,—
recimiento,4,1.02763305278951e-05,—
adies,4,1.02763305278951e-05,—
triggerable,4,1.02763305278951e-05,—
anja,4,1.02763305278951e-05,—
mathbb,4,1.02763305278951e-05,—
ehdi,4,1.02763305278951e-05,—
eadliner,4,1.02763305278951e-05,—
ournalists,4,1.02763305278951e-05,—
corp,3,7.707247895921324e-06,—
infringement,3,7.707247895921324e-06,—
multimillion,3,7.707247895921324e-06,—
physics,3,7.707247895921324e-06,—
distinguished,3,7.707247895921324e-06,—
agency,3,7.707247895921324e-06,—
ffline,3,7.707247895921324e-06,—
fingerprint,3,7.707247895921324e-06,—
signups,3,7.707247895921324e-06,—
ations,3,7.707247895921324e-06,—
probable,3,7.707247895921324e-06,—
dividend,3,7.707247895921324e-06,—
spouse,3,7.707247895921324e-06,—
dividing,3,7.707247895921324e-06,—
fractional,3,7.707247895921324e-06,—
sc,3,7.707247895921324e-06,—
presidential,3,7.707247895921324e-06,—
ingularity,3,7.707247895921324e-06,—
labor,3,7.707247895921324e-06,—
workforce,3,7.707247895921324e-06,—
slightest,3,7.707247895921324e-06,—
contractors,3,7.707247895921324e-06,—
rogue,3,7.707247895921324e-06,—
depriving,3,7.707247895921324e-06,—
stabilization,3,7.707247895921324e-06,—
collapses,3,7.707247895921324e-06,—
nudge,3,7.707247895921324e-06,—
favored,3,7.707247895921324e-06,—
conspiracies,3,7.707247895921324e-06,—
equiring,3,7.707247895921324e-06,—
tampered,3,7.707247895921324e-06,—
clears,3,7.707247895921324e-06,—
bankrupt,3,7.707247895921324e-06,—
proofing,3,7.707247895921324e-06,—
dealt,3,7.707247895921324e-06,—
discouraging,3,7.707247895921324e-06,—
outsource,3,7.707247895921324e-06,—
oppose,3,7.707247895921324e-06,—
awards,3,7.707247895921324e-06,—
admitted,3,7.707247895921324e-06,—
aterloo,3,7.707247895921324e-06,—
studied,3,7.707247895921324e-06,—
marketers,3,7.707247895921324e-06,—
uantitative,3,7.707247895921324e-06,—
aye,3,7.707247895921324e-06,—
randing,3,7.707247895921324e-06,—
erring,3,7.707247895921324e-06,—
btc,3,7.707247895921324e-06,—
notch,3,7.707247895921324e-06,—
holons,3,7.707247895921324e-06,—
nmportant,3,7.707247895921324e-06,—
inaccurate,3,7.707247895921324e-06,—
aunching,3,7.707247895921324e-06,—
impersonate,3,7.707247895921324e-06,—
immensely,3,7.707247895921324e-06,—
organically,3,7.707247895921324e-06,—
ck,3,7.707247895921324e-06,—
benefitting,3,7.707247895921324e-06,—
imi,3,7.707247895921324e-06,—
ak,3,7.707247895921324e-06,—
ib,3,7.707247895921324e-06,—
geopolitical,3,7.707247895921324e-06,—
igovian,3,7.707247895921324e-06,—
taes,3,7.707247895921324e-06,—
proportionately,3,7.707247895921324e-06,—
prolonged,3,7.707247895921324e-06,—
imposes,3,7.707247895921324e-06,—
hop,3,7.707247895921324e-06,—
clarification,3,7.707247895921324e-06,—
stripped,3,7.707247895921324e-06,—
hooks,3,7.707247895921324e-06,—
bloated,3,7.707247895921324e-06,—
sneak,3,7.707247895921324e-06,—
prod,3,7.707247895921324e-06,—
float,3,7.707247895921324e-06,—
popen,3,7.707247895921324e-06,—
rm,3,7.707247895921324e-06,—
immutability,3,7.707247895921324e-06,—
deduplicated,3,7.707247895921324e-06,—
grabs,3,7.707247895921324e-06,—
serialized,3,7.707247895921324e-06,—
loads,3,7.707247895921324e-06,—
pops,3,7.707247895921324e-06,—
ptimizations,3,7.707247895921324e-06,—
intelligent,3,7.707247895921324e-06,—
instantiate,3,7.707247895921324e-06,—
eleven,3,7.707247895921324e-06,—
supportive,3,7.707247895921324e-06,—
criticisms,3,7.707247895921324e-06,—
brush,3,7.707247895921324e-06,—
rose,3,7.707247895921324e-06,—
reforms,3,7.707247895921324e-06,—
midway,3,7.707247895921324e-06,—
crashing,3,7.707247895921324e-06,—
contrary,3,7.707247895921324e-06,—
unepectedly,3,7.707247895921324e-06,—
promoted,3,7.707247895921324e-06,—
premine,3,7.707247895921324e-06,—
batteries,3,7.707247895921324e-06,—
nhere,3,7.707247895921324e-06,—
blinding,3,7.707247895921324e-06,—
li,3,7.707247895921324e-06,—
pseudorandom,3,7.707247895921324e-06,—
mit,3,7.707247895921324e-06,—
pioneer,3,7.707247895921324e-06,—
grails,3,7.707247895921324e-06,—
tradable,3,7.707247895921324e-06,—
fuzzy,3,7.707247895921324e-06,—
arbitrators,3,7.707247895921324e-06,—
bureaucratic,3,7.707247895921324e-06,—
conspiring,3,7.707247895921324e-06,—
tribal,3,7.707247895921324e-06,—
glean,3,7.707247895921324e-06,—
complicates,3,7.707247895921324e-06,—
invalidate,3,7.707247895921324e-06,—
encodings,3,7.707247895921324e-06,—
encodes,3,7.707247895921324e-06,—
tale,3,7.707247895921324e-06,—
reinventing,3,7.707247895921324e-06,—
protobuf,3,7.707247895921324e-06,—
securities,3,7.707247895921324e-06,—
reputational,3,7.707247895921324e-06,—
unauthorized,3,7.707247895921324e-06,—
treating,3,7.707247895921324e-06,—
inconsistency,3,7.707247895921324e-06,—
localized,3,7.707247895921324e-06,—
responds,3,7.707247895921324e-06,—
blacklist,3,7.707247895921324e-06,—
recalculate,3,7.707247895921324e-06,—
smartphone,3,7.707247895921324e-06,—
buildings,3,7.707247895921324e-06,—
versed,3,7.707247895921324e-06,—
postal,3,7.707247895921324e-06,—
regulated,3,7.707247895921324e-06,—
implying,3,7.707247895921324e-06,—
itfine,3,7.707247895921324e-06,—
hedge,3,7.707247895921324e-06,—
segregated,3,7.707247895921324e-06,—
satellite,3,7.707247895921324e-06,—
amecoi,3,7.707247895921324e-06,—
depositing,3,7.707247895921324e-06,—
erm,3,7.707247895921324e-06,—
iew,3,7.707247895921324e-06,—
decoupled,3,7.707247895921324e-06,—
devil,3,7.707247895921324e-06,—
adequately,3,7.707247895921324e-06,—
rimecoin,3,7.707247895921324e-06,—
slowdown,3,7.707247895921324e-06,—
deltas,3,7.707247895921324e-06,—
ngineers,3,7.707247895921324e-06,—
acquired,3,7.707247895921324e-06,—
destabilizing,3,7.707247895921324e-06,—
edging,3,7.707247895921324e-06,—
oses,3,7.707247895921324e-06,—
believing,3,7.707247895921324e-06,—
absurd,3,7.707247895921324e-06,—
famous,3,7.707247895921324e-06,—
preset,3,7.707247895921324e-06,—
unambiguously,3,7.707247895921324e-06,—
rounded,3,7.707247895921324e-06,—
po,3,7.707247895921324e-06,—
zip,3,7.707247895921324e-06,—
unpack,3,7.707247895921324e-06,—
prepend,3,7.707247895921324e-06,—
thereafter,3,7.707247895921324e-06,—
privtoaddr,3,7.707247895921324e-06,—
creatio,3,7.707247895921324e-06,—
unsignedt,3,7.707247895921324e-06,—
mkcontract,3,7.707247895921324e-06,—
initializes,3,7.707247895921324e-06,—
daceffebffccecfa,3,7.707247895921324e-06,—
fd,3,7.707247895921324e-06,—
quotes,3,7.707247895921324e-06,—
ans,3,7.707247895921324e-06,—
fromvalue,3,7.707247895921324e-06,—
queried,3,7.707247895921324e-06,—
inferred,3,7.707247895921324e-06,—
triggers,3,7.707247895921324e-06,—
bells,3,7.707247895921324e-06,—
whistles,3,7.707247895921324e-06,—
relates,3,7.707247895921324e-06,—
distinguish,3,7.707247895921324e-06,—
purposeful,3,7.707247895921324e-06,—
totally,3,7.707247895921324e-06,—
inclusiveness,3,7.707247895921324e-06,—
lucrative,3,7.707247895921324e-06,—
successes,3,7.707247895921324e-06,—
moat,3,7.707247895921324e-06,—
victims,3,7.707247895921324e-06,—
movies,3,7.707247895921324e-06,—
backdoors,3,7.707247895921324e-06,—
pertinent,3,7.707247895921324e-06,—
iquidity,3,7.707247895921324e-06,—
respects,3,7.707247895921324e-06,—
iquid,3,7.707247895921324e-06,—
obtaining,3,7.707247895921324e-06,—
datain,3,7.707247895921324e-06,—
datainsz,3,7.707247895921324e-06,—
lottery,3,7.707247895921324e-06,—
undergone,3,7.707247895921324e-06,—
imports,3,7.707247895921324e-06,—
spawned,3,7.707247895921324e-06,—
returnten,3,7.707247895921324e-06,—
pcoming,3,7.707247895921324e-06,—
ohnston,3,7.707247895921324e-06,—
blatant,3,7.707247895921324e-06,—
finishes,3,7.707247895921324e-06,—
virus,3,7.707247895921324e-06,—
fiction,3,7.707247895921324e-06,—
versatility,3,7.707247895921324e-06,—
itessage,3,7.707247895921324e-06,—
adjustable,3,7.707247895921324e-06,—
appeal,3,7.707247895921324e-06,—
itcoint,3,7.707247895921324e-06,—
borrow,3,7.707247895921324e-06,—
promotes,3,7.707247895921324e-06,—
hinges,3,7.707247895921324e-06,—
classified,3,7.707247895921324e-06,—
nhat,3,7.707247895921324e-06,—
therrowser,3,7.707247895921324e-06,—
formulate,3,7.707247895921324e-06,—
programmer,3,7.707247895921324e-06,—
rendering,3,7.707247895921324e-06,—
nur,3,7.707247895921324e-06,—
pollute,3,7.707247895921324e-06,—
ranted,3,7.707247895921324e-06,—
notary,3,7.707247895921324e-06,—
ertain,3,7.707247895921324e-06,—
ollaborative,3,7.707247895921324e-06,—
financially,3,7.707247895921324e-06,—
ification,3,7.707247895921324e-06,—
stringent,3,7.707247895921324e-06,—
concentration,3,7.707247895921324e-06,—
charitable,3,7.707247895921324e-06,—
god,3,7.707247895921324e-06,—
lgorithm,3,7.707247895921324e-06,—
nitially,3,7.707247895921324e-06,—
verbatim,3,7.707247895921324e-06,—
seeming,3,7.707247895921324e-06,—
converges,3,7.707247895921324e-06,—
parado,3,7.707247895921324e-06,—
hecks,3,7.707247895921324e-06,—
omputing,3,7.707247895921324e-06,—
indifferent,3,7.707247895921324e-06,—
incapable,3,7.707247895921324e-06,—
relaed,3,7.707247895921324e-06,—
damage,3,7.707247895921324e-06,—
analog,3,7.707247895921324e-06,—
redeemed,3,7.707247895921324e-06,—
scan,3,7.707247895921324e-06,—
horizontally,3,7.707247895921324e-06,—
shallow,3,7.707247895921324e-06,—
minimalistic,3,7.707247895921324e-06,—
offchain,3,7.707247895921324e-06,—
inconsistencies,3,7.707247895921324e-06,—
nevelopment,3,7.707247895921324e-06,—
subscribed,3,7.707247895921324e-06,—
iscus,3,7.707247895921324e-06,—
reversing,3,7.707247895921324e-06,—
ayal,3,7.707247895921324e-06,—
episode,3,7.707247895921324e-06,—
producers,3,7.707247895921324e-06,—
kth,3,7.707247895921324e-06,—
secures,3,7.707247895921324e-06,—
sustains,3,7.707247895921324e-06,—
crank,3,7.707247895921324e-06,—
fans,3,7.707247895921324e-06,—
fortunate,3,7.707247895921324e-06,—
stopped,3,7.707247895921324e-06,—
ance,3,7.707247895921324e-06,—
touted,3,7.707247895921324e-06,—
mucking,3,7.707247895921324e-06,—
imaginable,3,7.707247895921324e-06,—
submissio,3,7.707247895921324e-06,—
eturn,3,7.707247895921324e-06,—
habit,3,7.707247895921324e-06,—
aggregates,3,7.707247895921324e-06,—
signals,3,7.707247895921324e-06,—
cleanup,3,7.707247895921324e-06,—
comparable,3,7.707247895921324e-06,—
rebuilding,3,7.707247895921324e-06,—
saturate,3,7.707247895921324e-06,—
institute,3,7.707247895921324e-06,—
misbehave,3,7.707247895921324e-06,—
determination,3,7.707247895921324e-06,—
lifespan,3,7.707247895921324e-06,—
reintroduce,3,7.707247895921324e-06,—
ki,3,7.707247895921324e-06,—
nuring,3,7.707247895921324e-06,—
satoshi,3,7.707247895921324e-06,—
prompts,3,7.707247895921324e-06,—
inconvenient,3,7.707247895921324e-06,—
fool,3,7.707247895921324e-06,—
bouncing,3,7.707247895921324e-06,—
threatening,3,7.707247895921324e-06,—
pessimistic,3,7.707247895921324e-06,—
rows,3,7.707247895921324e-06,—
esque,3,7.707247895921324e-06,—
oisson,3,7.707247895921324e-06,—
grandparent,3,7.707247895921324e-06,—
ompletely,3,7.707247895921324e-06,—
questio,3,7.707247895921324e-06,—
declared,3,7.707247895921324e-06,—
nurture,3,7.707247895921324e-06,—
architecting,3,7.707247895921324e-06,—
playful,3,7.707247895921324e-06,—
blood,3,7.707247895921324e-06,—
tears,3,7.707247895921324e-06,—
atoms,3,7.707247895921324e-06,—
dot,3,7.707247895921324e-06,—
racles,3,7.707247895921324e-06,—
lways,3,7.707247895921324e-06,—
withdrawable,3,7.707247895921324e-06,—
occasional,3,7.707247895921324e-06,—
admittedly,3,7.707247895921324e-06,—
overarching,3,7.707247895921324e-06,—
oman,3,7.707247895921324e-06,—
ajor,3,7.707247895921324e-06,—
đξ,3,7.707247895921324e-06,—
declining,3,7.707247895921324e-06,—
concluding,3,7.707247895921324e-06,—
contacted,3,7.707247895921324e-06,—
mb,3,7.707247895921324e-06,—
troubleshooting,3,7.707247895921324e-06,—
padding,3,7.707247895921324e-06,—
sm,3,7.707247895921324e-06,—
earch,3,7.707247895921324e-06,—
categorization,3,7.707247895921324e-06,—
percentages,3,7.707247895921324e-06,—
gviz,3,7.707247895921324e-06,—
chartiframeoid,3,7.707247895921324e-06,—
aes,3,7.707247895921324e-06,—
triangle,3,7.707247895921324e-06,—
misleading,3,7.707247895921324e-06,—
centralizing,3,7.707247895921324e-06,—
inflating,3,7.707247895921324e-06,—
rive,3,7.707247895921324e-06,—
ermacoi,3,7.707247895921324e-06,—
casual,3,7.707247895921324e-06,—
esponse,3,7.707247895921324e-06,—
recompute,3,7.707247895921324e-06,—
possession,3,7.707247895921324e-06,—
slope,3,7.707247895921324e-06,—
interpolation,3,7.707247895921324e-06,—
ultiplying,3,7.707247895921324e-06,—
magically,3,7.707247895921324e-06,—
incidentally,3,7.707247895921324e-06,—
demanded,3,7.707247895921324e-06,—
shooting,3,7.707247895921324e-06,—
salient,3,7.707247895921324e-06,—
gradual,3,7.707247895921324e-06,—
commutative,3,7.707247895921324e-06,—
interlinking,3,7.707247895921324e-06,—
reconstitute,3,7.707247895921324e-06,—
reconstituting,3,7.707247895921324e-06,—
mother,3,7.707247895921324e-06,—
lawyer,3,7.707247895921324e-06,—
encapsulate,3,7.707247895921324e-06,—
monolithic,3,7.707247895921324e-06,—
interactivity,3,7.707247895921324e-06,—
prolific,3,7.707247895921324e-06,—
upvote,3,7.707247895921324e-06,—
glue,3,7.707247895921324e-06,—
proies,3,7.707247895921324e-06,—
raditionally,3,7.707247895921324e-06,—
uby,3,7.707247895921324e-06,—
analysts,3,7.707247895921324e-06,—
refreshing,3,7.707247895921324e-06,—
getlementyd,3,7.707247895921324e-06,—
valuating,3,7.707247895921324e-06,—
conomies,3,7.707247895921324e-06,—
readily,3,7.707247895921324e-06,—
falling,3,7.707247895921324e-06,—
slogan,3,7.707247895921324e-06,—
rejection,3,7.707247895921324e-06,—
rgument,3,7.707247895921324e-06,—
taller,3,7.707247895921324e-06,—
beer,3,7.707247895921324e-06,—
descent,3,7.707247895921324e-06,—
oldbug,3,7.707247895921324e-06,—
aggregators,3,7.707247895921324e-06,—
delta,3,7.707247895921324e-06,—
uman,3,7.707247895921324e-06,—
justifying,3,7.707247895921324e-06,—
politics,3,7.707247895921324e-06,—
shorting,3,7.707247895921324e-06,—
politicians,3,7.707247895921324e-06,—
watches,3,7.707247895921324e-06,—
oke,3,7.707247895921324e-06,—
traded,3,7.707247895921324e-06,—
iguring,3,7.707247895921324e-06,—
cryptosystem,3,7.707247895921324e-06,—
battery,3,7.707247895921324e-06,—
nontrivial,3,7.707247895921324e-06,—
gai,3,7.707247895921324e-06,—
unwilling,3,7.707247895921324e-06,—
epend,3,7.707247895921324e-06,—
interfering,3,7.707247895921324e-06,—
esopotamia,3,7.707247895921324e-06,—
races,3,7.707247895921324e-06,—
teven,3,7.707247895921324e-06,—
brewing,3,7.707247895921324e-06,—
accelerated,3,7.707247895921324e-06,—
echanged,3,7.707247895921324e-06,—
collaboratio,3,7.707247895921324e-06,—
epansive,3,7.707247895921324e-06,—
notions,3,7.707247895921324e-06,—
enjoyment,3,7.707247895921324e-06,—
monolith,3,7.707247895921324e-06,—
secondly,3,7.707247895921324e-06,—
sparking,3,7.707247895921324e-06,—
upside,3,7.707247895921324e-06,—
entrenched,3,7.707247895921324e-06,—
dreamers,3,7.707247895921324e-06,—
planet,3,7.707247895921324e-06,—
attributed,3,7.707247895921324e-06,—
shoulders,3,7.707247895921324e-06,—
giants,3,7.707247895921324e-06,—
fractal,3,7.707247895921324e-06,—
deviations,3,7.707247895921324e-06,—
weights,3,7.707247895921324e-06,—
suits,3,7.707247895921324e-06,—
varies,3,7.707247895921324e-06,—
subtleties,3,7.707247895921324e-06,—
solvency,3,7.707247895921324e-06,—
funky,3,7.707247895921324e-06,—
nits,3,7.707247895921324e-06,—
articular,3,7.707247895921324e-06,—
employers,3,7.707247895921324e-06,—
outages,3,7.707247895921324e-06,—
thesis,3,7.707247895921324e-06,—
rawisz,3,7.707247895921324e-06,—
viewpoint,3,7.707247895921324e-06,—
tripe,3,7.707247895921324e-06,—
calldatacopy,3,7.707247895921324e-06,—
underestimated,3,7.707247895921324e-06,—
lear,3,7.707247895921324e-06,—
seeded,3,7.707247895921324e-06,—
etermine,3,7.707247895921324e-06,—
istorical,3,7.707247895921324e-06,—
ubjective,3,7.707247895921324e-06,—
scarce,3,7.707247895921324e-06,—
island,3,7.707247895921324e-06,—
evert,3,7.707247895921324e-06,—
neatly,3,7.707247895921324e-06,—
athias,3,7.707247895921324e-06,—
tedious,3,7.707247895921324e-06,—
ythereum,3,7.707247895921324e-06,—
everington,3,7.707247895921324e-06,—
eas,3,7.707247895921324e-06,—
multipleing,3,7.707247895921324e-06,—
competent,3,7.707247895921324e-06,—
ectio,3,7.707247895921324e-06,—
rug,3,7.707247895921324e-06,—
desk,3,7.707247895921324e-06,—
eay,3,7.707247895921324e-06,—
wall,3,7.707247895921324e-06,—
reuzberg,3,7.707247895921324e-06,—
bustling,3,7.707247895921324e-06,—
enet,3,7.707247895921324e-06,—
altering,3,7.707247895921324e-06,—
piggyback,3,7.707247895921324e-06,—
predictably,3,7.707247895921324e-06,—
tracker,3,7.707247895921324e-06,—
organise,3,7.707247895921324e-06,—
hypercubes,3,7.707247895921324e-06,—
bjective,3,7.707247895921324e-06,—
therea,3,7.707247895921324e-06,—
undetected,3,7.707247895921324e-06,—
intra,3,7.707247895921324e-06,—
unanswered,3,7.707247895921324e-06,—
dest,3,7.707247895921324e-06,—
travelling,3,7.707247895921324e-06,—
bonding,3,7.707247895921324e-06,—
otential,3,7.707247895921324e-06,—
marginally,3,7.707247895921324e-06,—
lands,3,7.707247895921324e-06,—
ripple,3,7.707247895921324e-06,—
shrink,3,7.707247895921324e-06,—
absorbed,3,7.707247895921324e-06,—
resting,3,7.707247895921324e-06,—
remembering,3,7.707247895921324e-06,—
olmogorov,3,7.707247895921324e-06,—
shortest,3,7.707247895921324e-06,—
jumped,3,7.707247895921324e-06,—
seductive,3,7.707247895921324e-06,—
samples,3,7.707247895921324e-06,—
memorizability,3,7.707247895921324e-06,—
dictionary,3,7.707247895921324e-06,—
illustrates,3,7.707247895921324e-06,—
passphrases,3,7.707247895921324e-06,—
counteract,3,7.707247895921324e-06,—
derivation,3,7.707247895921324e-06,—
nless,3,7.707247895921324e-06,—
contrived,3,7.707247895921324e-06,—
usernames,3,7.707247895921324e-06,—
screenshot,3,7.707247895921324e-06,—
frankly,3,7.707247895921324e-06,—
atural,3,7.707247895921324e-06,—
eikle,3,7.707247895921324e-06,—
appler,3,7.707247895921324e-06,—
rtur,3,7.707247895921324e-06,—
jeff,3,7.707247895921324e-06,—
utch,3,7.707247895921324e-06,—
sensible,3,7.707247895921324e-06,—
eh,3,7.707247895921324e-06,—
agy,3,7.707247895921324e-06,—
toolset,3,7.707247895921324e-06,—
afternoon,3,7.707247895921324e-06,—
middlemen,3,7.707247895921324e-06,—
learners,3,7.707247895921324e-06,—
roduce,3,7.707247895921324e-06,—
structuring,3,7.707247895921324e-06,—
witnessed,3,7.707247895921324e-06,—
firstly,3,7.707247895921324e-06,—
imes,3,7.707247895921324e-06,—
couraging,3,7.707247895921324e-06,—
organic,3,7.707247895921324e-06,—
reya,3,7.707247895921324e-06,—
iscuss,3,7.707247895921324e-06,—
staple,3,7.707247895921324e-06,—
contacts,3,7.707247895921324e-06,—
eeing,3,7.707247895921324e-06,—
downward,3,7.707247895921324e-06,—
stabilizes,3,7.707247895921324e-06,—
elasticity,3,7.707247895921324e-06,—
transactional,3,7.707247895921324e-06,—
cryptoassets,3,7.707247895921324e-06,—
astercoi,3,7.707247895921324e-06,—
differentiating,3,7.707247895921324e-06,—
coalitions,3,7.707247895921324e-06,—
formalism,3,7.707247895921324e-06,—
uisse,3,7.707247895921324e-06,—
couch,3,7.707247895921324e-06,—
wind,3,7.707247895921324e-06,—
symposium,3,7.707247895921324e-06,—
draws,3,7.707247895921324e-06,—
surroundings,3,7.707247895921324e-06,—
hlert,3,7.707247895921324e-06,—
architect,3,7.707247895921324e-06,—
ndreas,3,7.707247895921324e-06,—
seminars,3,7.707247895921324e-06,—
unethical,3,7.707247895921324e-06,—
favoring,3,7.707247895921324e-06,—
idechains,3,7.707247895921324e-06,—
convertible,3,7.707247895921324e-06,—
embed,3,7.707247895921324e-06,—
uphill,3,7.707247895921324e-06,—
pros,3,7.707247895921324e-06,—
realizes,3,7.707247895921324e-06,—
intrapersonal,3,7.707247895921324e-06,—
cryptofuels,3,7.707247895921324e-06,—
genuinely,3,7.707247895921324e-06,—
knock,3,7.707247895921324e-06,—
edat,3,7.707247895921324e-06,—
hardly,3,7.707247895921324e-06,—
ruthcoi,3,7.707247895921324e-06,—
maimalist,3,7.707247895921324e-06,—
eert,3,7.707247895921324e-06,—
cooperative,3,7.707247895921324e-06,—
takeholders,3,7.707247895921324e-06,—
penalizing,3,7.707247895921324e-06,—
succeeding,3,7.707247895921324e-06,—
webapp,3,7.707247895921324e-06,—
objectivity,3,7.707247895921324e-06,—
standardizing,3,7.707247895921324e-06,—
lab,3,7.707247895921324e-06,—
workspace,3,7.707247895921324e-06,—
streamlining,3,7.707247895921324e-06,—
ehran,3,7.707247895921324e-06,—
utilised,3,7.707247895921324e-06,—
avigator,3,7.707247895921324e-06,—
iotr,3,7.707247895921324e-06,—
incentivising,3,7.707247895921324e-06,—
optimising,3,7.707247895921324e-06,—
chieving,3,7.707247895921324e-06,—
ilecoin,3,7.707247895921324e-06,—
delivers,3,7.707247895921324e-06,—
econdly,3,7.707247895921324e-06,—
unprecedented,3,7.707247895921324e-06,—
hirdly,3,7.707247895921324e-06,—
fame,3,7.707247895921324e-06,—
etailed,3,7.707247895921324e-06,—
dominates,3,7.707247895921324e-06,—
evaluates,3,7.707247895921324e-06,—
leaking,3,7.707247895921324e-06,—
nearest,3,7.707247895921324e-06,—
pubkey,3,7.707247895921324e-06,—
rejects,3,7.707247895921324e-06,—
alphabetical,3,7.707247895921324e-06,—
brevity,3,7.707247895921324e-06,—
patients,3,7.707247895921324e-06,—
overwhelmingly,3,7.707247895921324e-06,—
summarizes,3,7.707247895921324e-06,—
noble,3,7.707247895921324e-06,—
consolidation,3,7.707247895921324e-06,—
prosper,3,7.707247895921324e-06,—
philosophies,3,7.707247895921324e-06,—
derivative,3,7.707247895921324e-06,—
duplication,3,7.707247895921324e-06,—
terop,3,7.707247895921324e-06,—
rowsers,3,7.707247895921324e-06,—
lash,3,7.707247895921324e-06,—
hrome,3,7.707247895921324e-06,—
nteroperability,3,7.707247895921324e-06,—
doubtlessly,3,7.707247895921324e-06,—
deserved,3,7.707247895921324e-06,—
leander,3,7.707247895921324e-06,—
plethora,3,7.707247895921324e-06,—
progression,3,7.707247895921324e-06,—
doubt,3,7.707247895921324e-06,—
ethereumj,3,7.707247895921324e-06,—
rimavera,3,7.707247895921324e-06,—
ilippi,3,7.707247895921324e-06,—
ae,3,7.707247895921324e-06,—
collaboratively,3,7.707247895921324e-06,—
wasting,3,7.707247895921324e-06,—
ps,3,7.707247895921324e-06,—
computable,3,7.707247895921324e-06,—
erify,3,7.707247895921324e-06,—
statistically,3,7.707247895921324e-06,—
broadcasting,3,7.707247895921324e-06,—
fetching,3,7.707247895921324e-06,—
superrationality,3,7.707247895921324e-06,—
yself,3,7.707247895921324e-06,—
maimizer,3,7.707247895921324e-06,—
interacted,3,7.707247895921324e-06,—
virtue,3,7.707247895921324e-06,—
epressions,3,7.707247895921324e-06,—
liars,3,7.707247895921324e-06,—
tastes,3,7.707247895921324e-06,—
conscience,3,7.707247895921324e-06,—
convincingly,3,7.707247895921324e-06,—
financed,3,7.707247895921324e-06,—
asymmetries,3,7.707247895921324e-06,—
decreasing,3,7.707247895921324e-06,—
victim,3,7.707247895921324e-06,—
shadowy,3,7.707247895921324e-06,—
progressively,3,7.707247895921324e-06,—
truthfully,3,7.707247895921324e-06,—
epistemic,3,7.707247895921324e-06,—
conviction,3,7.707247895921324e-06,—
survived,3,7.707247895921324e-06,—
ies,3,7.707247895921324e-06,—
grandma,3,7.707247895921324e-06,—
detectable,3,7.707247895921324e-06,—
tellers,3,7.707247895921324e-06,—
termed,3,7.707247895921324e-06,—
answerers,3,7.707247895921324e-06,—
contradictory,3,7.707247895921324e-06,—
competes,3,7.707247895921324e-06,—
istening,3,7.707247895921324e-06,—
objectively,3,7.707247895921324e-06,—
chief,3,7.707247895921324e-06,—
reform,3,7.707247895921324e-06,—
onversely,3,7.707247895921324e-06,—
aboard,3,7.707247895921324e-06,—
plural,3,7.707247895921324e-06,—
hassle,3,7.707247895921324e-06,—
swiftly,3,7.707247895921324e-06,—
atthew,3,7.707247895921324e-06,—
udos,3,7.707247895921324e-06,—
onstantin,3,7.707247895921324e-06,—
vinay,3,7.707247895921324e-06,—
gupta,3,7.707247895921324e-06,—
singing,3,7.707247895921324e-06,—
trajectory,3,7.707247895921324e-06,—
shake,3,7.707247895921324e-06,—
cleared,3,7.707247895921324e-06,—
algorithmic,3,7.707247895921324e-06,—
imilar,3,7.707247895921324e-06,—
contemplating,3,7.707247895921324e-06,—
tweets,3,7.707247895921324e-06,—
autumn,3,7.707247895921324e-06,—
crew,3,7.707247895921324e-06,—
anton,3,7.707247895921324e-06,—
friendlier,3,7.707247895921324e-06,—
hiel,3,7.707247895921324e-06,—
aria,3,7.707247895921324e-06,—
birthday,3,7.707247895921324e-06,—
searches,3,7.707247895921324e-06,—
grind,3,7.707247895921324e-06,—
rated,3,7.707247895921324e-06,—
gifting,3,7.707247895921324e-06,—
roundtable,3,7.707247895921324e-06,—
tremendously,3,7.707247895921324e-06,—
crude,3,7.707247895921324e-06,—
onsortium,3,7.707247895921324e-06,—
eled,3,7.707247895921324e-06,—
coursework,3,7.707247895921324e-06,—
screensharing,3,7.707247895921324e-06,—
hangouts,3,7.707247895921324e-06,—
tagged,3,7.707247895921324e-06,—
durable,3,7.707247895921324e-06,—
epressing,3,7.707247895921324e-06,—
consumable,3,7.707247895921324e-06,—
familiarity,3,7.707247895921324e-06,—
asserted,3,7.707247895921324e-06,—
aymond,3,7.707247895921324e-06,—
recognise,3,7.707247895921324e-06,—
enabler,3,7.707247895921324e-06,—
worries,3,7.707247895921324e-06,—
profiting,3,7.707247895921324e-06,—
analogies,3,7.707247895921324e-06,—
divisions,3,7.707247895921324e-06,—
freelance,3,7.707247895921324e-06,—
checkers,3,7.707247895921324e-06,—
fishermen,3,7.707247895921324e-06,—
spurious,3,7.707247895921324e-06,—
oot,3,7.707247895921324e-06,—
ubmission,3,7.707247895921324e-06,—
propogation,3,7.707247895921324e-06,—
collated,3,7.707247895921324e-06,—
isherman,3,7.707247895921324e-06,—
upheld,3,7.707247895921324e-06,—
worthy,3,7.707247895921324e-06,—
elen,3,7.707247895921324e-06,—
opting,3,7.707247895921324e-06,—
workflows,3,7.707247895921324e-06,—
andbook,3,7.707247895921324e-06,—
charm,3,7.707247895921324e-06,—
walks,3,7.707247895921324e-06,—
risked,3,7.707247895921324e-06,—
credibility,3,7.707247895921324e-06,—
realtime,3,7.707247895921324e-06,—
disbursement,3,7.707247895921324e-06,—
ption,3,7.707247895921324e-06,—
critiques,3,7.707247895921324e-06,—
encouragement,3,7.707247895921324e-06,—
owledge,3,7.707247895921324e-06,—
consulting,3,7.707247895921324e-06,—
commensurate,3,7.707247895921324e-06,—
council,3,7.707247895921324e-06,gouvernance
actly,3,7.707247895921324e-06,—
liberties,3,7.707247895921324e-06,—
fruit,3,7.707247895921324e-06,—
loudly,3,7.707247895921324e-06,—
tility,3,7.707247895921324e-06,—
glitch,3,7.707247895921324e-06,—
scriptsig,3,7.707247895921324e-06,—
scriptpubkey,3,7.707247895921324e-06,—
utmost,3,7.707247895921324e-06,—
affiliated,3,7.707247895921324e-06,—
acknowledged,3,7.707247895921324e-06,—
osts,3,7.707247895921324e-06,—
forty,3,7.707247895921324e-06,—
insolvent,3,7.707247895921324e-06,—
billio,3,7.707247895921324e-06,—
ongo,3,7.707247895921324e-06,—
trustful,3,7.707247895921324e-06,—
restricting,3,7.707247895921324e-06,—
cryptoland,3,7.707247895921324e-06,—
suspicion,3,7.707247895921324e-06,—
danger,3,7.707247895921324e-06,—
eerkat,3,7.707247895921324e-06,—
disrupting,3,7.707247895921324e-06,—
chip,3,7.707247895921324e-06,—
referring,3,7.707247895921324e-06,—
manufacturer,3,7.707247895921324e-06,—
crops,3,7.707247895921324e-06,—
awarding,3,7.707247895921324e-06,—
mammoth,3,7.707247895921324e-06,—
starter,3,7.707247895921324e-06,—
shorten,3,7.707247895921324e-06,—
raspberry,3,7.707247895921324e-06,—
troductio,3,7.707247895921324e-06,—
imagination,3,7.707247895921324e-06,—
ecels,3,7.707247895921324e-06,—
unbundling,3,7.707247895921324e-06,—
enlightening,3,7.707247895921324e-06,—
faceted,3,7.707247895921324e-06,—
remedied,3,7.707247895921324e-06,—
mins,3,7.707247895921324e-06,—
pertaining,3,7.707247895921324e-06,—
underpi,3,7.707247895921324e-06,—
ntegration,3,7.707247895921324e-06,—
rading,3,7.707247895921324e-06,—
ssets,3,7.707247895921324e-06,—
reengineering,3,7.707247895921324e-06,—
uccess,3,7.707247895921324e-06,—
theme,3,7.707247895921324e-06,—
spans,3,7.707247895921324e-06,—
liquidation,3,7.707247895921324e-06,—
undermines,3,7.707247895921324e-06,—
undermine,3,7.707247895921324e-06,—
denied,3,7.707247895921324e-06,—
timelock,3,7.707247895921324e-06,—
acking,3,7.707247895921324e-06,—
ender,3,7.707247895921324e-06,—
latent,3,7.707247895921324e-06,—
struggle,3,7.707247895921324e-06,—
signalling,3,7.707247895921324e-06,—
fathers,3,7.707247895921324e-06,—
onduran,3,7.707247895921324e-06,—
legislation,3,7.707247895921324e-06,—
deas,3,7.707247895921324e-06,—
shareable,3,7.707247895921324e-06,—
brother,3,7.707247895921324e-06,—
clue,3,7.707247895921324e-06,—
backward,3,7.707247895921324e-06,—
lace,3,7.707247895921324e-06,—
deletion,3,7.707247895921324e-06,—
elete,3,7.707247895921324e-06,—
ordered,3,7.707247895921324e-06,—
meme,3,7.707247895921324e-06,—
blahblahblah,3,7.707247895921324e-06,—
thenian,3,7.707247895921324e-06,—
liturgy,3,7.707247895921324e-06,—
imposed,3,7.707247895921324e-06,—
specialised,3,7.707247895921324e-06,—
devised,3,7.707247895921324e-06,—
behaving,3,7.707247895921324e-06,—
invested,3,7.707247895921324e-06,—
emerges,3,7.707247895921324e-06,—
hawing,3,7.707247895921324e-06,—
bots,3,7.707247895921324e-06,—
pun,3,7.707247895921324e-06,—
curl,3,7.707247895921324e-06,—
getlock,3,7.707247895921324e-06,—
bin,3,7.707247895921324e-06,—
orgs,3,7.707247895921324e-06,—
inventors,3,7.707247895921324e-06,—
fintech,3,7.707247895921324e-06,—
ealand,3,7.707247895921324e-06,—
nfew,3,7.707247895921324e-06,—
vlad,3,7.707247895921324e-06,—
zamfir,3,7.707247895921324e-06,—
reedy,3,7.707247895921324e-06,—
eaviest,3,7.707247895921324e-06,—
bserved,3,7.707247895921324e-06,—
authenticatio,3,7.707247895921324e-06,—
unbonded,3,7.707247895921324e-06,—
severely,3,7.707247895921324e-06,—
supermajority,3,7.707247895921324e-06,—
tolerable,3,7.707247895921324e-06,—
favours,3,7.707247895921324e-06,—
faulty,3,7.707247895921324e-06,—
climb,3,7.707247895921324e-06,—
readying,3,7.707247895921324e-06,—
understandably,3,7.707247895921324e-06,—
plainly,3,7.707247895921324e-06,—
ties,3,7.707247895921324e-06,—
eeded,3,7.707247895921324e-06,—
resale,3,7.707247895921324e-06,—
laim,3,7.707247895921324e-06,—
hotfi,3,7.707247895921324e-06,—
irreversible,3,7.707247895921324e-06,—
bbbffaaeaecbca,3,7.707247895921324e-06,—
eaadffbaeaccbdbca,3,7.707247895921324e-06,—
crease,3,7.707247895921324e-06,—
occured,3,7.707247895921324e-06,—
mitigates,3,7.707247895921324e-06,—
quadratically,3,7.707247895921324e-06,—
insecurely,3,7.707247895921324e-06,—
firewall,3,7.707247895921324e-06,—
misuse,3,7.707247895921324e-06,—
postponed,3,7.707247895921324e-06,—
relayed,3,7.707247895921324e-06,—
uncoordinated,3,7.707247895921324e-06,—
instantaneous,3,7.707247895921324e-06,—
predictability,3,7.707247895921324e-06,—
fifty,3,7.707247895921324e-06,—
irer,3,7.707247895921324e-06,—
heartbeat,3,7.707247895921324e-06,—
microblocks,3,7.707247895921324e-06,—
fabian,3,7.707247895921324e-06,—
vogelsteller,3,7.707247895921324e-06,—
squash,3,7.707247895921324e-06,—
ipcpath,3,7.707247895921324e-06,—
popup,3,7.707247895921324e-06,—
trash,3,7.707247895921324e-06,—
norms,3,7.707247895921324e-06,—
convention,3,7.707247895921324e-06,—
plot,3,7.707247895921324e-06,—
hypotheses,3,7.707247895921324e-06,—
wireless,3,7.707247895921324e-06,—
hectic,3,7.707247895921324e-06,—
centerpiece,3,7.707247895921324e-06,—
ah,3,7.707247895921324e-06,—
suffered,3,7.707247895921324e-06,—
ian,3,7.707247895921324e-06,—
gearing,3,7.707247895921324e-06,—
bundling,3,7.707247895921324e-06,—
attainable,3,7.707247895921324e-06,—
moderating,3,7.707247895921324e-06,—
miing,3,7.707247895921324e-06,—
asynchrony,3,7.707247895921324e-06,—
burner,3,7.707247895921324e-06,—
abstracted,3,7.707247895921324e-06,—
nondon,3,7.707247895921324e-06,—
scientist,3,7.707247895921324e-06,—
programmed,3,7.707247895921324e-06,—
indow,3,7.707247895921324e-06,—
webthree,3,7.707247895921324e-06,—
premier,3,7.707247895921324e-06,—
arley,3,7.707247895921324e-06,—
umbers,3,7.707247895921324e-06,—
buckets,3,7.707247895921324e-06,—
neat,3,7.707247895921324e-06,—
declarations,3,7.707247895921324e-06,—
curation,3,7.707247895921324e-06,—
rests,3,7.707247895921324e-06,—
graduated,3,7.707247895921324e-06,—
downvotes,3,7.707247895921324e-06,—
observer,3,7.707247895921324e-06,—
fan,3,7.707247895921324e-06,—
loyalty,3,7.707247895921324e-06,—
decimal,3,7.707247895921324e-06,—
eploy,3,7.707247895921324e-06,—
hoose,3,7.707247895921324e-06,—
emocracy,3,7.707247895921324e-06,—
tallied,3,7.707247895921324e-06,—
typing,3,7.707247895921324e-06,—
mints,3,7.707247895921324e-06,—
circulating,3,7.707247895921324e-06,—
debating,3,7.707247895921324e-06,—
prompting,3,7.707247895921324e-06,—
char,3,7.707247895921324e-06,—
curseq,3,7.707247895921324e-06,—
encompasses,3,7.707247895921324e-06,—
brave,3,7.707247895921324e-06,—
tug,3,7.707247895921324e-06,—
ordinarily,3,7.707247895921324e-06,—
etermining,3,7.707247895921324e-06,—
breathing,3,7.707247895921324e-06,—
tilizing,3,7.707247895921324e-06,—
android,3,7.707247895921324e-06,—
oal,3,7.707247895921324e-06,—
imulation,3,7.707247895921324e-06,—
aron,3,7.707247895921324e-06,—
rovides,3,7.707247895921324e-06,—
brilliant,3,7.707247895921324e-06,—
oel,3,7.707247895921324e-06,—
bumpy,3,7.707247895921324e-06,—
decrypted,3,7.707247895921324e-06,—
negotiated,3,7.707247895921324e-06,—
linkable,3,7.707247895921324e-06,—
ncryptio,3,7.707247895921324e-06,—
singleton,3,7.707247895921324e-06,—
namespaces,3,7.707247895921324e-06,—
velocity,3,7.707247895921324e-06,—
traveling,3,7.707247895921324e-06,—
embrane,3,7.707247895921324e-06,—
mbients,3,7.707247895921324e-06,—
ccaededceffcff,3,7.707247895921324e-06,—
hreshold,3,7.707247895921324e-06,—
gasrice,3,7.707247895921324e-06,—
eaning,3,7.707247895921324e-06,—
roups,3,7.707247895921324e-06,—
briber,3,7.707247895921324e-06,—
apture,3,7.707247895921324e-06,—
disallowed,3,7.707247895921324e-06,—
eploded,3,7.707247895921324e-06,—
enshrined,3,7.707247895921324e-06,—
lready,3,7.707247895921324e-06,—
ootstrap,3,7.707247895921324e-06,—
lmost,3,7.707247895921324e-06,—
mounting,3,7.707247895921324e-06,—
debts,3,7.707247895921324e-06,—
strives,3,7.707247895921324e-06,—
trustworthiness,3,7.707247895921324e-06,—
restricts,3,7.707247895921324e-06,—
tacked,3,7.707247895921324e-06,—
etherchain,3,7.707247895921324e-06,—
isual,3,7.707247895921324e-06,—
atya,3,7.707247895921324e-06,—
declined,3,7.707247895921324e-06,—
stamps,3,7.707247895921324e-06,—
debut,3,7.707247895921324e-06,—
devconethereum,3,7.707247895921324e-06,—
chfast,3,7.707247895921324e-06,—
chriseth,3,7.707247895921324e-06,—
oncerning,3,7.707247895921324e-06,—
aic,3,7.707247895921324e-06,—
eploiting,3,7.707247895921324e-06,—
ractically,3,7.707247895921324e-06,—
aginot,3,7.707247895921324e-06,—
equities,3,7.707247895921324e-06,—
rethinking,3,7.707247895921324e-06,—
synergies,3,7.707247895921324e-06,—
analyse,3,7.707247895921324e-06,—
nolidity,3,7.707247895921324e-06,—
withdrawefund,3,7.707247895921324e-06,—
preceding,3,7.707247895921324e-06,—
pollination,3,7.707247895921324e-06,—
overnmental,3,7.707247895921324e-06,—
ubii,3,7.707247895921324e-06,—
ariable,3,7.707247895921324e-06,—
unintuitive,3,7.707247895921324e-06,—
wars,3,7.707247895921324e-06,—
whitelist,3,7.707247895921324e-06,—
freshly,3,7.707247895921324e-06,—
pulls,3,7.707247895921324e-06,—
lifting,3,7.707247895921324e-06,—
gateways,3,7.707247895921324e-06,—
aliases,3,7.707247895921324e-06,—
solt,3,7.707247895921324e-06,—
oice,3,7.707247895921324e-06,—
tally,3,7.707247895921324e-06,—
unctio,3,7.707247895921324e-06,—
localhost,3,7.707247895921324e-06,—
receivedvent,3,7.707247895921324e-06,—
calculateotes,3,7.707247895921324e-06,—
totalro,3,7.707247895921324e-06,—
totalgainst,3,7.707247895921324e-06,—
reply,3,7.707247895921324e-06,—
karma,3,7.707247895921324e-06,—
etrabalance,3,7.707247895921324e-06,—
congratulate,3,7.707247895921324e-06,—
eerily,3,7.707247895921324e-06,—
persist,3,7.707247895921324e-06,—
interplay,3,7.707247895921324e-06,—
conforms,3,7.707247895921324e-06,—
simulators,3,7.707247895921324e-06,—
container,3,7.707247895921324e-06,—
itfury,3,7.707247895921324e-06,—
lasted,3,7.707247895921324e-06,—
sister,3,7.707247895921324e-06,—
arget,3,7.707247895921324e-06,—
oichi,3,7.707247895921324e-06,—
formalizing,3,7.707247895921324e-06,—
codetract,3,7.707247895921324e-06,—
underpriced,3,7.707247895921324e-06,—
handlers,3,7.707247895921324e-06,—
indicators,3,7.707247895921324e-06,—
seminal,3,7.707247895921324e-06,—
booleans,3,7.707247895921324e-06,—
nightly,3,7.707247895921324e-06,—
overwriting,3,7.707247895921324e-06,—
justice,3,7.707247895921324e-06,—
rewrites,3,7.707247895921324e-06,—
karalabe,3,7.707247895921324e-06,—
lightserv,3,7.707247895921324e-06,—
daemon,3,7.707247895921324e-06,—
subscriptions,3,7.707247895921324e-06,—
predefined,3,7.707247895921324e-06,—
painful,3,7.707247895921324e-06,—
nsible,3,7.707247895921324e-06,—
chaotic,3,7.707247895921324e-06,—
conscious,3,7.707247895921324e-06,—
angerine,3,7.707247895921324e-06,—
histle,3,7.707247895921324e-06,—
protectio,3,7.707247895921324e-06,—
emoval,3,7.707247895921324e-06,—
repairs,3,7.707247895921324e-06,—
roviders,3,7.707247895921324e-06,—
slowed,3,7.707247895921324e-06,—
midst,3,7.707247895921324e-06,—
auve,3,7.707247895921324e-06,—
ncoding,3,7.707247895921324e-06,—
omomorphic,3,7.707247895921324e-06,—
lass,3,7.707247895921324e-06,—
satisfiability,3,7.707247895921324e-06,—
ui,3,7.707247895921324e-06,—
divides,3,7.707247895921324e-06,—
equalities,3,7.707247895921324e-06,—
conceptually,3,7.707247895921324e-06,—
volunteering,3,7.707247895921324e-06,—
faithful,3,7.707247895921324e-06,—
eposits,3,7.707247895921324e-06,—
imagined,3,7.707247895921324e-06,—
ribing,3,7.707247895921324e-06,—
bold,3,7.707247895921324e-06,—
quilibriums,3,7.707247895921324e-06,—
redits,3,7.707247895921324e-06,—
retrievals,3,7.707247895921324e-06,—
chunker,3,7.707247895921324e-06,—
camera,3,7.707247895921324e-06,—
chops,3,7.707247895921324e-06,—
album,3,7.707247895921324e-06,—
kademlia,3,7.707247895921324e-06,—
internode,3,7.707247895921324e-06,—
riel,3,7.707247895921324e-06,—
hilosophy,3,7.707247895921324e-06,—
idle,3,7.707247895921324e-06,—
zcash,3,7.707247895921324e-06,—
shielded,3,7.707247895921324e-06,—
sh,3,7.707247895921324e-06,—
ictor,3,7.707247895921324e-06,—
aia,3,7.707247895921324e-06,—
builtin,3,7.707247895921324e-06,—
ic,3,7.707247895921324e-06,—
udapest,3,7.707247895921324e-06,—
refactor,3,7.707247895921324e-06,—
ebassembly,3,7.707247895921324e-06,—
udp,3,7.707247895921324e-06,—
checksum,3,7.707247895921324e-06,—
installs,3,7.707247895921324e-06,—
metropolis,3,7.707247895921324e-06,—
isabelle,3,7.707247895921324e-06,—
endian,3,7.707247895921324e-06,—
maintainability,3,7.707247895921324e-06,—
pride,3,7.707247895921324e-06,—
customizable,3,7.707247895921324e-06,—
wizard,3,7.707247895921324e-06,—
orchestration,3,7.707247895921324e-06,—
condensed,3,7.707247895921324e-06,—
swapped,3,7.707247895921324e-06,—
refactors,3,7.707247895921324e-06,—
unwanted,3,7.707247895921324e-06,—
optimizes,3,7.707247895921324e-06,—
highs,3,7.707247895921324e-06,—
hashrate,3,7.707247895921324e-06,—
congestion,3,7.707247895921324e-06,—
yethereum,3,7.707247895921324e-06,—
reliminary,3,7.707247895921324e-06,—
begu,3,7.707247895921324e-06,—
holiman,3,7.707247895921324e-06,—
hivetests,3,7.707247895921324e-06,—
vein,3,7.707247895921324e-06,—
ubroutines,3,7.707247895921324e-06,—
ynta,3,7.707247895921324e-06,—
prospective,3,7.707247895921324e-06,—
relaying,3,7.707247895921324e-06,—
legibility,3,7.707247895921324e-06,—
artistic,3,7.707247895921324e-06,—
lectronic,3,7.707247895921324e-06,—
vendors,3,7.707247895921324e-06,—
mplemented,3,7.707247895921324e-06,—
swear,3,7.707247895921324e-06,—
pansion,3,7.707247895921324e-06,—
lockchainests,3,7.707247895921324e-06,—
panded,3,7.707247895921324e-06,—
hange,3,7.707247895921324e-06,—
reductions,3,7.707247895921324e-06,—
skim,3,7.707247895921324e-06,—
font,3,7.707247895921324e-06,—
selector,3,7.707247895921324e-06,—
halls,3,7.707247895921324e-06,—
conducive,3,7.707247895921324e-06,—
albums,3,7.707247895921324e-06,—
ballroom,3,7.707247895921324e-06,—
presenter,3,7.707247895921324e-06,—
appearing,3,7.707247895921324e-06,—
informing,3,7.707247895921324e-06,—
constructive,3,7.707247895921324e-06,—
hasn,3,7.707247895921324e-06,—
pronged,3,7.707247895921324e-06,—
treats,3,7.707247895921324e-06,—
scaled,3,7.707247895921324e-06,—
surpassing,3,7.707247895921324e-06,—
vmlab,3,7.707247895921324e-06,—
helper,3,7.707247895921324e-06,—
arreau,3,7.707247895921324e-06,—
ainframe,3,7.707247895921324e-06,—
veteran,3,7.707247895921324e-06,—
overdue,3,7.707247895921324e-06,—
hangs,3,7.707247895921324e-06,—
gassed,3,7.707247895921324e-06,—
µs,3,7.707247895921324e-06,—
syncmodefull,3,7.707247895921324e-06,—
gcmodearchive,3,7.707247895921324e-06,—
upercomputing,3,7.707247895921324e-06,—
ackternship,3,7.707247895921324e-06,—
dilutive,3,7.707247895921324e-06,—
branded,3,7.707247895921324e-06,—
bike,3,7.707247895921324e-06,—
oppression,3,7.707247895921324e-06,—
ank,3,7.707247895921324e-06,—
downsides,3,7.707247895921324e-06,—
acific,3,7.707247895921324e-06,—
faithfully,3,7.707247895921324e-06,—
yoka,3,7.707247895921324e-06,—
ckee,3,7.707247895921324e-06,—
eppeli,3,7.707247895921324e-06,—
lint,3,7.707247895921324e-06,—
vaults,3,7.707247895921324e-06,—
unded,3,7.707247895921324e-06,—
nřátelé,3,7.707247895921324e-06,—
holiday,3,7.707247895921324e-06,—
prague,3,7.707247895921324e-06,—
jubljana,3,7.707247895921324e-06,—
utable,3,7.707247895921324e-06,—
champion,3,7.707247895921324e-06,—
dmissions,3,7.707247895921324e-06,—
adoptio,3,7.707247895921324e-06,—
memes,3,7.707247895921324e-06,—
complimentary,3,7.707247895921324e-06,—
reunion,3,7.707247895921324e-06,—
estrel,3,7.707247895921324e-06,—
iswap,3,7.707247895921324e-06,—
crowdsourcing,3,7.707247895921324e-06,—
iscoverability,3,7.707247895921324e-06,—
nreetings,3,7.707247895921324e-06,—
rantees,3,7.707247895921324e-06,—
ponsors,3,7.707247895921324e-06,—
imoke,3,7.707247895921324e-06,—
rnst,3,7.707247895921324e-06,—
uorum,3,7.707247895921324e-06,—
favorites,3,7.707247895921324e-06,—
endorsement,3,7.707247895921324e-06,—
conceptual,3,7.707247895921324e-06,—
faith,3,7.707247895921324e-06,—
devoted,3,7.707247895921324e-06,—
lse,3,7.707247895921324e-06,—
directive,3,7.707247895921324e-06,—
struct,3,7.707247895921324e-06,—
silent,3,7.707247895921324e-06,—
renowned,3,7.707247895921324e-06,—
ambitions,3,7.707247895921324e-06,—
yearly,3,7.707247895921324e-06,—
ales,3,7.707247895921324e-06,—
outdoor,3,7.707247895921324e-06,—
supportethereum,3,7.707247895921324e-06,—
hangelog,3,7.707247895921324e-06,—
evps,3,7.707247895921324e-06,—
evops,3,7.707247895921324e-06,—
erraform,3,7.707247895921324e-06,—
lethio,3,7.707247895921324e-06,—
ignt,3,7.707247895921324e-06,—
versioning,3,7.707247895921324e-06,—
subsection,3,7.707247895921324e-06,—
motivating,3,7.707247895921324e-06,—
recompile,3,7.707247895921324e-06,—
moonad,3,7.707247895921324e-06,—
irehose,3,7.707247895921324e-06,—
ompleted,3,7.707247895921324e-06,—
ditya,3,7.707247895921324e-06,—
roduction,3,7.707247895921324e-06,—
unsung,3,7.707247895921324e-06,—
eips,3,7.707247895921324e-06,protocolaire
provisioning,3,7.707247895921324e-06,—
complemented,3,7.707247895921324e-06,—
principled,3,7.707247895921324e-06,—
downgrade,3,7.707247895921324e-06,—
houtout,3,7.707247895921324e-06,—
indees,3,7.707247895921324e-06,—
compaction,3,7.707247895921324e-06,—
mapeers,3,7.707247895921324e-06,—
reezer,3,7.707247895921324e-06,—
eacerbated,3,7.707247895921324e-06,—
simplistic,3,7.707247895921324e-06,—
listallets,3,7.707247895921324e-06,—
firmware,3,7.707247895921324e-06,—
usb,3,7.707247895921324e-06,—
req,3,7.707247895921324e-06,—
eject,3,7.707247895921324e-06,—
rasilnikov,3,7.707247895921324e-06,—
visualizatio,3,7.707247895921324e-06,—
thersca,3,7.707247895921324e-06,—
elevate,3,7.707247895921324e-06,—
afael,3,7.707247895921324e-06,—
reland,3,7.707247895921324e-06,—
ompatibility,3,7.707247895921324e-06,—
slim,3,7.707247895921324e-06,—
peakers,3,7.707247895921324e-06,—
ldr,3,7.707247895921324e-06,—
ecipients,3,7.707247895921324e-06,—
emand,3,7.707247895921324e-06,—
concludes,3,7.707247895921324e-06,—
rassi,3,7.707247895921324e-06,—
legendreprf,3,7.707247895921324e-06,—
allotted,3,7.707247895921324e-06,—
ungible,3,7.707247895921324e-06,—
revise,3,7.707247895921324e-06,—
reminding,3,7.707247895921324e-06,—
ethdotorg,3,7.707247895921324e-06,—
rtemis,3,7.707247895921324e-06,—
articipating,3,7.707247895921324e-06,—
wow,3,7.707247895921324e-06,—
egency,3,7.707247895921324e-06,—
imousine,3,7.707247895921324e-06,—
ravel,3,7.707247895921324e-06,—
metro,3,7.707247895921324e-06,—
ios,3,7.707247895921324e-06,—
periences,3,7.707247895921324e-06,—
ollect,3,7.707247895921324e-06,—
collectible,3,7.707247895921324e-06,—
theater,3,7.707247895921324e-06,—
utside,3,7.707247895921324e-06,—
flare,3,7.707247895921324e-06,—
shirts,3,7.707247895921324e-06,—
customs,3,7.707247895921324e-06,—
restaurants,3,7.707247895921324e-06,—
tais,3,7.707247895921324e-06,—
cloak,3,7.707247895921324e-06,—
efdevco,3,7.707247895921324e-06,—
estnets,3,7.707247895921324e-06,—
crosslinks,3,7.707247895921324e-06,—
onkatsu,3,7.707247895921324e-06,—
ironing,3,7.707247895921324e-06,—
beaconchain,3,7.707247895921324e-06,—
flop,3,7.707247895921324e-06,—
revention,3,7.707247895921324e-06,—
itsunari,3,7.707247895921324e-06,—
journeys,3,7.707247895921324e-06,—
rosslink,3,7.707247895921324e-06,—
aiwanese,3,7.707247895921324e-06,—
ronman,3,7.707247895921324e-06,—
uin,3,7.707247895921324e-06,—
ountless,3,7.707247895921324e-06,—
ccordingly,3,7.707247895921324e-06,—
ncreasing,3,7.707247895921324e-06,—
esp,3,7.707247895921324e-06,—
foundatio,3,7.707247895921324e-06,—
amplified,3,7.707247895921324e-06,—
lightly,3,7.707247895921324e-06,—
lays,3,7.707247895921324e-06,—
separatio,3,7.707247895921324e-06,—
illustrate,3,7.707247895921324e-06,—
etering,3,7.707247895921324e-06,—
totalling,3,7.707247895921324e-06,—
bundle,3,7.707247895921324e-06,—
keywords,3,7.707247895921324e-06,—
bstract,3,7.707247895921324e-06,—
ace,3,7.707247895921324e-06,—
ehind,3,7.707247895921324e-06,—
agmo,3,7.707247895921324e-06,—
berhardt,3,7.707247895921324e-06,—
amy,3,7.707247895921324e-06,—
roadly,3,7.707247895921324e-06,—
relate,3,7.707247895921324e-06,—
tldc,3,7.707247895921324e-06,—
cursor,3,7.707247895921324e-06,—
successive,3,7.707247895921324e-06,—
weeds,3,7.707247895921324e-06,—
ballpark,3,7.707247895921324e-06,—
propagated,3,7.707247895921324e-06,—
piper,3,7.707247895921324e-06,—
merriam,3,7.707247895921324e-06,—
iligence,3,7.707247895921324e-06,—
attests,3,7.707247895921324e-06,—
emits,3,7.707247895921324e-06,—
offence,3,7.707247895921324e-06,—
lashings,3,7.707247895921324e-06,—
decentralise,3,7.707247895921324e-06,—
ashes,3,7.707247895921324e-06,—
ndeing,3,7.707247895921324e-06,—
witnessash,3,7.707247895921324e-06,—
appendi,3,7.707247895921324e-06,—
rrorandled,3,7.707247895921324e-06,—
rrorotandled,3,7.707247895921324e-06,—
getharitywner,3,7.707247895921324e-06,—
rror,3,7.707247895921324e-06,—
ustria,3,7.707247895921324e-06,—
quantitative,3,7.707247895921324e-06,—
grips,3,7.707247895921324e-06,—
walking,3,7.707247895921324e-06,—
undoubtedly,3,7.707247895921324e-06,—
catering,3,7.707247895921324e-06,—
landed,3,7.707247895921324e-06,—
deserving,3,7.707247895921324e-06,—
ryptofund,3,7.707247895921324e-06,—
takeaways,3,7.707247895921324e-06,—
formalizes,3,7.707247895921324e-06,—
mutual,3,7.707247895921324e-06,—
ommunications,3,7.707247895921324e-06,—
hamber,3,7.707247895921324e-06,—
roductionizing,3,7.707247895921324e-06,—
rover,3,7.707247895921324e-06,—
lato,3,7.707247895921324e-06,—
sylvania,3,7.707247895921324e-06,—
weblabs,3,7.707247895921324e-06,—
hicago,3,7.707247895921324e-06,—
aterials,3,7.707247895921324e-06,—
unicef,3,7.707247895921324e-06,—
forging,3,7.707247895921324e-06,—
oh,3,7.707247895921324e-06,—
merry,3,7.707247895921324e-06,—
erkleization,3,7.707247895921324e-06,—
logins,3,7.707247895921324e-06,—
eekook,3,7.707247895921324e-06,—
onstrained,3,7.707247895921324e-06,—
ombine,3,7.707247895921324e-06,—
erified,3,7.707247895921324e-06,—
redesigned,3,7.707247895921324e-06,—
erez,3,7.707247895921324e-06,—
immutables,3,7.707247895921324e-06,—
uniqueness,3,7.707247895921324e-06,—
zoom,3,7.707247895921324e-06,—
grounded,3,7.707247895921324e-06,—
verb,3,7.707247895921324e-06,—
pplying,3,7.707247895921324e-06,—
inserting,3,7.707247895921324e-06,—
epresses,3,7.707247895921324e-06,—
aur,3,7.707247895921324e-06,—
ietnamese,3,7.707247895921324e-06,—
ungarian,3,7.707247895921324e-06,—
discoverability,3,7.707247895921324e-06,—
amazed,3,7.707247895921324e-06,—
tablecoins,3,7.707247895921324e-06,—
choedon,3,7.707247895921324e-06,—
filing,3,7.707247895921324e-06,—
graffiti,3,7.707247895921324e-06,—
outlook,3,7.707247895921324e-06,—
reactive,3,7.707247895921324e-06,—
contests,3,7.707247895921324e-06,—
colombia,3,7.707247895921324e-06,—
migos,3,7.707247895921324e-06,—
mountains,3,7.707247895921324e-06,—
ocated,3,7.707247895921324e-06,—
reunite,3,7.707247895921324e-06,—
confidently,3,7.707247895921324e-06,—
podcasts,3,7.707247895921324e-06,—
wtf,3,7.707247895921324e-06,—
mile,3,7.707247895921324e-06,—
plorers,3,7.707247895921324e-06,—
truck,3,7.707247895921324e-06,—
capitalize,3,7.707247895921324e-06,—
insertions,3,7.707247895921324e-06,—
honorable,3,7.707247895921324e-06,—
retire,3,7.707247895921324e-06,—
bird,3,7.707247895921324e-06,—
defi,3,7.707247895921324e-06,defi_finance
ocean,3,7.707247895921324e-06,—
otated,3,7.707247895921324e-06,—
ovelace,3,7.707247895921324e-06,—
erkleizatio,3,7.707247895921324e-06,—
krainian,3,7.707247895921324e-06,—
ithuanian,3,7.707247895921324e-06,—
ersian,3,7.707247895921324e-06,—
profiles,3,7.707247895921324e-06,—
discords,3,7.707247895921324e-06,—
hea,3,7.707247895921324e-06,—
responsive,3,7.707247895921324e-06,—
ollegiate,3,7.707247895921324e-06,—
oshi,3,7.707247895921324e-06,—
oversights,3,7.707247895921324e-06,—
hilling,3,7.707247895921324e-06,—
ecentralisation,3,7.707247895921324e-06,—
nights,3,7.707247895921324e-06,—
pouring,3,7.707247895921324e-06,—
rotect,3,7.707247895921324e-06,—
hungry,3,7.707247895921324e-06,—
valuatio,3,7.707247895921324e-06,—
finalizes,3,7.707247895921324e-06,—
drei,3,7.707247895921324e-06,—
urdoch,3,7.707247895921324e-06,—
enrolled,3,7.707247895921324e-06,—
rizes,3,7.707247895921324e-06,—
chaind,3,7.707247895921324e-06,—
ronze,3,7.707247895921324e-06,—
mni,3,7.707247895921324e-06,—
ransfer,3,7.707247895921324e-06,—
osis,3,7.707247895921324e-06,—
eployed,3,7.707247895921324e-06,—
ublished,3,7.707247895921324e-06,—
imiting,3,7.707247895921324e-06,—
ullifier,3,7.707247895921324e-06,—
mentoring,3,7.707247895921324e-06,—
romises,3,7.707247895921324e-06,—
retrospective,3,7.707247895921324e-06,—
ermez,3,7.707247895921324e-06,—
isten,3,7.707247895921324e-06,—
attesters,3,7.707247895921324e-06,—
attester,3,7.707247895921324e-06,—
editions,3,7.707247895921324e-06,—
surveyed,3,7.707247895921324e-06,—
assistant,3,7.707247895921324e-06,—
soliditylang,3,7.707247895921324e-06,—
oneh,3,7.707247895921324e-06,—
toolbo,3,7.707247895921324e-06,—
enalties,3,7.707247895921324e-06,—
zksync,3,7.707247895921324e-06,—
uninterrupted,3,7.707247895921324e-06,—
tarter,3,7.707247895921324e-06,—
ourney,3,7.707247895921324e-06,—
saac,3,7.707247895921324e-06,—
pple,3,7.707247895921324e-06,—
glish,3,7.707247895921324e-06,—
tlookuplimit,3,7.707247895921324e-06,—
tableay,3,7.707247895921324e-06,—
rebranding,3,7.707247895921324e-06,—
terrible,3,7.707247895921324e-06,—
eventful,3,7.707247895921324e-06,—
signup,3,7.707247895921324e-06,—
dia,3,7.707247895921324e-06,—
caffold,3,7.707247895921324e-06,—
laine,3,7.707247895921324e-06,—
ublitz,3,7.707247895921324e-06,—
osenthal,3,7.707247895921324e-06,—
ory,3,7.707247895921324e-06,—
mbra,3,7.707247895921324e-06,—
ecognizing,3,7.707247895921324e-06,—
vet,3,7.707247895921324e-06,—
aphael,3,7.707247895921324e-06,—
lagoj,3,7.707247895921324e-06,—
airdrops,3,7.707247895921324e-06,—
customize,3,7.707247895921324e-06,—
ranslate,3,7.707247895921324e-06,—
pinpoint,3,7.707247895921324e-06,—
egular,3,7.707247895921324e-06,—
generics,3,7.707247895921324e-06,—
ranged,3,7.707247895921324e-06,—
juguna,3,7.707247895921324e-06,—
epeda,3,7.707247895921324e-06,—
municipal,3,7.707247895921324e-06,—
park,3,7.707247895921324e-06,—
equirements,3,7.707247895921324e-06,—
publically,3,7.707247895921324e-06,—
ivestream,3,7.707247895921324e-06,—
invalidating,3,7.707247895921324e-06,—
arameter,3,7.707247895921324e-06,—
vulnerabilites,3,7.707247895921324e-06,—
compositional,3,7.707247895921324e-06,—
ompositional,3,7.707247895921324e-06,—
titled,3,7.707247895921324e-06,—
buzz,3,7.707247895921324e-06,—
eadiness,3,7.707247895921324e-06,—
tokes,3,7.707247895921324e-06,—
ntroduction,3,7.707247895921324e-06,—
subgraph,3,7.707247895921324e-06,—
rat,3,7.707247895921324e-06,—
imapp,3,7.707247895921324e-06,—
sights,3,7.707247895921324e-06,—
preferring,3,7.707247895921324e-06,—
approachable,3,7.707247895921324e-06,—
ilestones,3,7.707247895921324e-06,—
rtifacts,3,7.707247895921324e-06,—
hoto,3,7.707247895921324e-06,—
notebooks,3,7.707247895921324e-06,—
maturity,3,7.707247895921324e-06,—
unparalleled,3,7.707247895921324e-06,—
instrumental,3,7.707247895921324e-06,—
rebuilt,3,7.707247895921324e-06,—
retention,3,7.707247895921324e-06,—
nhancements,3,7.707247895921324e-06,—
activism,3,7.707247895921324e-06,—
edderburn,3,7.707247895921324e-06,—
armers,3,7.707247895921324e-06,—
seasons,3,7.707247895921324e-06,—
aligns,3,7.707247895921324e-06,—
probation,3,7.707247895921324e-06,—
probationary,3,7.707247895921324e-06,—
alls,3,7.707247895921324e-06,—
refresher,3,7.707247895921324e-06,—
hyam,3,7.707247895921324e-06,—
ri,3,7.707247895921324e-06,—
ordillo,3,7.707247895921324e-06,—
eneration,3,7.707247895921324e-06,—
culminated,3,7.707247895921324e-06,—
rganizer,3,7.707247895921324e-06,—
hangout,3,7.707247895921324e-06,—
riends,3,7.707247895921324e-06,—
ruei,3,7.707247895921324e-06,—
howcase,3,7.707247895921324e-06,—
outlets,3,7.707247895921324e-06,—
agyu,3,7.707247895921324e-06,—
dvancing,3,7.707247895921324e-06,—
edellí,3,7.707247895921324e-06,—
anmajaya,3,7.707247895921324e-06,—
tartrail,3,7.707247895921324e-06,—
artworks,3,7.707247895921324e-06,—
zkollups,3,7.707247895921324e-06,—
ertificates,3,7.707247895921324e-06,—
couples,3,7.707247895921324e-06,—
arts,3,7.707247895921324e-06,—
fredrik,3,7.707247895921324e-06,—
svantes,3,7.707247895921324e-06,—
kiln,3,7.707247895921324e-06,—
oven,3,7.707247895921324e-06,—
terminaltotaldifficulty,3,7.707247895921324e-06,—
bellatri,3,7.707247895921324e-06,—
subprotocols,3,7.707247895921324e-06,—
paulmillr,3,7.707247895921324e-06,—
ountry,3,7.707247895921324e-06,—
zones,3,7.707247895921324e-06,—
merges,3,7.707247895921324e-06,—
staging,3,7.707247895921324e-06,—
closes,3,7.707247895921324e-06,—
ehibitions,3,7.707247895921324e-06,—
reparation,3,7.707247895921324e-06,—
tanks,3,7.707247895921324e-06,—
epal,3,7.707247895921324e-06,—
rends,3,7.707247895921324e-06,—
alis,3,7.707247895921324e-06,—
hanh,3,7.707247895921324e-06,—
olume,3,7.707247895921324e-06,—
alyzing,3,7.707247895921324e-06,—
yracuse,3,7.707247895921324e-06,—
esilient,3,7.707247895921324e-06,—
thens,3,7.707247895921324e-06,—
attle,3,7.707247895921324e-06,—
lfred,3,7.707247895921324e-06,—
ehar,3,7.707247895921324e-06,—
hristine,3,7.707247895921324e-06,—
algary,3,7.707247895921324e-06,—
ompeu,3,7.707247895921324e-06,—
abra,3,7.707247895921324e-06,—
gostino,3,7.707247895921324e-06,—
apponi,3,7.707247895921324e-06,—
elbourne,3,7.707247895921324e-06,—
mar,3,7.707247895921324e-06,—
mally,3,7.707247895921324e-06,—
rified,3,7.707247895921324e-06,—
nrique,3,7.707247895921324e-06,—
rustworthy,3,7.707247895921324e-06,—
uang,3,7.707247895921324e-06,—
amiano,3,7.707247895921324e-06,—
aesa,3,7.707247895921324e-06,—
lsto,3,7.707247895921324e-06,—
cademia,3,7.707247895921324e-06,—
qualified,3,7.707247895921324e-06,—
ohorts,3,7.707247895921324e-06,—
roatia,3,7.707247895921324e-06,—
olis,3,7.707247895921324e-06,—
achuca,3,7.707247895921324e-06,—
opics,3,7.707247895921324e-06,—
eural,3,7.707247895921324e-06,—
roactive,3,7.707247895921324e-06,—
omfort,3,7.707247895921324e-06,—
acker,3,7.707247895921324e-06,—
curiosity,3,7.707247895921324e-06,—
therna,3,7.707247895921324e-06,—
appnode,3,7.707247895921324e-06,—
oma,3,7.707247895921324e-06,—
pilots,3,7.707247895921324e-06,—
eoffrey,3,7.707247895921324e-06,—
ihajlo,3,7.707247895921324e-06,—
embarking,3,7.707247895921324e-06,—
inistry,3,7.707247895921324e-06,—
ashal,3,7.707247895921324e-06,—
arde,3,7.707247895921324e-06,—
hintaro,3,7.707247895921324e-06,—
oshimatsu,3,7.707247895921324e-06,—
olivia,3,7.707247895921324e-06,—
anon,3,7.707247895921324e-06,—
ecuting,3,7.707247895921324e-06,—
anel,3,7.707247895921324e-06,—
geopolitics,3,7.707247895921324e-06,—
açães,3,7.707247895921324e-06,—
pportunity,3,7.707247895921324e-06,—
ahrstätter,3,7.707247895921324e-06,—
nalyzing,3,7.707247895921324e-06,—
etrika,3,7.707247895921324e-06,—
ripto,3,7.707247895921324e-06,—
ecentralizatio,3,7.707247895921324e-06,—
arallel,3,7.707247895921324e-06,—
arithmetization,3,7.707247895921324e-06,—
ich,3,7.707247895921324e-06,—
ierre,3,7.707247895921324e-06,—
aroslav,3,7.707247895921324e-06,—
ritual,3,7.707247895921324e-06,—
handong,3,7.707247895921324e-06,—
feared,3,7.707247895921324e-06,—
irror,3,7.707247895921324e-06,—
ulian,3,7.707247895921324e-06,—
redrik,3,7.707247895921324e-06,—
vantes,3,7.707247895921324e-06,—
mev,3,7.707247895921324e-06,defi_finance
alldata,3,7.707247895921324e-06,—
odern,3,7.707247895921324e-06,—
oll,3,7.707247895921324e-06,—
differentiated,3,7.707247895921324e-06,—
summoning,3,7.707247895921324e-06,—
ico,3,7.707247895921324e-06,—
ransport,3,7.707247895921324e-06,—
hype,3,7.707247895921324e-06,—
disenfranchised,3,7.707247895921324e-06,—
dignified,3,7.707247895921324e-06,—
walls,3,7.707247895921324e-06,—
literacy,3,7.707247895921324e-06,—
empowerment,3,7.707247895921324e-06,—
copeift,3,7.707247895921324e-06,—
reflected,3,7.707247895921324e-06,—
labeling,3,7.707247895921324e-06,—
awn,3,7.707247895921324e-06,—
ratyush,3,7.707247895921324e-06,—
shapella,3,7.707247895921324e-06,—
eprecate,3,7.707247895921324e-06,—
deprecatio,3,7.707247895921324e-06,—
oecutionhange,3,7.707247895921324e-06,—
uriga,3,7.707247895921324e-06,—
iran,3,7.707247895921324e-06,—
rotofire,3,7.707247895921324e-06,—
linter,3,7.707247895921324e-06,—
bilingual,3,7.707247895921324e-06,—
tolerate,3,7.707247895921324e-06,—
hilippines,3,7.707247895921324e-06,—
screens,3,7.707247895921324e-06,—
enablers,3,7.707247895921324e-06,—
continents,3,7.707247895921324e-06,—
erbian,3,7.707247895921324e-06,—
ploratio,3,7.707247895921324e-06,—
thereumuri,3,7.707247895921324e-06,—
iscv,3,7.707247895921324e-06,—
didethr,3,7.707247895921324e-06,—
ilso,3,7.707247895921324e-06,—
riteria,3,7.707247895921324e-06,—
scholarsethereum,3,7.707247895921324e-06,—
iyi,3,7.707247895921324e-06,—
iasun,3,7.707247895921324e-06,—
utcomes,3,7.707247895921324e-06,—
iaokuan,3,7.707247895921324e-06,—
arczentewicz,3,7.707247895921324e-06,—
microcredit,3,7.707247895921324e-06,—
ssessing,3,7.707247895921324e-06,—
conomy,3,7.707247895921324e-06,—
nsights,3,7.707247895921324e-06,—
mpowering,3,7.707247895921324e-06,—
hape,3,7.707247895921324e-06,—
eligibility,3,7.707247895921324e-06,—
airgapped,3,7.707247895921324e-06,—
etracted,3,7.707247895921324e-06,—
ofee,3,7.707247895921324e-06,—
heatre,3,7.707247895921324e-06,—
elgian,3,7.707247895921324e-06,—
ankshard,3,7.707247895921324e-06,—
atropy,3,7.707247895921324e-06,—
srsly,3,7.707247895921324e-06,—
realities,3,7.707247895921324e-06,—
evansh,3,7.707247895921324e-06,—
aleriia,3,7.707247895921324e-06,—
cowork,3,7.707247895921324e-06,—
travels,3,7.707247895921324e-06,—
anis,3,7.707247895921324e-06,—
yperova,3,7.707247895921324e-06,—
achin,3,7.707247895921324e-06,—
rails,3,7.707247895921324e-06,—
oni,3,7.707247895921324e-06,—
oy,3,7.707247895921324e-06,—
catalyze,3,7.707247895921324e-06,—
schemepath,3,7.707247895921324e-06,—
ticketed,3,7.707247895921324e-06,—
racks,3,7.707247895921324e-06,—
onf,3,7.707247895921324e-06,—
ragma,3,7.707247895921324e-06,—
untable,3,7.707247895921324e-06,—
translatathon,3,7.707247895921324e-06,—
localizing,3,7.707247895921324e-06,—
atglow,3,7.707247895921324e-06,—
eamines,3,7.707247895921324e-06,—
malloc,3,7.707247895921324e-06,—
sizeof,3,7.707247895921324e-06,—
arg,3,7.707247895921324e-06,—
algrind,3,7.707247895921324e-06,—
outi,3,7.707247895921324e-06,—
eunion,3,7.707247895921324e-06,—
evo,3,7.707247895921324e-06,—
peor,3,7.707247895921324e-06,—
unconference,3,7.707247895921324e-06,—
hoeni,3,7.707247895921324e-06,—
identification,3,7.707247895921324e-06,—
lifeline,3,7.707247895921324e-06,—
eart,3,7.707247895921324e-06,—
cautious,3,7.707247895921324e-06,—
ynology,3,7.707247895921324e-06,—
eedatam,3,7.707247895921324e-06,—
rinceton,3,7.707247895921324e-06,—
regon,3,7.707247895921324e-06,—
ofi,3,7.707247895921324e-06,—
arsi,3,7.707247895921324e-06,—
éico,3,7.707247895921324e-06,—
evelop,3,7.707247895921324e-06,—
atincrypt,3,7.707247895921324e-06,—
zkarsaw,3,7.707247895921324e-06,—
calar,3,7.707247895921324e-06,—
lorent,3,7.707247895921324e-06,—
ptimizatio,3,7.707247895921324e-06,—
hargav,3,7.707247895921324e-06,—
dencun,3,7.707247895921324e-06,—
ransient,3,7.707247895921324e-06,—
erpetually,3,7.707247895921324e-06,—
oluntary,3,7.707247895921324e-06,—
hurn,3,7.707247895921324e-06,—
deneb,3,7.707247895921324e-06,—
cancun,3,7.707247895921324e-06,—
ephemery,3,7.707247895921324e-06,—
ygnus,3,7.707247895921324e-06,—
nterfaces,3,7.707247895921324e-06,—
ratanov,3,7.707247895921324e-06,—
garde,3,7.707247895921324e-06,—
josh,3,7.707247895921324e-06,—
mario,3,7.707247895921324e-06,—
havel,3,7.707247895921324e-06,—
acedonia,3,7.707247895921324e-06,—
relays,3,7.707247895921324e-06,—
lo,3,7.707247895921324e-06,—
ukoro,3,7.707247895921324e-06,—
eviewing,3,7.707247895921324e-06,—
ebuthn,3,7.707247895921324e-06,—
orus,3,7.707247895921324e-06,—
ggregator,3,7.707247895921324e-06,—
aiko,3,7.707247895921324e-06,—
russels,3,7.707247895921324e-06,—
magma,3,7.707247895921324e-06,—
orderless,3,7.707247895921324e-06,—
residency,3,7.707247895921324e-06,—
tegrating,3,7.707247895921324e-06,—
hung,3,7.707247895921324e-06,—
hiang,3,7.707247895921324e-06,—
plastic,3,7.707247895921324e-06,—
arrying,3,7.707247895921324e-06,—
zkold,3,7.707247895921324e-06,—
treesitter,3,7.707247895921324e-06,—
arkworks,3,7.707247895921324e-06,—
cicle,3,7.707247895921324e-06,—
hiteboard,3,7.707247895921324e-06,—
irius,3,7.707247895921324e-06,—
attackathon,3,7.707247895921324e-06,—
ttackatho,3,7.707247895921324e-06,—
igaabs,3,7.707247895921324e-06,—
growthepie,3,7.707247895921324e-06,—
erala,3,7.707247895921324e-06,—
ulgaria,3,7.707247895921324e-06,—
ptimizing,3,7.707247895921324e-06,—
ulia,3,7.707247895921324e-06,—
rimev,3,7.707247895921324e-06,—
oger,3,7.707247895921324e-06,—
ctive,3,7.707247895921324e-06,—
inea,3,7.707247895921324e-06,—
ihoon,3,7.707247895921324e-06,—
roducing,3,7.707247895921324e-06,—
avier,3,7.707247895921324e-06,—
nsgar,3,7.707247895921324e-06,—
ietrichs,3,7.707247895921324e-06,—
lightclient,3,7.707247895921324e-06,—
preservation,3,7.707247895921324e-06,—
eritage,3,7.707247895921324e-06,—
ymmetric,3,7.707247895921324e-06,—
sst,3,7.707247895921324e-06,—
klahoma,3,7.707247895921324e-06,—
leph,3,7.707247895921324e-06,—
tfhe,3,7.707247895921324e-06,—
arhus,3,7.707247895921324e-06,—
wang,3,7.707247895921324e-06,—
wned,3,7.707247895921324e-06,—
passkeys,3,7.707247895921324e-06,—
outflows,3,7.707247895921324e-06,—
evocability,3,7.707247895921324e-06,—
elic,3,7.707247895921324e-06,—
acundo,3,7.707247895921324e-06,—
leros,3,7.707247895921324e-06,—
yuta,3,7.707247895921324e-06,—
antina,3,7.707247895921324e-06,—
alues,3,7.707247895921324e-06,—
imbalances,3,7.707247895921324e-06,—
tewardship,3,7.707247895921324e-06,—
unconventional,3,7.707247895921324e-06,—
blueprint,3,7.707247895921324e-06,—
alermo,3,7.707247895921324e-06,—
onchai,3,7.707247895921324e-06,—
nixo,3,7.707247895921324e-06,—
positioned,3,7.707247895921324e-06,—
headlining,3,7.707247895921324e-06,—
nternships,3,7.707247895921324e-06,—
seudocode,3,7.707247895921324e-06,—
rillion,3,7.707247895921324e-06,—
arzik,2,5.13816526394755e-06,—
monopolies,2,5.13816526394755e-06,—
unimaginable,2,5.13816526394755e-06,—
akamoto,2,5.13816526394755e-06,—
orp,2,5.13816526394755e-06,—
onerous,2,5.13816526394755e-06,—
laundering,2,5.13816526394755e-06,—
pseudonyms,2,5.13816526394755e-06,—
shelter,2,5.13816526394755e-06,—
administering,2,5.13816526394755e-06,—
recipe,2,5.13816526394755e-06,—
iris,2,5.13816526394755e-06,—
minet,2,5.13816526394755e-06,—
biometrics,2,5.13816526394755e-06,—
overnment,2,5.13816526394755e-06,—
dies,2,5.13816526394755e-06,—
inaccessible,2,5.13816526394755e-06,—
wealthier,2,5.13816526394755e-06,—
institution,2,5.13816526394755e-06,—
compel,2,5.13816526394755e-06,—
cy,2,5.13816526394755e-06,—
ese,2,5.13816526394755e-06,—
soc,2,5.13816526394755e-06,—
mak,2,5.13816526394755e-06,—
tp,2,5.13816526394755e-06,—
underdeveloped,2,5.13816526394755e-06,—
reminds,2,5.13816526394755e-06,—
modifiable,2,5.13816526394755e-06,—
digitized,2,5.13816526394755e-06,—
factories,2,5.13816526394755e-06,—
robotic,2,5.13816526394755e-06,—
robots,2,5.13816526394755e-06,—
insofar,2,5.13816526394755e-06,—
directio,2,5.13816526394755e-06,—
omputatio,2,5.13816526394755e-06,—
subvert,2,5.13816526394755e-06,—
ultisignature,2,5.13816526394755e-06,—
capacities,2,5.13816526394755e-06,—
sellable,2,5.13816526394755e-06,—
cc,2,5.13816526394755e-06,—
detract,2,5.13816526394755e-06,—
crucially,2,5.13816526394755e-06,—
precision,2,5.13816526394755e-06,—
wiggle,2,5.13816526394755e-06,—
savers,2,5.13816526394755e-06,—
insurers,2,5.13816526394755e-06,—
plaintet,2,5.13816526394755e-06,—
alleviates,2,5.13816526394755e-06,—
religion,2,5.13816526394755e-06,—
botnet,2,5.13816526394755e-06,—
scarcity,2,5.13816526394755e-06,—
ontrary,2,5.13816526394755e-06,—
environmentally,2,5.13816526394755e-06,—
simulates,2,5.13816526394755e-06,—
uncovering,2,5.13816526394755e-06,—
culprit,2,5.13816526394755e-06,—
avings,2,5.13816526394755e-06,—
magazine,2,5.13816526394755e-06,—
bookstores,2,5.13816526394755e-06,—
ember,2,5.13816526394755e-06,—
ointalk,2,5.13816526394755e-06,—
nvictus,2,5.13816526394755e-06,—
etropolitan,2,5.13816526394755e-06,—
nalyst,2,5.13816526394755e-06,—
ubi,2,5.13816526394755e-06,—
onathan,2,5.13816526394755e-06,—
endell,2,5.13816526394755e-06,—
artner,2,5.13816526394755e-06,—
onofrio,2,5.13816526394755e-06,—
dom,2,5.13816526394755e-06,—
penransactions,2,5.13816526394755e-06,—
ahoe,2,5.13816526394755e-06,—
itcloud,2,5.13816526394755e-06,—
fundraiser,2,5.13816526394755e-06,—
incubators,2,5.13816526394755e-06,—
traveled,2,5.13816526394755e-06,—
nf,2,5.13816526394755e-06,—
guesses,2,5.13816526394755e-06,—
ratios,2,5.13816526394755e-06,—
choke,2,5.13816526394755e-06,—
fought,2,5.13816526394755e-06,—
laden,2,5.13816526394755e-06,—
incurs,2,5.13816526394755e-06,—
gk,2,5.13816526394755e-06,—
unfavorable,2,5.13816526394755e-06,—
borne,2,5.13816526394755e-06,—
ami,2,5.13816526394755e-06,—
sre,2,5.13816526394755e-06,—
ze,2,5.13816526394755e-06,—
forgoing,2,5.13816526394755e-06,—
painfully,2,5.13816526394755e-06,—
dose,2,5.13816526394755e-06,—
hilosopher,2,5.13816526394755e-06,—
kings,2,5.13816526394755e-06,—
miniscule,2,5.13816526394755e-06,—
functionally,2,5.13816526394755e-06,—
looser,2,5.13816526394755e-06,—
erocoin,2,5.13816526394755e-06,—
semantically,2,5.13816526394755e-06,—
mirror,2,5.13816526394755e-06,—
mmutability,2,5.13816526394755e-06,—
unctional,2,5.13816526394755e-06,—
formality,2,5.13816526394755e-06,—
nth,2,5.13816526394755e-06,—
datan,2,5.13816526394755e-06,—
instantiating,2,5.13816526394755e-06,—
fdfeeeacbd,2,5.13816526394755e-06,—
impose,2,5.13816526394755e-06,—
notorious,2,5.13816526394755e-06,—
halve,2,5.13816526394755e-06,—
optimizers,2,5.13816526394755e-06,—
fleshed,2,5.13816526394755e-06,—
prefers,2,5.13816526394755e-06,—
emoving,2,5.13816526394755e-06,—
popped,2,5.13816526394755e-06,—
tiniest,2,5.13816526394755e-06,—
irresponsible,2,5.13816526394755e-06,—
poorly,2,5.13816526394755e-06,—
ops,2,5.13816526394755e-06,—
asson,2,5.13816526394755e-06,—
ciphers,2,5.13816526394755e-06,—
unpopular,2,5.13816526394755e-06,—
converts,2,5.13816526394755e-06,—
ahai,2,5.13816526394755e-06,—
bbbedef,2,5.13816526394755e-06,—
corollary,2,5.13816526394755e-06,—
decrypts,2,5.13816526394755e-06,—
consent,2,5.13816526394755e-06,—
bylaws,2,5.13816526394755e-06,—
crystal,2,5.13816526394755e-06,—
drastic,2,5.13816526394755e-06,—
leapfrog,2,5.13816526394755e-06,—
uncontrollable,2,5.13816526394755e-06,—
example,2,5.13816526394755e-06,—
tid,2,5.13816526394755e-06,—
cautionary,2,5.13816526394755e-06,—
determinism,2,5.13816526394755e-06,—
inventing,2,5.13816526394755e-06,—
presale,2,5.13816526394755e-06,—
endorse,2,5.13816526394755e-06,—
peercover,2,5.13816526394755e-06,—
disservice,2,5.13816526394755e-06,—
ffering,2,5.13816526394755e-06,—
beware,2,5.13816526394755e-06,—
headway,2,5.13816526394755e-06,—
astercard,2,5.13816526394755e-06,—
ingenious,2,5.13816526394755e-06,—
broadcasts,2,5.13816526394755e-06,—
ppool,2,5.13816526394755e-06,—
nany,2,5.13816526394755e-06,—
frightening,2,5.13816526394755e-06,—
kynet,2,5.13816526394755e-06,—
utopian,2,5.13816526394755e-06,—
attentio,2,5.13816526394755e-06,—
dispense,2,5.13816526394755e-06,—
bearer,2,5.13816526394755e-06,—
roperty,2,5.13816526394755e-06,—
quafina,2,5.13816526394755e-06,—
houses,2,5.13816526394755e-06,—
actum,2,5.13816526394755e-06,—
redeemable,2,5.13816526394755e-06,—
litter,2,5.13816526394755e-06,—
ruled,2,5.13816526394755e-06,—
judging,2,5.13816526394755e-06,—
disagrees,2,5.13816526394755e-06,—
editing,2,5.13816526394755e-06,—
royalty,2,5.13816526394755e-06,—
scrow,2,5.13816526394755e-06,—
iaspora,2,5.13816526394755e-06,—
buys,2,5.13816526394755e-06,—
processor,2,5.13816526394755e-06,—
arbitrator,2,5.13816526394755e-06,—
ile,2,5.13816526394755e-06,—
ineffective,2,5.13816526394755e-06,—
closure,2,5.13816526394755e-06,—
halts,2,5.13816526394755e-06,—
defensible,2,5.13816526394755e-06,—
nominate,2,5.13816526394755e-06,—
ctor,2,5.13816526394755e-06,—
conomically,2,5.13816526394755e-06,—
tu,2,5.13816526394755e-06,—
erc,2,5.13816526394755e-06,—
moot,2,5.13816526394755e-06,—
precompute,2,5.13816526394755e-06,—
speculators,2,5.13816526394755e-06,—
listens,2,5.13816526394755e-06,—
retargets,2,5.13816526394755e-06,—
purist,2,5.13816526394755e-06,—
thermometers,2,5.13816526394755e-06,—
prison,2,5.13816526394755e-06,—
numbered,2,5.13816526394755e-06,—
schells,2,5.13816526394755e-06,—
investigators,2,5.13816526394755e-06,—
unilaterally,2,5.13816526394755e-06,—
falsely,2,5.13816526394755e-06,—
unseating,2,5.13816526394755e-06,—
interestingly,2,5.13816526394755e-06,—
oblitz,2,5.13816526394755e-06,—
solidifying,2,5.13816526394755e-06,—
elaborate,2,5.13816526394755e-06,—
onrad,2,5.13816526394755e-06,—
parcel,2,5.13816526394755e-06,—
eturning,2,5.13816526394755e-06,—
embellished,2,5.13816526394755e-06,—
cefdfebaccaebdbdfaaabaecaaf,2,5.13816526394755e-06,—
ffedaafbbafbbbfbbfcababefadcaffeafcafbfdffcaafbcaccffbdcaaeaabefbfccadbf,2,5.13816526394755e-06,—
millionth,2,5.13816526394755e-06,—
applyt,2,5.13816526394755e-06,—
med,2,5.13816526394755e-06,—
chore,2,5.13816526394755e-06,—
peek,2,5.13816526394755e-06,—
gdcbebffcdfbafbbbeeaeefeb,2,5.13816526394755e-06,—
dccedec,2,5.13816526394755e-06,—
zabbgbccdadbatfafdd,2,5.13816526394755e-06,—
harry,2,5.13816526394755e-06,—
storagefrom,2,5.13816526394755e-06,—
storageto,2,5.13816526394755e-06,—
ncidentally,2,5.13816526394755e-06,—
uh,2,5.13816526394755e-06,—
originates,2,5.13816526394755e-06,—
datastart,2,5.13816526394755e-06,—
datalength,2,5.13816526394755e-06,—
nther,2,5.13816526394755e-06,—
transmissions,2,5.13816526394755e-06,—
horizontal,2,5.13816526394755e-06,—
ceases,2,5.13816526394755e-06,—
shrinking,2,5.13816526394755e-06,—
eistential,2,5.13816526394755e-06,—
divisible,2,5.13816526394755e-06,—
stickiness,2,5.13816526394755e-06,—
repay,2,5.13816526394755e-06,—
propositions,2,5.13816526394755e-06,—
doomed,2,5.13816526394755e-06,—
speculatively,2,5.13816526394755e-06,—
intrusive,2,5.13816526394755e-06,—
flimsy,2,5.13816526394755e-06,—
oppressive,2,5.13816526394755e-06,—
regimes,2,5.13816526394755e-06,—
lofty,2,5.13816526394755e-06,—
discovers,2,5.13816526394755e-06,—
untradeable,2,5.13816526394755e-06,—
spinoffs,2,5.13816526394755e-06,—
oral,2,5.13816526394755e-06,—
negatively,2,5.13816526394755e-06,—
etfli,2,5.13816526394755e-06,—
opcorn,2,5.13816526394755e-06,—
pegging,2,5.13816526394755e-06,—
attracts,2,5.13816526394755e-06,—
publicatio,2,5.13816526394755e-06,—
ugs,2,5.13816526394755e-06,—
slip,2,5.13816526394755e-06,—
intricacies,2,5.13816526394755e-06,—
agic,2,5.13816526394755e-06,—
ecosystemic,2,5.13816526394755e-06,—
dataoutsz,2,5.13816526394755e-06,—
seq,2,5.13816526394755e-06,—
reimplementing,2,5.13816526394755e-06,—
voila,2,5.13816526394755e-06,—
monster,2,5.13816526394755e-06,—
inset,2,5.13816526394755e-06,—
filename,2,5.13816526394755e-06,—
cyber,2,5.13816526394755e-06,—
beneath,2,5.13816526394755e-06,—
producer,2,5.13816526394755e-06,—
biological,2,5.13816526394755e-06,—
amecheap,2,5.13816526394755e-06,—
unscrupulous,2,5.13816526394755e-06,—
qualifies,2,5.13816526394755e-06,—
mployees,2,5.13816526394755e-06,—
fired,2,5.13816526394755e-06,—
sanctioned,2,5.13816526394755e-06,—
transplant,2,5.13816526394755e-06,—
subclass,2,5.13816526394755e-06,—
automaton,2,5.13816526394755e-06,—
gang,2,5.13816526394755e-06,—
fell,2,5.13816526394755e-06,—
quadrant,2,5.13816526394755e-06,—
orporations,2,5.13816526394755e-06,—
entitle,2,5.13816526394755e-06,—
scratching,2,5.13816526394755e-06,—
transpired,2,5.13816526394755e-06,—
transmitting,2,5.13816526394755e-06,—
bedrock,2,5.13816526394755e-06,—
remarkably,2,5.13816526394755e-06,—
appliance,2,5.13816526394755e-06,—
invoke,2,5.13816526394755e-06,—
cached,2,5.13816526394755e-06,—
installable,2,5.13816526394755e-06,—
tile,2,5.13816526394755e-06,—
categorically,2,5.13816526394755e-06,—
blown,2,5.13816526394755e-06,—
stochastically,2,5.13816526394755e-06,—
orse,2,5.13816526394755e-06,—
intervening,2,5.13816526394755e-06,—
forge,2,5.13816526394755e-06,—
litecoins,2,5.13816526394755e-06,—
overtakes,2,5.13816526394755e-06,—
impending,2,5.13816526394755e-06,—
titles,2,5.13816526394755e-06,—
utilities,2,5.13816526394755e-06,—
purposed,2,5.13816526394755e-06,—
verticals,2,5.13816526394755e-06,—
adheres,2,5.13816526394755e-06,—
ozilla,2,5.13816526394755e-06,—
partisan,2,5.13816526394755e-06,—
comparatively,2,5.13816526394755e-06,—
retend,2,5.13816526394755e-06,—
lgorithmic,2,5.13816526394755e-06,—
tuple,2,5.13816526394755e-06,—
ompute,2,5.13816526394755e-06,—
subnodes,2,5.13816526394755e-06,—
subnode,2,5.13816526394755e-06,—
heats,2,5.13816526394755e-06,—
aliens,2,5.13816526394755e-06,—
ante,2,5.13816526394755e-06,—
arliaments,2,5.13816526394755e-06,—
lgorithms,2,5.13816526394755e-06,—
democracies,2,5.13816526394755e-06,—
seize,2,5.13816526394755e-06,—
redirect,2,5.13816526394755e-06,—
apparatus,2,5.13816526394755e-06,—
coercive,2,5.13816526394755e-06,—
parliaments,2,5.13816526394755e-06,—
catastrophic,2,5.13816526394755e-06,—
viewpoints,2,5.13816526394755e-06,—
weakening,2,5.13816526394755e-06,—
ectedness,2,5.13816526394755e-06,—
optimality,2,5.13816526394755e-06,—
boon,2,5.13816526394755e-06,—
indication,2,5.13816526394755e-06,—
normalizing,2,5.13816526394755e-06,—
cleansing,2,5.13816526394755e-06,—
heights,2,5.13816526394755e-06,—
accumulates,2,5.13816526394755e-06,—
refills,2,5.13816526394755e-06,—
eploratory,2,5.13816526394755e-06,—
legalities,2,5.13816526394755e-06,—
fluidity,2,5.13816526394755e-06,—
sabotaging,2,5.13816526394755e-06,—
deems,2,5.13816526394755e-06,—
illicit,2,5.13816526394755e-06,—
dreaded,2,5.13816526394755e-06,—
ancillary,2,5.13816526394755e-06,—
rdinarily,2,5.13816526394755e-06,—
relegated,2,5.13816526394755e-06,—
coerced,2,5.13816526394755e-06,—
reversal,2,5.13816526394755e-06,—
denies,2,5.13816526394755e-06,—
greedy,2,5.13816526394755e-06,—
withholding,2,5.13816526394755e-06,—
vigilante,2,5.13816526394755e-06,—
benevolent,2,5.13816526394755e-06,—
eni,2,5.13816526394755e-06,—
osenfeld,2,5.13816526394755e-06,—
spreads,2,5.13816526394755e-06,—
preorders,2,5.13816526394755e-06,—
shuts,2,5.13816526394755e-06,—
warehouse,2,5.13816526394755e-06,—
headquarters,2,5.13816526394755e-06,—
easonable,2,5.13816526394755e-06,—
solvable,2,5.13816526394755e-06,—
utterfly,2,5.13816526394755e-06,—
onarch,2,5.13816526394755e-06,—
premium,2,5.13816526394755e-06,—
definite,2,5.13816526394755e-06,—
undamentally,2,5.13816526394755e-06,—
roundly,2,5.13816526394755e-06,—
slowing,2,5.13816526394755e-06,—
substitutes,2,5.13816526394755e-06,—
disappointing,2,5.13816526394755e-06,—
sublinear,2,5.13816526394755e-06,—
traversal,2,5.13816526394755e-06,—
zeroth,2,5.13816526394755e-06,—
numeric,2,5.13816526394755e-06,—
itstamp,2,5.13816526394755e-06,—
doom,2,5.13816526394755e-06,—
concatenate,2,5.13816526394755e-06,—
roceed,2,5.13816526394755e-06,—
counters,2,5.13816526394755e-06,—
schellinghelper,2,5.13816526394755e-06,—
ubmitting,2,5.13816526394755e-06,—
obligations,2,5.13816526394755e-06,—
advocated,2,5.13816526394755e-06,—
abolish,2,5.13816526394755e-06,—
contender,2,5.13816526394755e-06,—
weighting,2,5.13816526394755e-06,—
fatally,2,5.13816526394755e-06,—
striking,2,5.13816526394755e-06,—
ruthoin,2,5.13816526394755e-06,—
hereinafter,2,5.13816526394755e-06,—
countervailing,2,5.13816526394755e-06,—
recombine,2,5.13816526394755e-06,—
nobilities,2,5.13816526394755e-06,—
angle,2,5.13816526394755e-06,—
potent,2,5.13816526394755e-06,—
costless,2,5.13816526394755e-06,—
sacrificed,2,5.13816526394755e-06,—
emulated,2,5.13816526394755e-06,—
assigns,2,5.13816526394755e-06,—
motivates,2,5.13816526394755e-06,—
militaries,2,5.13816526394755e-06,—
gu,2,5.13816526394755e-06,—
yre,2,5.13816526394755e-06,—
dichotomy,2,5.13816526394755e-06,—
epunged,2,5.13816526394755e-06,—
abstracts,2,5.13816526394755e-06,—
pbkdf,2,5.13816526394755e-06,—
oyances,2,5.13816526394755e-06,—
propagates,2,5.13816526394755e-06,—
centralizatio,2,5.13816526394755e-06,—
hears,2,5.13816526394755e-06,—
bookkeeping,2,5.13816526394755e-06,—
nightmare,2,5.13816526394755e-06,—
relatives,2,5.13816526394755e-06,—
intuitions,2,5.13816526394755e-06,—
differentiates,2,5.13816526394755e-06,—
nephew,2,5.13816526394755e-06,—
perpetual,2,5.13816526394755e-06,—
dangers,2,5.13816526394755e-06,—
knocks,2,5.13816526394755e-06,—
welve,2,5.13816526394755e-06,—
broadcasted,2,5.13816526394755e-06,—
turing,2,5.13816526394755e-06,—
uncharted,2,5.13816526394755e-06,—
territories,2,5.13816526394755e-06,—
paints,2,5.13816526394755e-06,—
fingertips,2,5.13816526394755e-06,—
siphon,2,5.13816526394755e-06,—
etinction,2,5.13816526394755e-06,—
meaningless,2,5.13816526394755e-06,—
etrinsic,2,5.13816526394755e-06,—
ble,2,5.13816526394755e-06,—
unison,2,5.13816526394755e-06,—
undeniably,2,5.13816526394755e-06,—
misconception,2,5.13816526394755e-06,—
analyzable,2,5.13816526394755e-06,—
abandoning,2,5.13816526394755e-06,—
abandon,2,5.13816526394755e-06,—
sheets,2,5.13816526394755e-06,—
raison,2,5.13816526394755e-06,—
être,2,5.13816526394755e-06,—
nirst,2,5.13816526394755e-06,—
diligence,2,5.13816526394755e-06,—
urchase,2,5.13816526394755e-06,—
greement,2,5.13816526394755e-06,—
hite,2,5.13816526394755e-06,—
uccessfully,2,5.13816526394755e-06,—
howto,2,5.13816526394755e-06,—
backpay,2,5.13816526394755e-06,—
rpqywbiqogo,2,5.13816526394755e-06,—
gifts,2,5.13816526394755e-06,—
strategically,2,5.13816526394755e-06,—
getbtcprivkey,2,5.13816526394755e-06,—
kip,2,5.13816526394755e-06,—
ategories,2,5.13816526394755e-06,—
rganizational,2,5.13816526394755e-06,—
kickstart,2,5.13816526394755e-06,—
oinelegraph,2,5.13816526394755e-06,—
repayment,2,5.13816526394755e-06,—
gid,2,5.13816526394755e-06,—
clusters,2,5.13816526394755e-06,—
priming,2,5.13816526394755e-06,—
spike,2,5.13816526394755e-06,—
decentralizer,2,5.13816526394755e-06,—
ilecoi,2,5.13816526394755e-06,—
amateur,2,5.13816526394755e-06,—
etortion,2,5.13816526394755e-06,—
resolves,2,5.13816526394755e-06,—
storers,2,5.13816526394755e-06,—
unavailability,2,5.13816526394755e-06,—
reconstructing,2,5.13816526394755e-06,—
athematically,2,5.13816526394755e-06,—
onion,2,5.13816526394755e-06,—
computerized,2,5.13816526394755e-06,—
victory,2,5.13816526394755e-06,—
combinatorics,2,5.13816526394755e-06,—
rrors,2,5.13816526394755e-06,—
hunks,2,5.13816526394755e-06,—
moon,2,5.13816526394755e-06,—
isolate,2,5.13816526394755e-06,—
lambda,2,5.13816526394755e-06,—
ields,2,5.13816526394755e-06,—
redefining,2,5.13816526394755e-06,—
resembling,2,5.13816526394755e-06,—
tada,2,5.13816526394755e-06,—
reconstruction,2,5.13816526394755e-06,—
damaged,2,5.13816526394755e-06,—
underhyped,2,5.13816526394755e-06,—
inventory,2,5.13816526394755e-06,—
blossoming,2,5.13816526394755e-06,—
reload,2,5.13816526394755e-06,—
igg,2,5.13816526394755e-06,—
afforded,2,5.13816526394755e-06,—
teraction,2,5.13816526394755e-06,—
inspectable,2,5.13816526394755e-06,—
isp,2,5.13816526394755e-06,—
altered,2,5.13816526394755e-06,—
secretoddress,2,5.13816526394755e-06,—
supervision,2,5.13816526394755e-06,—
curating,2,5.13816526394755e-06,—
unaware,2,5.13816526394755e-06,—
aa,2,5.13816526394755e-06,—
augmenting,2,5.13816526394755e-06,—
distinctions,2,5.13816526394755e-06,—
capitalism,2,5.13816526394755e-06,—
personalities,2,5.13816526394755e-06,—
mediocrity,2,5.13816526394755e-06,—
futarchies,2,5.13816526394755e-06,—
gainst,2,5.13816526394755e-06,—
encius,2,5.13816526394755e-06,—
ewitt,2,5.13816526394755e-06,—
disagreements,2,5.13816526394755e-06,—
correllate,2,5.13816526394755e-06,—
son,2,5.13816526394755e-06,—
rebuttal,2,5.13816526394755e-06,—
bubbles,2,5.13816526394755e-06,—
sually,2,5.13816526394755e-06,—
diminishing,2,5.13816526394755e-06,—
bailouts,2,5.13816526394755e-06,—
differentials,2,5.13816526394755e-06,—
cru,2,5.13816526394755e-06,—
ranking,2,5.13816526394755e-06,—
rockstar,2,5.13816526394755e-06,—
personality,2,5.13816526394755e-06,—
nonprofits,2,5.13816526394755e-06,—
patents,2,5.13816526394755e-06,—
sore,2,5.13816526394755e-06,—
capita,2,5.13816526394755e-06,—
offsets,2,5.13816526394755e-06,—
egregious,2,5.13816526394755e-06,—
degrades,2,5.13816526394755e-06,—
mediate,2,5.13816526394755e-06,—
disbursements,2,5.13816526394755e-06,—
utopia,2,5.13816526394755e-06,—
govern,2,5.13816526394755e-06,—
inflationary,2,5.13816526394755e-06,—
inferior,2,5.13816526394755e-06,—
interoperating,2,5.13816526394755e-06,—
nesting,2,5.13816526394755e-06,—
initializing,2,5.13816526394755e-06,—
suicides,2,5.13816526394755e-06,—
inverted,2,5.13816526394755e-06,—
childre,2,5.13816526394755e-06,—
eponents,2,5.13816526394755e-06,—
unrolling,2,5.13816526394755e-06,—
prohibitive,2,5.13816526394755e-06,—
miscellaneous,2,5.13816526394755e-06,—
spawning,2,5.13816526394755e-06,—
clay,2,5.13816526394755e-06,—
reed,2,5.13816526394755e-06,—
revolutions,2,5.13816526394755e-06,—
ohnso,2,5.13816526394755e-06,—
fostered,2,5.13816526394755e-06,—
deepening,2,5.13816526394755e-06,—
microchip,2,5.13816526394755e-06,—
materialize,2,5.13816526394755e-06,—
storms,2,5.13816526394755e-06,—
keystroke,2,5.13816526394755e-06,—
ignited,2,5.13816526394755e-06,—
swarms,2,5.13816526394755e-06,—
encyclopedic,2,5.13816526394755e-06,—
construed,2,5.13816526394755e-06,—
sweat,2,5.13816526394755e-06,—
insist,2,5.13816526394755e-06,—
derives,2,5.13816526394755e-06,—
acknowledges,2,5.13816526394755e-06,—
homo,2,5.13816526394755e-06,—
loom,2,5.13816526394755e-06,—
irstly,2,5.13816526394755e-06,—
depicts,2,5.13816526394755e-06,—
uhn,2,5.13816526394755e-06,—
duck,2,5.13816526394755e-06,—
illusion,2,5.13816526394755e-06,—
dreamer,2,5.13816526394755e-06,—
reamer,2,5.13816526394755e-06,—
teaches,2,5.13816526394755e-06,—
reaming,2,5.13816526394755e-06,—
ife,2,5.13816526394755e-06,—
emphasized,2,5.13816526394755e-06,—
devoid,2,5.13816526394755e-06,—
shop,2,5.13816526394755e-06,—
deviating,2,5.13816526394755e-06,—
malice,2,5.13816526394755e-06,—
ltruistic,2,5.13816526394755e-06,—
rovably,2,5.13816526394755e-06,—
sided,2,5.13816526394755e-06,—
defeating,2,5.13816526394755e-06,—
walled,2,5.13816526394755e-06,—
ltruism,2,5.13816526394755e-06,—
aziness,2,5.13816526394755e-06,—
jail,2,5.13816526394755e-06,—
blatantly,2,5.13816526394755e-06,—
uiding,2,5.13816526394755e-06,—
seeding,2,5.13816526394755e-06,—
btcd,2,5.13816526394755e-06,—
eperimentally,2,5.13816526394755e-06,—
pronounce,2,5.13816526394755e-06,—
salience,2,5.13816526394755e-06,—
elying,2,5.13816526394755e-06,—
mediated,2,5.13816526394755e-06,—
mage,2,5.13816526394755e-06,—
packing,2,5.13816526394755e-06,—
alloc,2,5.13816526394755e-06,—
transmit,2,5.13816526394755e-06,—
icropayments,2,5.13816526394755e-06,—
ecrecover,2,5.13816526394755e-06,—
ariables,2,5.13816526394755e-06,—
ithdraw,2,5.13816526394755e-06,—
defeat,2,5.13816526394755e-06,—
pinging,2,5.13816526394755e-06,—
pings,2,5.13816526394755e-06,—
screwed,2,5.13816526394755e-06,—
lest,2,5.13816526394755e-06,—
ratify,2,5.13816526394755e-06,—
lockup,2,5.13816526394755e-06,—
coring,2,5.13816526394755e-06,—
rivalrous,2,5.13816526394755e-06,—
cavemen,2,5.13816526394755e-06,—
tenet,2,5.13816526394755e-06,—
multiplicatively,2,5.13816526394755e-06,—
dole,2,5.13816526394755e-06,—
entrusting,2,5.13816526394755e-06,—
fate,2,5.13816526394755e-06,—
delegating,2,5.13816526394755e-06,—
notifies,2,5.13816526394755e-06,—
igners,2,5.13816526394755e-06,—
unintentionally,2,5.13816526394755e-06,—
astute,2,5.13816526394755e-06,—
utting,2,5.13816526394755e-06,—
timestamper,2,5.13816526394755e-06,—
authoring,2,5.13816526394755e-06,—
loves,2,5.13816526394755e-06,—
prowess,2,5.13816526394755e-06,—
neth,2,5.13816526394755e-06,—
specialising,2,5.13816526394755e-06,—
nod,2,5.13816526394755e-06,—
goings,2,5.13816526394755e-06,—
orientated,2,5.13816526394755e-06,—
avsa,2,5.13816526394755e-06,—
oft,2,5.13816526394755e-06,—
inimitable,2,5.13816526394755e-06,—
outfitter,2,5.13816526394755e-06,—
interior,2,5.13816526394755e-06,—
chairs,2,5.13816526394755e-06,—
costing,2,5.13816526394755e-06,—
stations,2,5.13816526394755e-06,—
relaation,2,5.13816526394755e-06,—
wast,2,5.13816526394755e-06,—
bureaucracy,2,5.13816526394755e-06,—
lowly,2,5.13816526394755e-06,—
atiz,2,5.13816526394755e-06,—
fest,2,5.13816526394755e-06,—
ampus,2,5.13816526394755e-06,—
honour,2,5.13816526394755e-06,—
engagements,2,5.13816526394755e-06,—
scrum,2,5.13816526394755e-06,—
inroads,2,5.13816526394755e-06,—
bursaries,2,5.13816526394755e-06,—
sometime,2,5.13816526394755e-06,—
analysing,2,5.13816526394755e-06,—
attitude,2,5.13816526394755e-06,—
arnett,2,5.13816526394755e-06,—
pack,2,5.13816526394755e-06,—
fungibility,2,5.13816526394755e-06,—
forgery,2,5.13816526394755e-06,—
einventing,2,5.13816526394755e-06,—
credited,2,5.13816526394755e-06,—
esponses,2,5.13816526394755e-06,—
pretends,2,5.13816526394755e-06,—
imensional,2,5.13816526394755e-06,—
cept,2,5.13816526394755e-06,—
amming,2,5.13816526394755e-06,—
registers,2,5.13816526394755e-06,—
destinatio,2,5.13816526394755e-06,—
neighbors,2,5.13816526394755e-06,—
redone,2,5.13816526394755e-06,—
porting,2,5.13816526394755e-06,—
indi,2,5.13816526394755e-06,—
blockmakers,2,5.13816526394755e-06,—
nicest,2,5.13816526394755e-06,—
ermost,2,5.13816526394755e-06,—
bother,2,5.13816526394755e-06,—
continuations,2,5.13816526394755e-06,—
populate,2,5.13816526394755e-06,—
correction,2,5.13816526394755e-06,—
pproaches,2,5.13816526394755e-06,—
reinforces,2,5.13816526394755e-06,—
tropy,2,5.13816526394755e-06,—
uffman,2,5.13816526394755e-06,—
fo,2,5.13816526394755e-06,—
brute,2,5.13816526394755e-06,—
haystack,2,5.13816526394755e-06,—
believed,2,5.13816526394755e-06,—
loophole,2,5.13816526394755e-06,—
randrange,2,5.13816526394755e-06,—
spits,2,5.13816526394755e-06,—
occurrences,2,5.13816526394755e-06,—
asing,2,5.13816526394755e-06,—
collapse,2,5.13816526394755e-06,—
comic,2,5.13816526394755e-06,—
oyance,2,5.13816526394755e-06,—
zelactudet,2,5.13816526394755e-06,—
eeding,2,5.13816526394755e-06,—
unblind,2,5.13816526394755e-06,—
subsidized,2,5.13816526394755e-06,—
songs,2,5.13816526394755e-06,—
shave,2,5.13816526394755e-06,—
drafted,2,5.13816526394755e-06,—
arapetsas,2,5.13816526394755e-06,—
eture,2,5.13816526394755e-06,—
allam,2,5.13816526394755e-06,—
nospam,2,5.13816526394755e-06,—
colleague,2,5.13816526394755e-06,—
gifted,2,5.13816526394755e-06,—
yay,2,5.13816526394755e-06,—
thereof,2,5.13816526394755e-06,—
ackers,2,5.13816526394755e-06,—
websocket,2,5.13816526394755e-06,—
utney,2,5.13816526394755e-06,—
hardworking,2,5.13816526394755e-06,—
aggregatio,2,5.13816526394755e-06,—
odecademy,2,5.13816526394755e-06,—
partnering,2,5.13816526394755e-06,—
gamified,2,5.13816526394755e-06,—
fiture,2,5.13816526394755e-06,—
urban,2,5.13816526394755e-06,—
tevens,2,5.13816526394755e-06,—
subcurrencies,2,5.13816526394755e-06,—
upward,2,5.13816526394755e-06,—
easurement,2,5.13816526394755e-06,—
cryptoeconomically,2,5.13816526394755e-06,—
chellingcoi,2,5.13816526394755e-06,—
fearing,2,5.13816526394755e-06,—
unworkable,2,5.13816526394755e-06,—
aive,2,5.13816526394755e-06,—
equals,2,5.13816526394755e-06,—
depreciation,2,5.13816526394755e-06,—
ssuance,2,5.13816526394755e-06,—
estimations,2,5.13816526394755e-06,—
collateralized,2,5.13816526394755e-06,—
prophecy,2,5.13816526394755e-06,—
ithares,2,5.13816526394755e-06,—
manipulable,2,5.13816526394755e-06,—
absorbing,2,5.13816526394755e-06,—
seizure,2,5.13816526394755e-06,—
competitor,2,5.13816526394755e-06,—
hyperinflate,2,5.13816526394755e-06,—
susceptible,2,5.13816526394755e-06,—
onclusions,2,5.13816526394755e-06,—
ripe,2,5.13816526394755e-06,—
ayek,2,5.13816526394755e-06,—
lesson,2,5.13816526394755e-06,—
eeking,2,5.13816526394755e-06,—
angry,2,5.13816526394755e-06,—
pivot,2,5.13816526394755e-06,—
police,2,5.13816526394755e-06,—
transitive,2,5.13816526394755e-06,—
policing,2,5.13816526394755e-06,—
guard,2,5.13816526394755e-06,—
eakly,2,5.13816526394755e-06,—
assisted,2,5.13816526394755e-06,—
evenly,2,5.13816526394755e-06,—
subsidize,2,5.13816526394755e-06,—
warn,2,5.13816526394755e-06,—
ond,2,5.13816526394755e-06,—
unyielding,2,5.13816526394755e-06,—
glow,2,5.13816526394755e-06,—
eka,2,5.13816526394755e-06,—
ngland,2,5.13816526394755e-06,—
wesome,2,5.13816526394755e-06,—
hint,2,5.13816526394755e-06,—
echnicals,2,5.13816526394755e-06,—
revisions,2,5.13816526394755e-06,—
resh,2,5.13816526394755e-06,—
meat,2,5.13816526394755e-06,—
aronyan,2,5.13816526394755e-06,—
oscow,2,5.13816526394755e-06,—
flesh,2,5.13816526394755e-06,—
entzsch,2,5.13816526394755e-06,—
appreciated,2,5.13816526394755e-06,—
prominence,2,5.13816526394755e-06,—
unquestionably,2,5.13816526394755e-06,—
stance,2,5.13816526394755e-06,—
revolves,2,5.13816526394755e-06,—
speranto,2,5.13816526394755e-06,—
cognitively,2,5.13816526394755e-06,—
anadian,2,5.13816526394755e-06,—
francs,2,5.13816526394755e-06,—
inherits,2,5.13816526394755e-06,—
overcomes,2,5.13816526394755e-06,—
slippage,2,5.13816526394755e-06,—
interpersonal,2,5.13816526394755e-06,—
rguments,2,5.13816526394755e-06,—
eploitation,2,5.13816526394755e-06,—
tribes,2,5.13816526394755e-06,—
diffuse,2,5.13816526394755e-06,—
ladder,2,5.13816526394755e-06,—
optimum,2,5.13816526394755e-06,—
siphoning,2,5.13816526394755e-06,—
ronically,2,5.13816526394755e-06,—
incarnations,2,5.13816526394755e-06,—
atoshian,2,5.13816526394755e-06,—
cheated,2,5.13816526394755e-06,—
undeniable,2,5.13816526394755e-06,—
wners,2,5.13816526394755e-06,—
neo,2,5.13816526394755e-06,—
ossify,2,5.13816526394755e-06,—
unrealistic,2,5.13816526394755e-06,—
eak,2,5.13816526394755e-06,—
descendant,2,5.13816526394755e-06,—
avoids,2,5.13816526394755e-06,—
immune,2,5.13816526394755e-06,—
stones,2,5.13816526394755e-06,—
tribe,2,5.13816526394755e-06,—
bjectio,2,5.13816526394755e-06,—
mood,2,5.13816526394755e-06,—
humbling,2,5.13816526394755e-06,—
magnificent,2,5.13816526394755e-06,—
phenomenon,2,5.13816526394755e-06,—
gile,2,5.13816526394755e-06,—
intertwine,2,5.13816526394755e-06,—
uptake,2,5.13816526394755e-06,—
olem,2,5.13816526394755e-06,—
macs,2,5.13816526394755e-06,—
commenced,2,5.13816526394755e-06,—
definitive,2,5.13816526394755e-06,—
etheruem,2,5.13816526394755e-06,—
rearranged,2,5.13816526394755e-06,—
contrasted,2,5.13816526394755e-06,—
framing,2,5.13816526394755e-06,—
outing,2,5.13816526394755e-06,—
deterministically,2,5.13816526394755e-06,—
ypercubes,2,5.13816526394755e-06,—
verall,2,5.13816526394755e-06,—
graphic,2,5.13816526394755e-06,—
dislikes,2,5.13816526394755e-06,—
recruits,2,5.13816526394755e-06,—
hoklov,2,5.13816526394755e-06,—
ampshire,2,5.13816526394755e-06,—
deck,2,5.13816526394755e-06,—
conformant,2,5.13816526394755e-06,—
mothballed,2,5.13816526394755e-06,—
eaderboard,2,5.13816526394755e-06,—
erocash,2,5.13816526394755e-06,—
ermat,2,5.13816526394755e-06,—
attaches,2,5.13816526394755e-06,—
horrendously,2,5.13816526394755e-06,—
dearly,2,5.13816526394755e-06,—
edical,2,5.13816526394755e-06,—
diagnosis,2,5.13816526394755e-06,—
advertisers,2,5.13816526394755e-06,—
dating,2,5.13816526394755e-06,—
lemon,2,5.13816526394755e-06,—
bounce,2,5.13816526394755e-06,—
preferably,2,5.13816526394755e-06,—
coalesced,2,5.13816526394755e-06,—
hearts,2,5.13816526394755e-06,—
libertarianism,2,5.13816526394755e-06,—
agendas,2,5.13816526394755e-06,—
appealing,2,5.13816526394755e-06,—
fragment,2,5.13816526394755e-06,—
libertarian,2,5.13816526394755e-06,—
corporatio,2,5.13816526394755e-06,—
peculiar,2,5.13816526394755e-06,—
eternalities,2,5.13816526394755e-06,—
threatens,2,5.13816526394755e-06,—
commentators,2,5.13816526394755e-06,—
aelstrom,2,5.13816526394755e-06,—
paint,2,5.13816526394755e-06,—
transferrable,2,5.13816526394755e-06,—
separable,2,5.13816526394755e-06,—
rushed,2,5.13816526394755e-06,—
surpass,2,5.13816526394755e-06,—
baby,2,5.13816526394755e-06,—
tear,2,5.13816526394755e-06,—
reimplement,2,5.13816526394755e-06,—
rganisation,2,5.13816526394755e-06,—
ethereumproject,2,5.13816526394755e-06,—
south,2,5.13816526394755e-06,—
infoethereum,2,5.13816526394755e-06,—
indicated,2,5.13816526394755e-06,—
ntroductio,2,5.13816526394755e-06,—
tatistical,2,5.13816526394755e-06,—
facilitates,2,5.13816526394755e-06,—
utorials,2,5.13816526394755e-06,—
ðapp,2,5.13816526394755e-06,—
esigner,2,5.13816526394755e-06,—
recompiling,2,5.13816526394755e-06,—
eliability,2,5.13816526394755e-06,—
leaderboards,2,5.13816526394755e-06,—
reallocate,2,5.13816526394755e-06,—
widest,2,5.13816526394755e-06,—
amsung,2,5.13816526394755e-06,—
squaring,2,5.13816526394755e-06,—
spoofing,2,5.13816526394755e-06,—
rationales,2,5.13816526394755e-06,—
rightfully,2,5.13816526394755e-06,—
uperrationality,2,5.13816526394755e-06,—
cooperated,2,5.13816526394755e-06,—
lemons,2,5.13816526394755e-06,—
morally,2,5.13816526394755e-06,—
narrowly,2,5.13816526394755e-06,—
virtues,2,5.13816526394755e-06,—
synthesizing,2,5.13816526394755e-06,—
byproducts,2,5.13816526394755e-06,—
departments,2,5.13816526394755e-06,—
sweet,2,5.13816526394755e-06,—
hailed,2,5.13816526394755e-06,—
cryptoanarchism,2,5.13816526394755e-06,—
inflict,2,5.13816526394755e-06,—
punishments,2,5.13816526394755e-06,—
eclude,2,5.13816526394755e-06,—
comply,2,5.13816526394755e-06,—
salvage,2,5.13816526394755e-06,—
corrupting,2,5.13816526394755e-06,—
inversely,2,5.13816526394755e-06,—
contention,2,5.13816526394755e-06,—
payoffs,2,5.13816526394755e-06,—
eventuality,2,5.13816526394755e-06,—
opponents,2,5.13816526394755e-06,—
subjectively,2,5.13816526394755e-06,—
flipping,2,5.13816526394755e-06,—
flips,2,5.13816526394755e-06,—
unanimous,2,5.13816526394755e-06,—
omer,2,5.13816526394755e-06,—
impson,2,5.13816526394755e-06,—
raiser,2,5.13816526394755e-06,—
omit,2,5.13816526394755e-06,—
nasty,2,5.13816526394755e-06,—
outbid,2,5.13816526394755e-06,—
valueless,2,5.13816526394755e-06,—
disincentivize,2,5.13816526394755e-06,—
isomorphism,2,5.13816526394755e-06,—
enemy,2,5.13816526394755e-06,—
nwas,2,5.13816526394755e-06,—
darkness,2,5.13816526394755e-06,—
eedless,2,5.13816526394755e-06,—
indomitable,2,5.13816526394755e-06,—
soaked,2,5.13816526394755e-06,—
successors,2,5.13816526394755e-06,—
referencing,2,5.13816526394755e-06,—
pains,2,5.13816526394755e-06,—
ughes,2,5.13816526394755e-06,—
realises,2,5.13816526394755e-06,—
forgive,2,5.13816526394755e-06,—
winds,2,5.13816526394755e-06,—
clips,2,5.13816526394755e-06,—
bricks,2,5.13816526394755e-06,—
ecology,2,5.13816526394755e-06,—
terrain,2,5.13816526394755e-06,—
disposal,2,5.13816526394755e-06,—
erased,2,5.13816526394755e-06,—
unseen,2,5.13816526394755e-06,—
basket,2,5.13816526394755e-06,—
flagging,2,5.13816526394755e-06,—
brutal,2,5.13816526394755e-06,—
cartelization,2,5.13816526394755e-06,—
somebody,2,5.13816526394755e-06,—
onas,2,5.13816526394755e-06,—
gem,2,5.13816526394755e-06,—
thorny,2,5.13816526394755e-06,—
concert,2,5.13816526394755e-06,—
rollbacks,2,5.13816526394755e-06,—
crowdfunded,2,5.13816526394755e-06,—
ocs,2,5.13816526394755e-06,—
ilent,2,5.13816526394755e-06,—
waters,2,5.13816526394755e-06,—
grinding,2,5.13816526394755e-06,—
ssociatio,2,5.13816526394755e-06,—
interfacing,2,5.13816526394755e-06,—
converged,2,5.13816526394755e-06,—
decisio,2,5.13816526394755e-06,—
monumental,2,5.13816526394755e-06,—
rody,2,5.13816526394755e-06,—
alloween,2,5.13816526394755e-06,—
peaked,2,5.13816526394755e-06,—
uckerberg,2,5.13816526394755e-06,—
finals,2,5.13816526394755e-06,—
aura,2,5.13816526394755e-06,—
apparently,2,5.13816526394755e-06,—
acknowledgement,2,5.13816526394755e-06,—
enry,2,5.13816526394755e-06,—
disseminate,2,5.13816526394755e-06,—
trecht,2,5.13816526394755e-06,—
forged,2,5.13816526394755e-06,—
approached,2,5.13816526394755e-06,—
stumbled,2,5.13816526394755e-06,—
grades,2,5.13816526394755e-06,—
upvoting,2,5.13816526394755e-06,—
urel,2,5.13816526394755e-06,—
angouts,2,5.13816526394755e-06,—
patient,2,5.13816526394755e-06,—
rowdfunding,2,5.13816526394755e-06,—
breakathons,2,5.13816526394755e-06,—
remembered,2,5.13816526394755e-06,—
hunter,2,5.13816526394755e-06,—
thev,2,5.13816526394755e-06,—
imonsso,2,5.13816526394755e-06,—
partnered,2,5.13816526394755e-06,—
cartels,2,5.13816526394755e-06,—
achines,2,5.13816526394755e-06,—
flagged,2,5.13816526394755e-06,—
ranslating,2,5.13816526394755e-06,—
multitude,2,5.13816526394755e-06,—
partly,2,5.13816526394755e-06,—
ins,2,5.13816526394755e-06,—
onkey,2,5.13816526394755e-06,—
believer,2,5.13816526394755e-06,—
cemented,2,5.13816526394755e-06,—
coincided,2,5.13816526394755e-06,—
sink,2,5.13816526394755e-06,—
commission,2,5.13816526394755e-06,—
decentralising,2,5.13816526394755e-06,—
irn,2,5.13816526394755e-06,—
evident,2,5.13816526394755e-06,—
amateurs,2,5.13816526394755e-06,—
nteraction,2,5.13816526394755e-06,—
adaptable,2,5.13816526394755e-06,—
differentiators,2,5.13816526394755e-06,—
redux,2,5.13816526394755e-06,—
strata,2,5.13816526394755e-06,—
governs,2,5.13816526394755e-06,—
housekeeping,2,5.13816526394755e-06,—
transactors,2,5.13816526394755e-06,—
needlessly,2,5.13816526394755e-06,—
payable,2,5.13816526394755e-06,—
orry,2,5.13816526394755e-06,—
isherme,2,5.13816526394755e-06,—
iber,2,5.13816526394755e-06,—
maintenence,2,5.13816526394755e-06,—
overlapping,2,5.13816526394755e-06,—
energize,2,5.13816526394755e-06,—
periment,2,5.13816526394755e-06,—
eller,2,5.13816526394755e-06,—
icking,2,5.13816526394755e-06,—
ody,2,5.13816526394755e-06,—
chatroom,2,5.13816526394755e-06,—
aggregator,2,5.13816526394755e-06,—
geographical,2,5.13816526394755e-06,—
hacky,2,5.13816526394755e-06,—
ðξvgrants,2,5.13816526394755e-06,—
thoughtful,2,5.13816526394755e-06,—
threefold,2,5.13816526394755e-06,—
subsistence,2,5.13816526394755e-06,—
arties,2,5.13816526394755e-06,—
nick,2,5.13816526394755e-06,—
pproved,2,5.13816526394755e-06,—
evaluatio,2,5.13816526394755e-06,—
eamination,2,5.13816526394755e-06,—
licenses,2,5.13816526394755e-06,—
omments,2,5.13816526394755e-06,—
executive,2,5.13816526394755e-06,—
anthony,2,5.13816526394755e-06,—
iorio,2,5.13816526394755e-06,—
advantageous,2,5.13816526394755e-06,—
oversee,2,5.13816526394755e-06,—
kelleyethereum,2,5.13816526394755e-06,—
elley,2,5.13816526394755e-06,—
resemble,2,5.13816526394755e-06,—
insider,2,5.13816526394755e-06,—
joke,2,5.13816526394755e-06,—
subtly,2,5.13816526394755e-06,—
drug,2,5.13816526394755e-06,—
epressive,2,5.13816526394755e-06,—
threatened,2,5.13816526394755e-06,—
constitutional,2,5.13816526394755e-06,—
notifying,2,5.13816526394755e-06,—
intimately,2,5.13816526394755e-06,—
ranian,2,5.13816526394755e-06,—
omodo,2,5.13816526394755e-06,—
bogus,2,5.13816526394755e-06,—
revoked,2,5.13816526394755e-06,—
charities,2,5.13816526394755e-06,—
critics,2,5.13816526394755e-06,—
comfort,2,5.13816526394755e-06,—
worried,2,5.13816526394755e-06,—
secretly,2,5.13816526394755e-06,—
awry,2,5.13816526394755e-06,—
depositor,2,5.13816526394755e-06,—
intact,2,5.13816526394755e-06,—
demystify,2,5.13816526394755e-06,—
onfidence,2,5.13816526394755e-06,—
persons,2,5.13816526394755e-06,—
accordance,2,5.13816526394755e-06,—
trustability,2,5.13816526394755e-06,—
knife,2,5.13816526394755e-06,—
stab,2,5.13816526394755e-06,—
ruce,2,5.13816526394755e-06,—
sneaky,2,5.13816526394755e-06,—
ledgers,2,5.13816526394755e-06,—
henzhe,2,5.13816526394755e-06,—
caveat,2,5.13816526394755e-06,—
bilateral,2,5.13816526394755e-06,—
geeks,2,5.13816526394755e-06,—
fghanistan,2,5.13816526394755e-06,—
latitude,2,5.13816526394755e-06,—
brainer,2,5.13816526394755e-06,—
daemons,2,5.13816526394755e-06,—
discontinued,2,5.13816526394755e-06,—
blossom,2,5.13816526394755e-06,—
withheld,2,5.13816526394755e-06,—
uffice,2,5.13816526394755e-06,—
vsa,2,5.13816526394755e-06,—
starters,2,5.13816526394755e-06,—
olympic,2,5.13816526394755e-06,—
spamming,2,5.13816526394755e-06,—
sage,2,5.13816526394755e-06,—
rowess,2,5.13816526394755e-06,—
unishment,2,5.13816526394755e-06,—
lengthen,2,5.13816526394755e-06,—
inaries,2,5.13816526394755e-06,—
gitbooks,2,5.13816526394755e-06,—
leicographic,2,5.13816526394755e-06,—
sudoku,2,5.13816526394755e-06,—
outputting,2,5.13816526394755e-06,—
eπ,2,5.13816526394755e-06,—
schools,2,5.13816526394755e-06,—
hammer,2,5.13816526394755e-06,—
aucet,2,5.13816526394755e-06,—
patchwork,2,5.13816526394755e-06,—
genius,2,5.13816526394755e-06,—
reimagine,2,5.13816526394755e-06,—
contractual,2,5.13816526394755e-06,—
spurring,2,5.13816526394755e-06,—
similarities,2,5.13816526394755e-06,—
staples,2,5.13816526394755e-06,—
shortcomings,2,5.13816526394755e-06,—
machinery,2,5.13816526394755e-06,—
richness,2,5.13816526394755e-06,—
isibility,2,5.13816526394755e-06,—
ffordability,2,5.13816526394755e-06,—
primordial,2,5.13816526394755e-06,—
qualities,2,5.13816526394755e-06,—
termination,2,5.13816526394755e-06,—
multiplicity,2,5.13816526394755e-06,—
pad,2,5.13816526394755e-06,—
eys,2,5.13816526394755e-06,—
ostly,2,5.13816526394755e-06,—
aming,2,5.13816526394755e-06,—
rts,2,5.13816526394755e-06,—
archaic,2,5.13816526394755e-06,—
superiority,2,5.13816526394755e-06,—
color,2,5.13816526394755e-06,—
destined,2,5.13816526394755e-06,—
consultant,2,5.13816526394755e-06,—
pumping,2,5.13816526394755e-06,—
cementing,2,5.13816526394755e-06,—
hreat,2,5.13816526394755e-06,—
owing,2,5.13816526394755e-06,—
undertaken,2,5.13816526394755e-06,—
decompose,2,5.13816526394755e-06,—
pq,2,5.13816526394755e-06,—
formulation,2,5.13816526394755e-06,—
ti,2,5.13816526394755e-06,—
pane,2,5.13816526394755e-06,—
etstats,2,5.13816526394755e-06,—
diagnostic,2,5.13816526394755e-06,—
overridden,2,5.13816526394755e-06,—
sentinel,2,5.13816526394755e-06,—
standardisation,2,5.13816526394755e-06,—
ceased,2,5.13816526394755e-06,—
nhen,2,5.13816526394755e-06,—
omple,2,5.13816526394755e-06,—
educator,2,5.13816526394755e-06,—
infographics,2,5.13816526394755e-06,—
fographics,2,5.13816526394755e-06,—
logo,2,5.13816526394755e-06,—
adviser,2,5.13816526394755e-06,—
onsulting,2,5.13816526394755e-06,—
ashookup,2,5.13816526394755e-06,—
faciliate,2,5.13816526394755e-06,—
resetting,2,5.13816526394755e-06,—
combinatio,2,5.13816526394755e-06,—
reinstated,2,5.13816526394755e-06,—
ness,2,5.13816526394755e-06,—
overload,2,5.13816526394755e-06,—
capturing,2,5.13816526394755e-06,—
updateable,2,5.13816526394755e-06,—
ccessing,2,5.13816526394755e-06,—
ascendroot,2,5.13816526394755e-06,—
ecursively,2,5.13816526394755e-06,—
addchild,2,5.13816526394755e-06,—
learly,2,5.13816526394755e-06,—
senditheceipt,2,5.13816526394755e-06,—
getasteceipt,2,5.13816526394755e-06,—
thenians,2,5.13816526394755e-06,—
dock,2,5.13816526394755e-06,—
captain,2,5.13816526394755e-06,—
obligation,2,5.13816526394755e-06,—
nifty,2,5.13816526394755e-06,—
pathological,2,5.13816526394755e-06,—
forcible,2,5.13816526394755e-06,—
allocatio,2,5.13816526394755e-06,—
circumvent,2,5.13816526394755e-06,—
pondering,2,5.13816526394755e-06,—
scoped,2,5.13816526394755e-06,—
succinctly,2,5.13816526394755e-06,—
ikewise,2,5.13816526394755e-06,—
fighting,2,5.13816526394755e-06,—
learnt,2,5.13816526394755e-06,—
counterparts,2,5.13816526394755e-06,—
gotchas,2,5.13816526394755e-06,—
hitr,2,5.13816526394755e-06,—
ino,2,5.13816526394755e-06,—
avery,2,5.13816526394755e-06,—
gitbook,2,5.13816526394755e-06,—
equence,2,5.13816526394755e-06,—
installing,2,5.13816526394755e-06,—
etradata,2,5.13816526394755e-06,—
settle,2,5.13816526394755e-06,—
installations,2,5.13816526394755e-06,—
edits,2,5.13816526394755e-06,—
meteor,2,5.13816526394755e-06,—
marathon,2,5.13816526394755e-06,—
undergoes,2,5.13816526394755e-06,—
adim,2,5.13816526394755e-06,—
arrett,2,5.13816526394755e-06,—
assachusetts,2,5.13816526394755e-06,—
ciences,2,5.13816526394755e-06,—
poverty,2,5.13816526394755e-06,—
aribbean,2,5.13816526394755e-06,—
consulted,2,5.13816526394755e-06,—
pressethereum,2,5.13816526394755e-06,—
adaptation,2,5.13816526394755e-06,—
forfeited,2,5.13816526394755e-06,—
renew,2,5.13816526394755e-06,—
converging,2,5.13816526394755e-06,—
summing,2,5.13816526394755e-06,—
partitions,2,5.13816526394755e-06,—
colluded,2,5.13816526394755e-06,—
efault,2,5.13816526394755e-06,—
hancements,2,5.13816526394755e-06,—
affectionately,2,5.13816526394755e-06,—
namereg,2,5.13816526394755e-06,—
desperate,2,5.13816526394755e-06,—
committing,2,5.13816526394755e-06,—
routes,2,5.13816526394755e-06,—
oldbergian,2,5.13816526394755e-06,—
eceeding,2,5.13816526394755e-06,—
discourages,2,5.13816526394755e-06,—
contingency,2,5.13816526394755e-06,—
cheques,2,5.13816526394755e-06,—
alters,2,5.13816526394755e-06,—
scrambled,2,5.13816526394755e-06,—
baceeededbfbacc,2,5.13816526394755e-06,—
beeefbdcfe,2,5.13816526394755e-06,—
facbfecaffabab,2,5.13816526394755e-06,—
asap,2,5.13816526394755e-06,—
anually,2,5.13816526394755e-06,—
honesty,2,5.13816526394755e-06,—
rock,2,5.13816526394755e-06,—
scissors,2,5.13816526394755e-06,—
betrayed,2,5.13816526394755e-06,—
subjected,2,5.13816526394755e-06,—
precludes,2,5.13816526394755e-06,—
rpcaddr,2,5.13816526394755e-06,—
postponing,2,5.13816526394755e-06,—
byzantine,2,5.13816526394755e-06,—
happily,2,5.13816526394755e-06,—
portio,2,5.13816526394755e-06,—
microblock,2,5.13816526394755e-06,—
clicking,2,5.13816526394755e-06,—
networkdid,2,5.13816526394755e-06,—
reimport,2,5.13816526394755e-06,—
eleting,2,5.13816526394755e-06,—
footsteps,2,5.13816526394755e-06,—
keynotes,2,5.13816526394755e-06,—
scatter,2,5.13816526394755e-06,—
skewed,2,5.13816526394755e-06,—
outlier,2,5.13816526394755e-06,—
professionalism,2,5.13816526394755e-06,—
pooled,2,5.13816526394755e-06,—
spreading,2,5.13816526394755e-06,—
deciles,2,5.13816526394755e-06,—
frustration,2,5.13816526394755e-06,—
tireless,2,5.13816526394755e-06,—
href,2,5.13816526394755e-06,—
ethereums,2,5.13816526394755e-06,—
unpla,2,5.13816526394755e-06,—
finances,2,5.13816526394755e-06,—
sports,2,5.13816526394755e-06,—
mbark,2,5.13816526394755e-06,—
dreas,2,5.13816526394755e-06,—
lus,2,5.13816526394755e-06,—
ackathons,2,5.13816526394755e-06,—
ossibly,2,5.13816526394755e-06,—
evangelism,2,5.13816526394755e-06,—
ighly,2,5.13816526394755e-06,—
igher,2,5.13816526394755e-06,—
affairs,2,5.13816526394755e-06,—
upnp,2,5.13816526394755e-06,—
oncurrent,2,5.13816526394755e-06,—
efactoring,2,5.13816526394755e-06,—
finity,2,5.13816526394755e-06,—
escalating,2,5.13816526394755e-06,—
officials,2,5.13816526394755e-06,—
ucius,2,5.13816526394755e-06,—
pocket,2,5.13816526394755e-06,—
microsoft,2,5.13816526394755e-06,—
yethapp,2,5.13816526394755e-06,—
accomodate,2,5.13816526394755e-06,—
evade,2,5.13816526394755e-06,—
revocation,2,5.13816526394755e-06,—
wonders,2,5.13816526394755e-06,—
consonants,2,5.13816526394755e-06,—
vowels,2,5.13816526394755e-06,—
orced,2,5.13816526394755e-06,—
stocks,2,5.13816526394755e-06,—
nerkle,2,5.13816526394755e-06,—
eceipts,2,5.13816526394755e-06,—
emitted,2,5.13816526394755e-06,—
recomputing,2,5.13816526394755e-06,—
manipulating,2,5.13816526394755e-06,—
elusive,2,5.13816526394755e-06,—
ifying,2,5.13816526394755e-06,—
underappreciated,2,5.13816526394755e-06,—
egative,2,5.13816526394755e-06,—
bypass,2,5.13816526394755e-06,—
asymmetry,2,5.13816526394755e-06,—
pam,2,5.13816526394755e-06,—
intrusion,2,5.13816526394755e-06,—
vocal,2,5.13816526394755e-06,—
upvotes,2,5.13816526394755e-06,—
prominently,2,5.13816526394755e-06,—
viewers,2,5.13816526394755e-06,—
elicit,2,5.13816526394755e-06,—
morden,2,5.13816526394755e-06,—
redirected,2,5.13816526394755e-06,—
emocratic,2,5.13816526394755e-06,—
rganizatio,2,5.13816526394755e-06,—
ethermount,2,5.13816526394755e-06,—
eave,2,5.13816526394755e-06,—
terminated,2,5.13816526394755e-06,—
minting,2,5.13816526394755e-06,—
oined,2,5.13816526394755e-06,—
incremented,2,5.13816526394755e-06,—
teecgas,2,5.13816526394755e-06,—
mload,2,5.13816526394755e-06,—
storageminusone,2,5.13816526394755e-06,—
msize,2,5.13816526394755e-06,—
scared,2,5.13816526394755e-06,—
stateroots,2,5.13816526394755e-06,—
heightened,2,5.13816526394755e-06,—
synchrony,2,5.13816526394755e-06,—
neck,2,5.13816526394755e-06,—
transmitted,2,5.13816526394755e-06,—
opinio,2,5.13816526394755e-06,—
ithdrawing,2,5.13816526394755e-06,—
joi,2,5.13816526394755e-06,—
creasing,2,5.13816526394755e-06,—
earnest,2,5.13816526394755e-06,—
underfunded,2,5.13816526394755e-06,—
salaries,2,5.13816526394755e-06,—
wendell,2,5.13816526394755e-06,—
droid,2,5.13816526394755e-06,—
etensio,2,5.13816526394755e-06,—
reates,2,5.13816526394755e-06,—
loyd,2,5.13816526394755e-06,—
sadness,2,5.13816526394755e-06,—
gamut,2,5.13816526394755e-06,—
amazement,2,5.13816526394755e-06,—
endings,2,5.13816526394755e-06,—
oodbye,2,5.13816526394755e-06,—
fish,2,5.13816526394755e-06,—
coworkers,2,5.13816526394755e-06,—
distinguishing,2,5.13816526394755e-06,—
passports,2,5.13816526394755e-06,—
conflicting,2,5.13816526394755e-06,—
ocuments,2,5.13816526394755e-06,—
alter,2,5.13816526394755e-06,—
becze,2,5.13816526394755e-06,—
ierarchical,2,5.13816526394755e-06,—
implied,2,5.13816526394755e-06,—
entrance,2,5.13816526394755e-06,—
pinkmbient,2,5.13816526394755e-06,—
opyoot,2,5.13816526394755e-06,—
amespace,2,5.13816526394755e-06,—
border,2,5.13816526394755e-06,—
bluembient,2,5.13816526394755e-06,—
oolean,2,5.13816526394755e-06,—
ersonal,2,5.13816526394755e-06,—
herself,2,5.13816526394755e-06,—
disallows,2,5.13816526394755e-06,—
getoot,2,5.13816526394755e-06,—
pledged,2,5.13816526394755e-06,—
ractal,2,5.13816526394755e-06,—
forwarded,2,5.13816526394755e-06,—
counterfeit,2,5.13816526394755e-06,—
subdivided,2,5.13816526394755e-06,—
lorida,2,5.13816526394755e-06,—
sizeable,2,5.13816526394755e-06,—
blossomed,2,5.13816526394755e-06,—
bible,2,5.13816526394755e-06,—
ided,2,5.13816526394755e-06,—
flowing,2,5.13816526394755e-06,—
marched,2,5.13816526394755e-06,—
mortgages,2,5.13816526394755e-06,—
bleeding,2,5.13816526394755e-06,—
vigorously,2,5.13816526394755e-06,—
evrants,2,5.13816526394755e-06,—
bed,2,5.13816526394755e-06,—
deferring,2,5.13816526394755e-06,—
testament,2,5.13816526394755e-06,—
undertook,2,5.13816526394755e-06,—
demanding,2,5.13816526394755e-06,—
proliferation,2,5.13816526394755e-06,—
hero,2,5.13816526394755e-06,—
invisible,2,5.13816526394755e-06,—
nodejs,2,5.13816526394755e-06,—
retarget,2,5.13816526394755e-06,—
leveraged,2,5.13816526394755e-06,—
cells,2,5.13816526394755e-06,—
omework,2,5.13816526394755e-06,—
nondeterministic,2,5.13816526394755e-06,—
dis,2,5.13816526394755e-06,—
locality,2,5.13816526394755e-06,—
booted,2,5.13816526394755e-06,—
scratched,2,5.13816526394755e-06,—
ardfork,2,5.13816526394755e-06,—
induction,2,5.13816526394755e-06,—
inducted,2,5.13816526394755e-06,—
loving,2,5.13816526394755e-06,—
offensive,2,5.13816526394755e-06,—
unicorns,2,5.13816526394755e-06,—
sightseeing,2,5.13816526394755e-06,—
tours,2,5.13816526394755e-06,—
visitor,2,5.13816526394755e-06,—
iscussions,2,5.13816526394755e-06,—
usikyan,2,5.13816526394755e-06,—
ummerwill,2,5.13816526394755e-06,—
editors,2,5.13816526394755e-06,—
settling,2,5.13816526394755e-06,—
angladesh,2,5.13816526394755e-06,—
strengthened,2,5.13816526394755e-06,—
fines,2,5.13816526394755e-06,—
disincentivizing,2,5.13816526394755e-06,—
unsuitable,2,5.13816526394755e-06,—
estart,2,5.13816526394755e-06,—
jit,2,5.13816526394755e-06,—
ounter,2,5.13816526394755e-06,—
encounters,2,5.13816526394755e-06,—
silently,2,5.13816526394755e-06,—
oops,2,5.13816526394755e-06,—
voteeight,2,5.13816526394755e-06,—
requiredeight,2,5.13816526394755e-06,—
tallyotes,2,5.13816526394755e-06,—
eceiving,2,5.13816526394755e-06,—
ponsor,2,5.13816526394755e-06,—
hief,2,5.13816526394755e-06,—
reversed,2,5.13816526394755e-06,—
thefts,2,5.13816526394755e-06,—
ireonzi,2,5.13816526394755e-06,—
whitehats,2,5.13816526394755e-06,—
cheatable,2,5.13816526394755e-06,—
killing,2,5.13816526394755e-06,—
wake,2,5.13816526394755e-06,—
eemption,2,5.13816526394755e-06,—
heavier,2,5.13816526394755e-06,—
actio,2,5.13816526394755e-06,—
ubuntu,2,5.13816526394755e-06,—
ppa,2,5.13816526394755e-06,—
crunching,2,5.13816526394755e-06,—
pplicatio,2,5.13816526394755e-06,—
structions,2,5.13816526394755e-06,—
rint,2,5.13816526394755e-06,—
raineorshine,2,5.13816526394755e-06,—
ontrol,2,5.13816526394755e-06,—
disassembler,2,5.13816526394755e-06,—
ethereumfoundation,2,5.13816526394755e-06,—
happenings,2,5.13816526394755e-06,—
goodies,2,5.13816526394755e-06,—
resolvers,2,5.13816526394755e-06,—
poised,2,5.13816526394755e-06,—
aide,2,5.13816526394755e-06,—
nowing,2,5.13816526394755e-06,—
rap,2,5.13816526394755e-06,—
pillar,2,5.13816526394755e-06,—
breach,2,5.13816526394755e-06,—
unencrypted,2,5.13816526394755e-06,—
vanilla,2,5.13816526394755e-06,—
loadontract,2,5.13816526394755e-06,—
ethervoteontract,2,5.13816526394755e-06,—
pots,2,5.13816526394755e-06,—
inheritance,2,5.13816526394755e-06,—
requestccount,2,5.13816526394755e-06,—
addventistener,2,5.13816526394755e-06,—
dialog,2,5.13816526394755e-06,—
toowerase,2,5.13816526394755e-06,—
logotes,2,5.13816526394755e-06,—
fromei,2,5.13816526394755e-06,—
ally,2,5.13816526394755e-06,—
totalotes,2,5.13816526394755e-06,—
parseloat,2,5.13816526394755e-06,—
foo,2,5.13816526394755e-06,—
occupy,2,5.13816526394755e-06,—
threaded,2,5.13816526394755e-06,—
downvote,2,5.13816526394755e-06,—
ethersca,2,5.13816526394755e-06,—
curator,2,5.13816526394755e-06,—
carbonvote,2,5.13816526394755e-06,—
borrowed,2,5.13816526394755e-06,—
concurrent,2,5.13816526394755e-06,—
epandable,2,5.13816526394755e-06,—
validations,2,5.13816526394755e-06,—
adherence,2,5.13816526394755e-06,—
opposing,2,5.13816526394755e-06,—
forkers,2,5.13816526394755e-06,—
spoof,2,5.13816526394755e-06,—
clea,2,5.13816526394755e-06,—
onward,2,5.13816526394755e-06,—
splitter,2,5.13816526394755e-06,—
bsolute,2,5.13816526394755e-06,—
joules,2,5.13816526394755e-06,—
gigahash,2,5.13816526394755e-06,—
watt,2,5.13816526394755e-06,—
constraining,2,5.13816526394755e-06,—
deadweight,2,5.13816526394755e-06,—
uniformly,2,5.13816526394755e-06,—
neighborhood,2,5.13816526394755e-06,—
heoretic,2,5.13816526394755e-06,—
evasion,2,5.13816526394755e-06,—
logics,2,5.13816526394755e-06,—
necurity,2,5.13816526394755e-06,—
targetgaslimit,2,5.13816526394755e-06,—
sustained,2,5.13816526394755e-06,—
bountyethereum,2,5.13816526394755e-06,—
ecluding,2,5.13816526394755e-06,—
impedance,2,5.13816526394755e-06,—
propagating,2,5.13816526394755e-06,—
indirect,2,5.13816526394755e-06,—
rebalance,2,5.13816526394755e-06,—
pricings,2,5.13816526394755e-06,—
enums,2,5.13816526394755e-06,—
catageek,2,5.13816526394755e-06,—
unprivileged,2,5.13816526394755e-06,—
verwriting,2,5.13816526394755e-06,—
entailed,2,5.13816526394755e-06,—
ebockets,2,5.13816526394755e-06,—
bj,2,5.13816526394755e-06,—
polishes,2,5.13816526394755e-06,—
needle,2,5.13816526394755e-06,—
beasts,2,5.13816526394755e-06,—
denying,2,5.13816526394755e-06,—
lightpeers,2,5.13816526394755e-06,—
godep,2,5.13816526394755e-06,—
drawbacks,2,5.13816526394755e-06,—
toolchain,2,5.13816526394755e-06,développement
depended,2,5.13816526394755e-06,—
deliverable,2,5.13816526394755e-06,—
ravis,2,5.13816526394755e-06,—
tackchange,2,5.13816526394755e-06,—
erforming,2,5.13816526394755e-06,—
recompiled,2,5.13816526394755e-06,—
imperfections,2,5.13816526394755e-06,—
deviates,2,5.13816526394755e-06,—
bounding,2,5.13816526394755e-06,—
equivocate,2,5.13816526394755e-06,—
waving,2,5.13816526394755e-06,—
learns,2,5.13816526394755e-06,—
teractive,2,5.13816526394755e-06,—
rovers,2,5.13816526394755e-06,—
polynomially,2,5.13816526394755e-06,—
transforms,2,5.13816526394755e-06,—
injective,2,5.13816526394755e-06,—
uniform,2,5.13816526394755e-06,—
valuate,2,5.13816526394755e-06,—
eriously,2,5.13816526394755e-06,—
multiplies,2,5.13816526394755e-06,—
drawback,2,5.13816526394755e-06,—
underground,2,5.13816526394755e-06,—
bankers,2,5.13816526394755e-06,—
listened,2,5.13816526394755e-06,—
uchman,2,5.13816526394755e-06,—
eplacing,2,5.13816526394755e-06,—
stimulating,2,5.13816526394755e-06,—
enguin,2,5.13816526394755e-06,—
respectfully,2,5.13816526394755e-06,—
illiamson,2,5.13816526394755e-06,—
spokesperson,2,5.13816526394755e-06,—
ttacker,2,5.13816526394755e-06,—
aki,2,5.13816526394755e-06,—
pile,2,5.13816526394755e-06,—
ebate,2,5.13816526394755e-06,—
adversary,2,5.13816526394755e-06,—
epired,2,5.13816526394755e-06,—
circumvents,2,5.13816526394755e-06,—
hammered,2,5.13816526394755e-06,—
viktor,2,5.13816526394755e-06,—
refactored,2,5.13816526394755e-06,—
daemo,2,5.13816526394755e-06,—
favourite,2,5.13816526394755e-06,—
testchain,2,5.13816526394755e-06,—
useability,2,5.13816526394755e-06,—
dialogue,2,5.13816526394755e-06,—
aspires,2,5.13816526394755e-06,—
sitemaps,2,5.13816526394755e-06,—
directories,2,5.13816526394755e-06,—
mango,2,5.13816526394755e-06,—
rofile,2,5.13816526394755e-06,—
salted,2,5.13816526394755e-06,—
necember,2,5.13816526394755e-06,—
ron,2,5.13816526394755e-06,—
trickier,2,5.13816526394755e-06,—
atency,2,5.13816526394755e-06,—
earching,2,5.13816526394755e-06,—
accessor,2,5.13816526394755e-06,—
abizon,2,5.13816526394755e-06,—
lchemy,2,5.13816526394755e-06,—
snark,2,5.13816526394755e-06,—
cmake,2,5.13816526394755e-06,—
soltest,2,5.13816526394755e-06,—
eciding,2,5.13816526394755e-06,—
ecall,2,5.13816526394755e-06,—
hinders,2,5.13816526394755e-06,—
blame,2,5.13816526394755e-06,—
parametrizing,2,5.13816526394755e-06,—
resolver,2,5.13816526394755e-06,—
viper,2,5.13816526394755e-06,—
inlay,2,5.13816526394755e-06,—
umavis,2,5.13816526394755e-06,—
asey,2,5.13816526394755e-06,—
charting,2,5.13816526394755e-06,—
eperimentatio,2,5.13816526394755e-06,—
atri,2,5.13816526394755e-06,—
webrtc,2,5.13816526394755e-06,—
dragons,2,5.13816526394755e-06,—
thjs,2,5.13816526394755e-06,—
bn,2,5.13816526394755e-06,—
erged,2,5.13816526394755e-06,—
asier,2,5.13816526394755e-06,—
yongyang,2,5.13816526394755e-06,—
err,2,5.13816526394755e-06,—
onald,2,5.13816526394755e-06,—
loersch,2,5.13816526394755e-06,—
karlfloersch,2,5.13816526394755e-06,—
commissioned,2,5.13816526394755e-06,—
coq,2,5.13816526394755e-06,—
eetings,2,5.13816526394755e-06,—
invocation,2,5.13816526394755e-06,—
reimplemented,2,5.13816526394755e-06,—
spammed,2,5.13816526394755e-06,—
unusable,2,5.13816526394755e-06,—
withi,2,5.13816526394755e-06,—
plugable,2,5.13816526394755e-06,—
blacklists,2,5.13816526394755e-06,—
undocumented,2,5.13816526394755e-06,—
wear,2,5.13816526394755e-06,—
aids,2,5.13816526394755e-06,—
foreseeable,2,5.13816526394755e-06,—
shaving,2,5.13816526394755e-06,—
confused,2,5.13816526394755e-06,—
fffffffffffffffffffffffffffffffffffffffffffffffe,2,5.13816526394755e-06,—
recreate,2,5.13816526394755e-06,—
absence,2,5.13816526394755e-06,—
dentified,2,5.13816526394755e-06,—
olishing,2,5.13816526394755e-06,—
configurable,2,5.13816526394755e-06,—
tabs,2,5.13816526394755e-06,—
webjs,2,5.13816526394755e-06,—
ule,2,5.13816526394755e-06,—
consensys,2,5.13816526394755e-06,—
perations,2,5.13816526394755e-06,—
walkthrough,2,5.13816526394755e-06,—
tro,2,5.13816526394755e-06,—
emid,2,5.13816526394755e-06,—
ebugger,2,5.13816526394755e-06,—
debugged,2,5.13816526394755e-06,—
unmaintained,2,5.13816526394755e-06,—
otation,2,5.13816526394755e-06,—
ecdsa,2,5.13816526394755e-06,—
perfection,2,5.13816526394755e-06,—
peculiarities,2,5.13816526394755e-06,—
whispered,2,5.13816526394755e-06,—
objecting,2,5.13816526394755e-06,—
objections,2,5.13816526394755e-06,—
objectionable,2,5.13816526394755e-06,—
erode,2,5.13816526394755e-06,—
affiliations,2,5.13816526394755e-06,—
defend,2,5.13816526394755e-06,—
tradition,2,5.13816526394755e-06,—
reorganized,2,5.13816526394755e-06,—
restarts,2,5.13816526394755e-06,—
eworking,2,5.13816526394755e-06,—
enerational,2,5.13816526394755e-06,—
erging,2,5.13816526394755e-06,—
unter,2,5.13816526394755e-06,—
ethersphere,2,5.13816526394755e-06,—
certai,2,5.13816526394755e-06,—
uno,2,5.13816526394755e-06,—
opam,2,5.13816526394755e-06,—
elaying,2,5.13816526394755e-06,—
reventing,2,5.13816526394755e-06,—
prep,2,5.13816526394755e-06,—
fura,2,5.13816526394755e-06,—
redesig,2,5.13816526394755e-06,—
compressio,2,5.13816526394755e-06,—
variation,2,5.13816526394755e-06,—
typos,2,5.13816526394755e-06,—
graceful,2,5.13816526394755e-06,—
subroutines,2,5.13816526394755e-06,—
eleased,2,5.13816526394755e-06,—
edu,2,5.13816526394755e-06,—
pyramid,2,5.13816526394755e-06,—
byzantium,2,5.13816526394755e-06,—
contracted,2,5.13816526394755e-06,—
onsite,2,5.13816526394755e-06,—
footage,2,5.13816526394755e-06,—
render,2,5.13816526394755e-06,—
enjoying,2,5.13816526394755e-06,—
emcee,2,5.13816526394755e-06,—
feet,2,5.13816526394755e-06,—
visas,2,5.13816526394755e-06,—
planes,2,5.13816526394755e-06,—
beaches,2,5.13816526394755e-06,—
neighboring,2,5.13816526394755e-06,—
ession,2,5.13816526394755e-06,—
fraga,2,5.13816526394755e-06,—
paves,2,5.13816526394755e-06,—
lectro,2,5.13816526394755e-06,—
rave,2,5.13816526394755e-06,—
reproducing,2,5.13816526394755e-06,—
argets,2,5.13816526394755e-06,—
stimated,2,5.13816526394755e-06,—
rising,2,5.13816526394755e-06,—
colleagues,2,5.13816526394755e-06,—
irect,2,5.13816526394755e-06,—
keyfile,2,5.13816526394755e-06,—
utomatic,2,5.13816526394755e-06,—
libs,2,5.13816526394755e-06,—
ommunicating,2,5.13816526394755e-06,—
uidelines,2,5.13816526394755e-06,—
hods,2,5.13816526394755e-06,—
adaptations,2,5.13816526394755e-06,—
adapters,2,5.13816526394755e-06,—
olk,2,5.13816526394755e-06,—
ivepeer,2,5.13816526394755e-06,—
verseeing,2,5.13816526394755e-06,—
anaging,2,5.13816526394755e-06,—
commence,2,5.13816526394755e-06,—
synchronizatio,2,5.13816526394755e-06,—
pleasant,2,5.13816526394755e-06,—
breakage,2,5.13816526394755e-06,—
capped,2,5.13816526394755e-06,—
ustom,2,5.13816526394755e-06,—
revamps,2,5.13816526394755e-06,—
cores,2,5.13816526394755e-06,—
regenerated,2,5.13816526394755e-06,—
fff,2,5.13816526394755e-06,—
bdbdeeabbd,2,5.13816526394755e-06,—
debba,2,5.13816526394755e-06,—
bedcfffddadebafbefbeb,2,5.13816526394755e-06,—
syncmode,2,5.13816526394755e-06,—
translatio,2,5.13816526394755e-06,—
broaden,2,5.13816526394755e-06,—
sefulness,2,5.13816526394755e-06,—
linters,2,5.13816526394755e-06,—
hackternship,2,5.13816526394755e-06,—
aj,2,5.13816526394755e-06,—
mproves,2,5.13816526394755e-06,—
uilds,2,5.13816526394755e-06,—
lternate,2,5.13816526394755e-06,—
harmony,2,5.13816526394755e-06,—
qualifying,2,5.13816526394755e-06,—
provinces,2,5.13816526394755e-06,—
nhank,2,5.13816526394755e-06,—
corry,2,5.13816526394755e-06,—
uma,2,5.13816526394755e-06,—
pa,2,5.13816526394755e-06,—
czech,2,5.13816526394755e-06,—
redesigning,2,5.13816526394755e-06,—
accustomed,2,5.13816526394755e-06,—
allies,2,5.13816526394755e-06,—
quickest,2,5.13816526394755e-06,—
respecting,2,5.13816526394755e-06,—
llocatio,2,5.13816526394755e-06,—
spacing,2,5.13816526394755e-06,—
delaying,2,5.13816526394755e-06,—
nclusio,2,5.13816526394755e-06,—
nour,2,5.13816526394755e-06,—
staring,2,5.13816526394755e-06,—
silence,2,5.13816526394755e-06,—
delightful,2,5.13816526394755e-06,—
napshot,2,5.13816526394755e-06,—
niversal,2,5.13816526394755e-06,—
evrant,2,5.13816526394755e-06,—
orruption,2,5.13816526394755e-06,—
decodes,2,5.13816526394755e-06,—
ustodial,2,5.13816526394755e-06,—
rototypal,2,5.13816526394755e-06,—
rown,2,5.13816526394755e-06,—
ulcanize,2,5.13816526394755e-06,—
ricmoo,2,5.13816526394755e-06,—
auri,2,5.13816526394755e-06,—
ergy,2,5.13816526394755e-06,—
aradigm,2,5.13816526394755e-06,—
avenue,2,5.13816526394755e-06,—
iveth,2,5.13816526394755e-06,—
elonport,2,5.13816526394755e-06,—
ultichain,2,5.13816526394755e-06,—
sset,2,5.13816526394755e-06,—
hing,2,5.13816526394755e-06,—
stamp,2,5.13816526394755e-06,—
hotos,2,5.13816526394755e-06,—
imbalance,2,5.13816526394755e-06,—
congratulating,2,5.13816526394755e-06,—
amberdata,2,5.13816526394755e-06,—
antheon,2,5.13816526394755e-06,—
itwise,2,5.13816526394755e-06,—
hift,2,5.13816526394755e-06,—
ehaves,2,5.13816526394755e-06,—
identically,2,5.13816526394755e-06,—
counterfactual,2,5.13816526394755e-06,—
usages,2,5.13816526394755e-06,—
djustment,2,5.13816526394755e-06,—
cartercarlson,2,5.13816526394755e-06,—
postponement,2,5.13816526394755e-06,—
owngrade,2,5.13816526394755e-06,—
discloses,2,5.13816526394755e-06,—
ecision,2,5.13816526394755e-06,—
gnis,2,5.13816526394755e-06,—
iable,2,5.13816526394755e-06,—
seniors,2,5.13816526394755e-06,—
hadowlands,2,5.13816526394755e-06,—
fuzzed,2,5.13816526394755e-06,—
malfunction,2,5.13816526394755e-06,—
enum,2,5.13816526394755e-06,—
llocator,2,5.13816526394755e-06,—
subtractio,2,5.13816526394755e-06,—
informs,2,5.13816526394755e-06,—
ollaboratio,2,5.13816526394755e-06,—
llocating,2,5.13816526394755e-06,—
insulated,2,5.13816526394755e-06,—
wareness,2,5.13816526394755e-06,—
communicatio,2,5.13816526394755e-06,—
cherry,2,5.13816526394755e-06,—
indoor,2,5.13816526394755e-06,—
nautically,2,5.13816526394755e-06,—
rogo,2,5.13816526394755e-06,—
ootnodes,2,5.13816526394755e-06,—
mock,2,5.13816526394755e-06,—
etrospective,2,5.13816526394755e-06,—
ahmoodi,2,5.13816526394755e-06,—
modularization,2,5.13816526394755e-06,—
headecimal,2,5.13816526394755e-06,—
bls,2,5.13816526394755e-06,—
chisel,2,5.13816526394755e-06,—
ecutio,2,5.13816526394755e-06,—
teasers,2,5.13816526394755e-06,—
revolve,2,5.13816526394755e-06,—
embeddable,2,5.13816526394755e-06,—
eside,2,5.13816526394755e-06,—
balancer,2,5.13816526394755e-06,—
trategies,2,5.13816526394755e-06,—
ryptohicks,2,5.13816526394755e-06,—
lapp,2,5.13816526394755e-06,—
libfuzzer,2,5.13816526394755e-06,—
etesteth,2,5.13816526394755e-06,—
restored,2,5.13816526394755e-06,—
syntactic,2,5.13816526394755e-06,—
yul,2,5.13816526394755e-06,—
eeds,2,5.13816526394755e-06,—
gethaind,2,5.13816526394755e-06,—
zkrollup,2,5.13816526394755e-06,infrastructurel
zkp,2,5.13816526394755e-06,—
secondstate,2,5.13816526394755e-06,—
zeroed,2,5.13816526394755e-06,—
infos,2,5.13816526394755e-06,—
schemas,2,5.13816526394755e-06,—
ouldn,2,5.13816526394755e-06,—
precious,2,5.13816526394755e-06,—
removedb,2,5.13816526394755e-06,—
egasys,2,5.13816526394755e-06,—
yada,2,5.13816526394755e-06,—
gasp,2,5.13816526394755e-06,—
udev,2,5.13816526394755e-06,—
wipe,2,5.13816526394755e-06,—
uickstart,2,5.13816526394755e-06,—
tails,2,5.13816526394755e-06,—
etrov,2,5.13816526394755e-06,—
oable,2,5.13816526394755e-06,—
bs,2,5.13816526394755e-06,—
beast,2,5.13816526394755e-06,—
collectio,2,5.13816526394755e-06,—
fond,2,5.13816526394755e-06,—
boot,2,5.13816526394755e-06,—
surprised,2,5.13816526394755e-06,—
nowadays,2,5.13816526394755e-06,—
partitioning,2,5.13816526394755e-06,—
aiboroda,2,5.13816526394755e-06,—
unwavering,2,5.13816526394755e-06,—
soup,2,5.13816526394755e-06,—
bumping,2,5.13816526394755e-06,—
atias,2,5.13816526394755e-06,—
enumerated,2,5.13816526394755e-06,—
wsorigins,2,5.13816526394755e-06,—
lpine,2,5.13816526394755e-06,—
adhering,2,5.13816526394755e-06,—
rewritten,2,5.13816526394755e-06,—
particularities,2,5.13816526394755e-06,—
libre,2,5.13816526394755e-06,—
customizations,2,5.13816526394755e-06,—
nicorn,2,5.13816526394755e-06,—
n各位,2,5.13816526394755e-06,—
democratize,2,5.13816526394755e-06,—
female,2,5.13816526394755e-06,—
certification,2,5.13816526394755e-06,—
yu,2,5.13816526394755e-06,—
implementors,2,5.13816526394755e-06,—
starkware,2,5.13816526394755e-06,—
repurposed,2,5.13816526394755e-06,—
ppeals,2,5.13816526394755e-06,—
voucher,2,5.13816526394755e-06,—
orm,2,5.13816526394755e-06,—
iring,2,5.13816526394755e-06,—
rebooted,2,5.13816526394755e-06,—
sustainably,2,5.13816526394755e-06,—
iing,2,5.13816526394755e-06,—
persona,2,5.13816526394755e-06,—
java,2,5.13816526394755e-06,—
attendence,2,5.13816526394755e-06,—
eachother,2,5.13816526394755e-06,—
eaders,2,5.13816526394755e-06,—
lent,2,5.13816526394755e-06,—
suitcases,2,5.13816526394755e-06,—
quare,2,5.13816526394755e-06,—
oop,2,5.13816526394755e-06,—
tami,2,5.13816526394755e-06,—
japan,2,5.13816526394755e-06,—
ptionally,2,5.13816526394755e-06,—
ocation,2,5.13816526394755e-06,—
ankokita,2,5.13816526394755e-06,—
uminoe,2,5.13816526394755e-06,—
ristbands,2,5.13816526394755e-06,—
adges,2,5.13816526394755e-06,—
ticketeers,2,5.13816526394755e-06,—
taff,2,5.13816526394755e-06,—
eserve,2,5.13816526394755e-06,—
ticker,2,5.13816526394755e-06,—
pastel,2,5.13816526394755e-06,—
stickers,2,5.13816526394755e-06,—
sticker,2,5.13816526394755e-06,—
ecompression,2,5.13816526394755e-06,—
elevator,2,5.13816526394755e-06,—
loor,2,5.13816526394755e-06,—
relaing,2,5.13816526394755e-06,—
alay,2,5.13816526394755e-06,—
scavenger,2,5.13816526394755e-06,—
ature,2,5.13816526394755e-06,—
emotional,2,5.13816526394755e-06,—
booth,2,5.13816526394755e-06,—
abo,2,5.13816526394755e-06,—
cute,2,5.13816526394755e-06,—
vouchers,2,5.13816526394755e-06,—
dining,2,5.13816526394755e-06,—
appa,2,5.13816526394755e-06,—
appg,2,5.13816526394755e-06,—
amily,2,5.13816526394755e-06,—
queues,2,5.13816526394755e-06,—
transportatio,2,5.13816526394755e-06,—
delicious,2,5.13816526394755e-06,—
disasters,2,5.13816526394755e-06,—
ecbo,2,5.13816526394755e-06,—
shimasu,2,5.13816526394755e-06,—
doko,2,5.13816526394755e-06,—
desuka,2,5.13816526394755e-06,—
atashi,2,5.13816526394755e-06,—
desu,2,5.13816526394755e-06,—
mergency,2,5.13816526394755e-06,—
rescue,2,5.13816526394755e-06,—
olice,2,5.13816526394755e-06,—
boat,2,5.13816526394755e-06,—
emergencies,2,5.13816526394755e-06,—
abide,2,5.13816526394755e-06,—
complaint,2,5.13816526394755e-06,—
uned,2,5.13816526394755e-06,—
stablize,2,5.13816526394755e-06,—
lgorand,2,5.13816526394755e-06,—
stubbed,2,5.13816526394755e-06,—
hases,2,5.13816526394755e-06,—
spi,2,5.13816526394755e-06,—
unimpeded,2,5.13816526394755e-06,—
uiet,2,5.13816526394755e-06,—
subnets,2,5.13816526394755e-06,—
suggestio,2,5.13816526394755e-06,—
ayman,2,5.13816526394755e-06,—
urious,2,5.13816526394755e-06,—
unforseen,2,5.13816526394755e-06,—
yuya,2,5.13816526394755e-06,—
akamura,2,5.13816526394755e-06,—
decoy,2,5.13816526394755e-06,—
defer,2,5.13816526394755e-06,—
uperblocks,2,5.13816526394755e-06,—
ent,2,5.13816526394755e-06,—
taiwan,2,5.13816526394755e-06,—
hengchi,2,5.13816526394755e-06,—
hiu,2,5.13816526394755e-06,—
articulate,2,5.13816526394755e-06,—
convey,2,5.13816526394755e-06,—
thernodes,2,5.13816526394755e-06,—
ostantinople,2,5.13816526394755e-06,—
heroic,2,5.13816526394755e-06,—
yields,2,5.13816526394755e-06,—
pipelining,2,5.13816526394755e-06,—
aimally,2,5.13816526394755e-06,—
eecutions,2,5.13816526394755e-06,—
ssemblyscript,2,5.13816526394755e-06,—
indings,2,5.13816526394755e-06,—
prepping,2,5.13816526394755e-06,—
allowances,2,5.13816526394755e-06,—
noteworthy,2,5.13816526394755e-06,—
thworks,2,5.13816526394755e-06,—
niket,2,5.13816526394755e-06,—
escribing,2,5.13816526394755e-06,—
eville,2,5.13816526394755e-06,—
retch,2,5.13816526394755e-06,—
itzdorf,2,5.13816526394755e-06,—
flavoured,2,5.13816526394755e-06,—
commandline,2,5.13816526394755e-06,—
orne,2,5.13816526394755e-06,—
atsimbazafy,2,5.13816526394755e-06,—
orkchoice,2,5.13816526394755e-06,—
interworkings,2,5.13816526394755e-06,—
operable,2,5.13816526394755e-06,—
rocessing,2,5.13816526394755e-06,—
elucidated,2,5.13816526394755e-06,—
tateful,2,5.13816526394755e-06,—
icing,2,5.13816526394755e-06,—
typo,2,5.13816526394755e-06,—
kill,2,5.13816526394755e-06,—
outwards,2,5.13816526394755e-06,—
digress,2,5.13816526394755e-06,—
traversing,2,5.13816526394755e-06,—
totality,2,5.13816526394755e-06,—
taying,2,5.13816526394755e-06,—
taing,2,5.13816526394755e-06,—
blur,2,5.13816526394755e-06,—
wiser,2,5.13816526394755e-06,—
fragments,2,5.13816526394755e-06,—
elephant,2,5.13816526394755e-06,—
vyper,2,5.13816526394755e-06,développement
vyperlang,2,5.13816526394755e-06,—
forbidden,2,5.13816526394755e-06,—
minimise,2,5.13816526394755e-06,—
offending,2,5.13816526394755e-06,—
ttestations,2,5.13816526394755e-06,—
greeing,2,5.13816526394755e-06,—
ointing,2,5.13816526394755e-06,—
wastes,2,5.13816526394755e-06,—
discouragement,2,5.13816526394755e-06,—
facets,2,5.13816526394755e-06,—
decon,2,5.13816526394755e-06,—
clarifying,2,5.13816526394755e-06,—
ogistics,2,5.13816526394755e-06,—
heseus,2,5.13816526394755e-06,—
storagelot,2,5.13816526394755e-06,—
virtualized,2,5.13816526394755e-06,—
ambitiously,2,5.13816526394755e-06,—
cleaving,2,5.13816526394755e-06,—
runing,2,5.13816526394755e-06,—
collating,2,5.13816526394755e-06,—
concretely,2,5.13816526394755e-06,—
hip,2,5.13816526394755e-06,—
woud,2,5.13816526394755e-06,—
insulate,2,5.13816526394755e-06,—
hunking,2,5.13816526394755e-06,—
preferable,2,5.13816526394755e-06,—
ersionless,2,5.13816526394755e-06,—
requisites,2,5.13816526394755e-06,—
ropagation,2,5.13816526394755e-06,—
enacting,2,5.13816526394755e-06,—
amend,2,5.13816526394755e-06,—
ustomrror,2,5.13816526394755e-06,—
eeping,2,5.13816526394755e-06,—
flurry,2,5.13816526394755e-06,—
ubtree,2,5.13816526394755e-06,—
efficacy,2,5.13816526394755e-06,—
ault,2,5.13816526394755e-06,—
ollectively,2,5.13816526394755e-06,—
lessness,2,5.13816526394755e-06,—
assortment,2,5.13816526394755e-06,—
orient,2,5.13816526394755e-06,—
dmittedly,2,5.13816526394755e-06,—
throws,2,5.13816526394755e-06,—
citing,2,5.13816526394755e-06,—
installments,2,5.13816526394755e-06,—
teased,2,5.13816526394755e-06,—
hotographer,2,5.13816526394755e-06,—
leveling,2,5.13816526394755e-06,—
interruption,2,5.13816526394755e-06,—
nerdy,2,5.13816526394755e-06,—
yourselves,2,5.13816526394755e-06,—
ernandez,2,5.13816526394755e-06,—
slowest,2,5.13816526394755e-06,—
vanishingly,2,5.13816526394755e-06,—
nave,2,5.13816526394755e-06,—
proul,2,5.13816526394755e-06,—
creased,2,5.13816526394755e-06,—
orked,2,5.13816526394755e-06,—
ominik,2,5.13816526394755e-06,—
mcl,2,5.13816526394755e-06,—
esolowski,2,5.13816526394755e-06,—
rove,2,5.13816526394755e-06,—
vulcanize,2,5.13816526394755e-06,—
strides,2,5.13816526394755e-06,—
cryptoeconomicslab,2,5.13816526394755e-06,—
okemon,2,5.13816526394755e-06,—
theories,2,5.13816526394755e-06,—
statecha,2,5.13816526394755e-06,—
iden,2,5.13816526394755e-06,—
fv,2,5.13816526394755e-06,—
diglos,2,5.13816526394755e-06,—
protofire,2,5.13816526394755e-06,—
overage,2,5.13816526394755e-06,—
yz,2,5.13816526394755e-06,—
cultivating,2,5.13816526394755e-06,—
ickback,2,5.13816526394755e-06,—
gitcoin,2,5.13816526394755e-06,—
implore,2,5.13816526394755e-06,—
empathy,2,5.13816526394755e-06,—
takeaway,2,5.13816526394755e-06,—
impeded,2,5.13816526394755e-06,—
asymmetric,2,5.13816526394755e-06,—
ire,2,5.13816526394755e-06,—
rototype,2,5.13816526394755e-06,—
verlay,2,5.13816526394755e-06,—
urka,2,5.13816526394755e-06,—
uthenticatio,2,5.13816526394755e-06,—
broadcaster,2,5.13816526394755e-06,—
partake,2,5.13816526394755e-06,—
homogenous,2,5.13816526394755e-06,—
ared,2,5.13816526394755e-06,—
lauses,2,5.13816526394755e-06,—
etup,2,5.13816526394755e-06,—
gen,2,5.13816526394755e-06,—
oteworthy,2,5.13816526394755e-06,—
adventures,2,5.13816526394755e-06,—
plugi,2,5.13816526394755e-06,—
invoice,2,5.13816526394755e-06,—
imulator,2,5.13816526394755e-06,—
dubbed,2,5.13816526394755e-06,—
chiba,2,5.13816526394755e-06,—
pot,2,5.13816526394755e-06,—
antlr,2,5.13816526394755e-06,—
attleship,2,5.13816526394755e-06,—
delight,2,5.13816526394755e-06,—
misnomer,2,5.13816526394755e-06,—
cartoonish,2,5.13816526394755e-06,—
linguistics,2,5.13816526394755e-06,—
furiously,2,5.13816526394755e-06,—
colorless,2,5.13816526394755e-06,—
thinker,2,5.13816526394755e-06,—
herd,2,5.13816526394755e-06,—
shorthand,2,5.13816526394755e-06,—
orwegian,2,5.13816526394755e-06,—
oubling,2,5.13816526394755e-06,—
arth,2,5.13816526394755e-06,—
thorks,2,5.13816526394755e-06,—
ridge,2,5.13816526394755e-06,—
nethermind,2,5.13816526394755e-06,—
asit,2,5.13816526394755e-06,—
ield,2,5.13816526394755e-06,—
chainsafe,2,5.13816526394755e-06,—
sequentiality,2,5.13816526394755e-06,—
brighter,2,5.13816526394755e-06,—
elevating,2,5.13816526394755e-06,—
reas,2,5.13816526394755e-06,—
outward,2,5.13816526394755e-06,—
developmental,2,5.13816526394755e-06,—
neglected,2,5.13816526394755e-06,—
redistribution,2,5.13816526394755e-06,—
allocators,2,5.13816526394755e-06,—
performers,2,5.13816526394755e-06,—
comfortably,2,5.13816526394755e-06,—
llows,2,5.13816526394755e-06,—
measurable,2,5.13816526394755e-06,—
emonics,2,5.13816526394755e-06,—
glide,2,5.13816526394755e-06,—
eystores,2,5.13816526394755e-06,—
ecoming,2,5.13816526394755e-06,—
hacia,2,5.13816526394755e-06,—
artagena,2,5.13816526394755e-06,—
veins,2,5.13816526394755e-06,—
lift,2,5.13816526394755e-06,—
homecoming,2,5.13816526394755e-06,—
crossed,2,5.13816526394755e-06,—
manifested,2,5.13816526394755e-06,—
bogged,2,5.13816526394755e-06,—
enefits,2,5.13816526394755e-06,—
adopter,2,5.13816526394755e-06,—
invites,2,5.13816526394755e-06,—
induce,2,5.13816526394755e-06,—
inducing,2,5.13816526394755e-06,—
detectio,2,5.13816526394755e-06,—
hotly,2,5.13816526394755e-06,—
elationship,2,5.13816526394755e-06,—
shade,2,5.13816526394755e-06,—
bumps,2,5.13816526394755e-06,—
horizo,2,5.13816526394755e-06,—
ridiculous,2,5.13816526394755e-06,—
arnabe,2,5.13816526394755e-06,—
upyter,2,5.13816526394755e-06,—
indisputably,2,5.13816526394755e-06,—
reconsidered,2,5.13816526394755e-06,—
arma,2,5.13816526394755e-06,—
constructively,2,5.13816526394755e-06,—
winded,2,5.13816526394755e-06,—
uhabe,2,5.13816526394755e-06,—
assessed,2,5.13816526394755e-06,—
sanity,2,5.13816526394755e-06,—
las,2,5.13816526394755e-06,—
piled,2,5.13816526394755e-06,—
shallower,2,5.13816526394755e-06,—
ttacknets,2,5.13816526394755e-06,—
whitehat,2,5.13816526394755e-06,—
mentio,2,5.13816526394755e-06,—
eepork,2,5.13816526394755e-06,—
spanish,2,5.13816526394755e-06,—
enerate,2,5.13816526394755e-06,—
electric,2,5.13816526394755e-06,—
conceivable,2,5.13816526394755e-06,—
ompiling,2,5.13816526394755e-06,—
etraordinarily,2,5.13816526394755e-06,—
coal,2,5.13816526394755e-06,—
paradoically,2,5.13816526394755e-06,—
owed,2,5.13816526394755e-06,—
inlak,2,5.13816526394755e-06,—
animation,2,5.13816526394755e-06,—
doers,2,5.13816526394755e-06,—
subreddit,2,5.13816526394755e-06,—
mc,2,5.13816526394755e-06,—
uepress,2,5.13816526394755e-06,—
legos,2,5.13816526394755e-06,—
vibe,2,5.13816526394755e-06,—
revamping,2,5.13816526394755e-06,—
balancing,2,5.13816526394755e-06,—
dogfooded,2,5.13816526394755e-06,—
ude,2,5.13816526394755e-06,—
archivenode,2,5.13816526394755e-06,—
ompound,2,5.13816526394755e-06,—
athletes,2,5.13816526394755e-06,—
nstagram,2,5.13816526394755e-06,—
otification,2,5.13816526394755e-06,—
icha,2,5.13816526394755e-06,—
workload,2,5.13816526394755e-06,—
flooded,2,5.13816526394755e-06,—
intentional,2,5.13816526394755e-06,—
incentivise,2,5.13816526394755e-06,—
sleepless,2,5.13816526394755e-06,—
revising,2,5.13816526394755e-06,—
flattened,2,5.13816526394755e-06,—
leaner,2,5.13816526394755e-06,—
induced,2,5.13816526394755e-06,—
unmodified,2,5.13816526394755e-06,—
komba,2,5.13816526394755e-06,—
eson,2,5.13816526394755e-06,—
eso,2,5.13816526394755e-06,—
medalla,2,5.13816526394755e-06,—
pai,2,5.13816526394755e-06,—
systemd,2,5.13816526394755e-06,—
configs,2,5.13816526394755e-06,—
nh,2,5.13816526394755e-06,—
inke,2,5.13816526394755e-06,—
gate,2,5.13816526394755e-06,—
derstand,2,5.13816526394755e-06,—
inject,2,5.13816526394755e-06,—
drian,2,5.13816526394755e-06,—
erg,2,5.13816526394755e-06,—
udson,2,5.13816526394755e-06,—
evin,2,5.13816526394755e-06,—
alladino,2,5.13816526394755e-06,—
golang,2,5.13816526394755e-06,—
pstream,2,5.13816526394755e-06,—
erroneously,2,5.13816526394755e-06,—
aswell,2,5.13816526394755e-06,—
lakshman,2,5.13816526394755e-06,—
sankar,2,5.13816526394755e-06,—
ostgre,2,5.13816526394755e-06,—
pore,2,5.13816526394755e-06,—
ubmitted,2,5.13816526394755e-06,—
killtree,2,5.13816526394755e-06,—
roundups,2,5.13816526394755e-06,—
articipated,2,5.13816526394755e-06,—
verifiably,2,5.13816526394755e-06,—
eaconchain,2,5.13816526394755e-06,—
encapsulating,2,5.13816526394755e-06,—
blockd,2,5.13816526394755e-06,—
utlook,2,5.13816526394755e-06,—
anytime,2,5.13816526394755e-06,—
storagerie,2,5.13816526394755e-06,—
coderie,2,5.13816526394755e-06,—
oracio,2,5.13816526394755e-06,—
overheads,2,5.13816526394755e-06,—
disabling,2,5.13816526394755e-06,—
tornado,2,5.13816526394755e-06,—
weijiek,2,5.13816526394755e-06,—
hubble,2,5.13816526394755e-06,—
elivering,2,5.13816526394755e-06,—
backlog,2,5.13816526394755e-06,—
ranslations,2,5.13816526394755e-06,—
eplanatio,2,5.13816526394755e-06,—
uff,2,5.13816526394755e-06,—
thagicians,2,5.13816526394755e-06,—
binarification,2,5.13816526394755e-06,—
pedantic,2,5.13816526394755e-06,—
conformance,2,5.13816526394755e-06,—
wabt,2,5.13816526394755e-06,—
solvers,2,5.13816526394755e-06,—
decompiler,2,5.13816526394755e-06,—
aliasing,2,5.13816526394755e-06,—
heels,2,5.13816526394755e-06,—
brittle,2,5.13816526394755e-06,—
backports,2,5.13816526394755e-06,—
nderhanded,2,5.13816526394755e-06,—
lane,2,5.13816526394755e-06,—
roebner,2,5.13816526394755e-06,—
lection,2,5.13816526394755e-06,—
hinking,2,5.13816526394755e-06,—
architected,2,5.13816526394755e-06,—
eggs,2,5.13816526394755e-06,—
loved,2,5.13816526394755e-06,—
cart,2,5.13816526394755e-06,—
oolbo,2,5.13816526394755e-06,—
sophistication,2,5.13816526394755e-06,—
ommittee,2,5.13816526394755e-06,—
endless,2,5.13816526394755e-06,—
reuniting,2,5.13816526394755e-06,—
artnership,2,5.13816526394755e-06,—
sovereign,2,5.13816526394755e-06,—
eference,2,5.13816526394755e-06,—
arlos,2,5.13816526394755e-06,—
mnemonics,2,5.13816526394755e-06,—
ara,2,5.13816526394755e-06,—
yers,2,5.13816526394755e-06,—
racking,2,5.13816526394755e-06,—
pintail,2,5.13816526394755e-06,—
ernando,2,5.13816526394755e-06,—
budding,2,5.13816526394755e-06,—
erakoya,2,5.13816526394755e-06,—
rebalancing,2,5.13816526394755e-06,—
toggled,2,5.13816526394755e-06,—
revolved,2,5.13816526394755e-06,—
repricing,2,5.13816526394755e-06,—
napshots,2,5.13816526394755e-06,—
adequate,2,5.13816526394755e-06,—
benefactors,2,5.13816526394755e-06,—
snapshotfalse,2,5.13816526394755e-06,—
bps,2,5.13816526394755e-06,—
downstream,2,5.13816526394755e-06,—
arp,2,5.13816526394755e-06,—
pposed,2,5.13816526394755e-06,—
originated,2,5.13816526394755e-06,—
deprecating,2,5.13816526394755e-06,—
deprecate,2,5.13816526394755e-06,—
overnight,2,5.13816526394755e-06,—
introspectio,2,5.13816526394755e-06,—
deprecations,2,5.13816526394755e-06,—
conventions,2,5.13816526394755e-06,—
rigins,2,5.13816526394755e-06,—
gpo,2,5.13816526394755e-06,—
rofiler,2,5.13816526394755e-06,—
memprofilerate,2,5.13816526394755e-06,—
blockprofilerate,2,5.13816526394755e-06,—
cpuprofile,2,5.13816526394755e-06,—
terminating,2,5.13816526394755e-06,—
geography,2,5.13816526394755e-06,—
trialed,2,5.13816526394755e-06,—
artisans,2,5.13816526394755e-06,—
anda,2,5.13816526394755e-06,—
evtool,2,5.13816526394755e-06,—
acaoech,2,5.13816526394755e-06,—
traceable,2,5.13816526394755e-06,—
confined,2,5.13816526394755e-06,—
escubriendo,2,5.13816526394755e-06,—
ristian,2,5.13816526394755e-06,—
missions,2,5.13816526394755e-06,—
odp,2,5.13816526394755e-06,—
creases,2,5.13816526394755e-06,—
troduces,2,5.13816526394755e-06,—
ptional,2,5.13816526394755e-06,—
homage,2,5.13816526394755e-06,—
ounds,2,5.13816526394755e-06,—
reacion,2,5.13816526394755e-06,—
ontratos,2,5.13816526394755e-06,—
nteligentes,2,5.13816526394755e-06,—
lecture,2,5.13816526394755e-06,—
autuk,2,5.13816526394755e-06,—
ulamov,2,5.13816526394755e-06,—
hance,2,5.13816526394755e-06,—
coordinators,2,5.13816526394755e-06,—
stealth,2,5.13816526394755e-06,—
payer,2,5.13816526394755e-06,—
bsidian,2,5.13816526394755e-06,—
bsidia,2,5.13816526394755e-06,—
targazer,2,5.13816526394755e-06,—
narrowing,2,5.13816526394755e-06,—
rfpethereum,2,5.13816526394755e-06,—
urbolonk,2,5.13816526394755e-06,—
ivian,2,5.13816526394755e-06,—
oderation,2,5.13816526394755e-06,—
accrued,2,5.13816526394755e-06,—
bribery,2,5.13816526394755e-06,—
ublishing,2,5.13816526394755e-06,—
acksoom,2,5.13816526394755e-06,—
eployer,2,5.13816526394755e-06,—
pencer,2,5.13816526394755e-06,—
raham,2,5.13816526394755e-06,—
oggy,2,5.13816526394755e-06,—
ranslucent,2,5.13816526394755e-06,—
boom,2,5.13816526394755e-06,—
ornado,2,5.13816526394755e-06,—
ardat,2,5.13816526394755e-06,—
agroce,2,5.13816526394755e-06,—
ebpy,2,5.13816526394755e-06,—
webpy,2,5.13816526394755e-06,—
blocker,2,5.13816526394755e-06,—
shaken,2,5.13816526394755e-06,—
nything,2,5.13816526394755e-06,—
hesis,2,5.13816526394755e-06,—
ryal,2,5.13816526394755e-06,—
urutuza,2,5.13816526394755e-06,—
envisioning,2,5.13816526394755e-06,—
financing,2,5.13816526394755e-06,—
fellowshipethereum,2,5.13816526394755e-06,—
apprenticeship,2,5.13816526394755e-06,—
fluency,2,5.13816526394755e-06,—
verbal,2,5.13816526394755e-06,—
ocket,2,5.13816526394755e-06,—
megawatt,2,5.13816526394755e-06,—
dense,2,5.13816526394755e-06,—
gascosts,2,5.13816526394755e-06,—
teamed,2,5.13816526394755e-06,—
jumpdest,2,5.13816526394755e-06,—
etcodesize,2,5.13816526394755e-06,—
preferrably,2,5.13816526394755e-06,—
companion,2,5.13816526394755e-06,—
bragging,2,5.13816526394755e-06,—
iewer,2,5.13816526394755e-06,—
iel,2,5.13816526394755e-06,—
ropper,2,5.13816526394755e-06,—
seats,2,5.13816526394755e-06,—
supportdevcon,2,5.13816526394755e-06,—
volutio,2,5.13816526394755e-06,—
aman,2,5.13816526394755e-06,—
halupau,2,5.13816526394755e-06,—
london,2,5.13816526394755e-06,—
deployement,2,5.13816526394755e-06,—
targetting,2,5.13816526394755e-06,—
hout,2,5.13816526394755e-06,—
ecipher,2,5.13816526394755e-06,—
eployment,2,5.13816526394755e-06,—
digestible,2,5.13816526394755e-06,—
hreyas,2,5.13816526394755e-06,—
tlonk,2,5.13816526394755e-06,—
ssessment,2,5.13816526394755e-06,—
harbo,2,5.13816526394755e-06,—
raber,2,5.13816526394755e-06,—
oullet,2,5.13816526394755e-06,—
kerley,2,5.13816526394755e-06,—
lve,2,5.13816526394755e-06,—
onversion,2,5.13816526394755e-06,—
heoretical,2,5.13816526394755e-06,—
odeling,2,5.13816526394755e-06,—
alle,2,5.13816526394755e-06,—
webswift,2,5.13816526394755e-06,—
iversal,2,5.13816526394755e-06,—
fka,2,5.13816526394755e-06,—
enjamin,2,5.13816526394755e-06,—
biprimality,2,5.13816526394755e-06,—
avies,2,5.13816526394755e-06,—
isualizer,2,5.13816526394755e-06,—
reetings,2,5.13816526394755e-06,—
fizzy,2,5.13816526394755e-06,—
bench,2,5.13816526394755e-06,—
ggregatio,2,5.13816526394755e-06,—
paused,2,5.13816526394755e-06,—
eviews,2,5.13816526394755e-06,—
ovid,2,5.13816526394755e-06,—
snakecharmers,2,5.13816526394755e-06,—
afer,2,5.13816526394755e-06,—
arlin,2,5.13816526394755e-06,—
execution,2,5.13816526394755e-06,infrastructurel
fundraise,2,5.13816526394755e-06,—
donating,2,5.13816526394755e-06,—
hitch,2,5.13816526394755e-06,—
ecite,2,5.13816526394755e-06,—
shortage,2,5.13816526394755e-06,—
antonio,2,5.13816526394755e-06,—
sanso,2,5.13816526394755e-06,—
narlier,2,5.13816526394755e-06,—
airing,2,5.13816526394755e-06,—
topped,2,5.13816526394755e-06,—
ggregateerify,2,5.13816526394755e-06,—
itigating,2,5.13816526394755e-06,—
evnets,2,5.13816526394755e-06,—
impleerialize,2,5.13816526394755e-06,—
acks,2,5.13816526394755e-06,—
masterclass,2,5.13816526394755e-06,—
contetualization,2,5.13816526394755e-06,—
chatter,2,5.13816526394755e-06,—
nevco,2,5.13816526394755e-06,—
refreshed,2,5.13816526394755e-06,—
urated,2,5.13816526394755e-06,—
olly,2,5.13816526394755e-06,—
persists,2,5.13816526394755e-06,—
lineup,2,5.13816526394755e-06,—
athan,2,5.13816526394755e-06,—
unarto,2,5.13816526394755e-06,—
tructured,2,5.13816526394755e-06,—
ffort,2,5.13816526394755e-06,—
rne,2,5.13816526394755e-06,—
svik,2,5.13816526394755e-06,—
ormalization,2,5.13816526394755e-06,—
lassification,2,5.13816526394755e-06,—
orquem,2,5.13816526394755e-06,—
displaying,2,5.13816526394755e-06,—
dvancement,2,5.13816526394755e-06,—
fights,2,5.13816526394755e-06,—
liberation,2,5.13816526394755e-06,—
changeset,2,5.13816526394755e-06,—
productionize,2,5.13816526394755e-06,—
culminate,2,5.13816526394755e-06,—
froze,2,5.13816526394755e-06,—
eadquarters,2,5.13816526394755e-06,—
donor,2,5.13816526394755e-06,—
uniper,2,5.13816526394755e-06,—
deepest,2,5.13816526394755e-06,—
rote,2,5.13816526394755e-06,—
ecutionayloads,2,5.13816526394755e-06,—
ommersash,2,5.13816526394755e-06,—
prevandao,2,5.13816526394755e-06,—
indicates,2,5.13816526394755e-06,—
ayout,2,5.13816526394755e-06,—
neighbouring,2,5.13816526394755e-06,—
ᵘᵖᵖᵉʳ,2,5.13816526394755e-06,—
ᵐᵒᵈⁱᶠⁱᵉᵈ,2,5.13816526394755e-06,—
locatio,2,5.13816526394755e-06,—
njuguna,2,5.13816526394755e-06,—
aharan,2,5.13816526394755e-06,—
acre,2,5.13816526394755e-06,—
miture,2,5.13816526394755e-06,—
pecialist,2,5.13816526394755e-06,—
precarious,2,5.13816526394755e-06,—
livelihoods,2,5.13816526394755e-06,—
rainfall,2,5.13816526394755e-06,—
osses,2,5.13816526394755e-06,—
erse,2,5.13816526394755e-06,—
digitization,2,5.13816526394755e-06,—
struggled,2,5.13816526394755e-06,—
insurer,2,5.13816526394755e-06,—
vested,2,5.13816526394755e-06,—
tranche,2,5.13816526394755e-06,—
vest,2,5.13816526394755e-06,—
liquidate,2,5.13816526394755e-06,—
tructure,2,5.13816526394755e-06,—
thankful,2,5.13816526394755e-06,—
elivered,2,5.13816526394755e-06,—
gamify,2,5.13816526394755e-06,—
ramped,2,5.13816526394755e-06,—
isco,2,5.13816526394755e-06,—
quarters,2,5.13816526394755e-06,—
focussing,2,5.13816526394755e-06,—
evnet,2,5.13816526394755e-06,—
ankless,2,5.13816526394755e-06,—
lither,2,5.13816526394755e-06,—
intern,2,5.13816526394755e-06,—
triage,2,5.13816526394755e-06,—
ranzi,2,5.13816526394755e-06,—
phased,2,5.13816526394755e-06,—
clusivity,2,5.13816526394755e-06,—
aise,2,5.13816526394755e-06,—
fingerprinting,2,5.13816526394755e-06,—
adly,2,5.13816526394755e-06,—
resiliance,2,5.13816526394755e-06,—
eurs,2,5.13816526394755e-06,—
erlage,2,5.13816526394755e-06,—
intimate,2,5.13816526394755e-06,—
regenerative,2,5.13816526394755e-06,—
nvolved,2,5.13816526394755e-06,—
ables,2,5.13816526394755e-06,—
ollaborate,2,5.13816526394755e-06,—
drinks,2,5.13816526394755e-06,—
drg,2,5.13816526394755e-06,—
programmatically,2,5.13816526394755e-06,—
earneth,2,5.13816526394755e-06,—
acade,2,5.13816526394755e-06,—
ryptoanufaktur,2,5.13816526394755e-06,—
backtesting,2,5.13816526394755e-06,—
behaved,2,5.13816526394755e-06,—
epalese,2,5.13816526394755e-06,—
latohedro,2,5.13816526394755e-06,—
onprofit,2,5.13816526394755e-06,—
aculty,2,5.13816526394755e-06,—
omputational,2,5.13816526394755e-06,—
athematics,2,5.13816526394755e-06,—
oordinator,2,5.13816526394755e-06,—
ellon,2,5.13816526394755e-06,—
wa,2,5.13816526394755e-06,—
yodan,2,5.13816526394755e-06,—
curators,2,5.13816526394755e-06,—
dvocating,2,5.13816526394755e-06,—
uthentication,2,5.13816526394755e-06,—
married,2,5.13816526394755e-06,—
mortgage,2,5.13816526394755e-06,—
marriages,2,5.13816526394755e-06,—
spiration,2,5.13816526394755e-06,—
cybersecurity,2,5.13816526394755e-06,—
triaging,2,5.13816526394755e-06,—
cataloging,2,5.13816526394755e-06,—
pottery,2,5.13816526394755e-06,—
ump,2,5.13816526394755e-06,—
lockdaemo,2,5.13816526394755e-06,—
pausing,2,5.13816526394755e-06,—
recaps,2,5.13816526394755e-06,—
ising,2,5.13816526394755e-06,—
notoriously,2,5.13816526394755e-06,—
izard,2,5.13816526394755e-06,—
fluctuations,2,5.13816526394755e-06,—
verride,2,5.13816526394755e-06,—
erminalotalifficulty,2,5.13816526394755e-06,—
iscount,2,5.13816526394755e-06,—
ligned,2,5.13816526394755e-06,—
mpowerment,2,5.13816526394755e-06,—
itizens,2,5.13816526394755e-06,—
notarized,2,5.13816526394755e-06,—
oberana,2,5.13816526394755e-06,—
bureaucracies,2,5.13816526394755e-06,—
prosperity,2,5.13816526394755e-06,—
reminders,2,5.13816526394755e-06,—
hr,2,5.13816526394755e-06,—
chellingpoint,2,5.13816526394755e-06,—
teacher,2,5.13816526394755e-06,—
prater,2,5.13816526394755e-06,—
akistan,2,5.13816526394755e-06,—
nterplay,2,5.13816526394755e-06,—
ysajan,2,5.13816526394755e-06,—
ziz,2,5.13816526394755e-06,—
uneet,2,5.13816526394755e-06,—
agpal,2,5.13816526394755e-06,—
utnins,2,5.13816526394755e-06,—
ecky,2,5.13816526394755e-06,—
tender,2,5.13816526394755e-06,—
dvisor,2,5.13816526394755e-06,—
aewook,2,5.13816526394755e-06,—
oongsil,2,5.13816526394755e-06,—
nte,2,5.13816526394755e-06,—
anling,2,5.13816526394755e-06,—
olita,2,5.13816526394755e-06,—
azarov,2,5.13816526394755e-06,—
aiiang,2,5.13816526394755e-06,—
tony,2,5.13816526394755e-06,—
rook,2,5.13816526394755e-06,—
determinants,2,5.13816526394755e-06,—
aiting,2,5.13816526394755e-06,—
mplification,2,5.13816526394755e-06,—
olerance,2,5.13816526394755e-06,—
ammurabi,2,5.13816526394755e-06,—
endes,2,5.13816526394755e-06,—
onad,2,5.13816526394755e-06,—
ulaj,2,5.13816526394755e-06,—
avidson,2,5.13816526394755e-06,—
henliang,2,5.13816526394755e-06,—
trengthen,2,5.13816526394755e-06,—
ramoli,2,5.13816526394755e-06,—
isentangling,2,5.13816526394755e-06,—
ommunication,2,5.13816526394755e-06,—
uorums,2,5.13816526394755e-06,—
quorums,2,5.13816526394755e-06,—
laudio,2,5.13816526394755e-06,—
essone,2,5.13816526394755e-06,—
icolò,2,5.13816526394755e-06,—
allarano,2,5.13816526394755e-06,—
eeffe,2,5.13816526394755e-06,—
urley,2,5.13816526394755e-06,—
mith,2,5.13816526394755e-06,—
lpesh,2,5.13816526394755e-06,—
hudia,2,5.13816526394755e-06,—
olloway,2,5.13816526394755e-06,—
ulin,2,5.13816526394755e-06,—
inyu,2,5.13816526394755e-06,—
esen,2,5.13816526394755e-06,—
huang,2,5.13816526394755e-06,—
cicon,2,5.13816526394755e-06,—
oded,2,5.13816526394755e-06,—
roadcasting,2,5.13816526394755e-06,—
lizadeh,2,5.13816526394755e-06,—
ibo,2,5.13816526394755e-06,—
insecurity,2,5.13816526394755e-06,—
verlays,2,5.13816526394755e-06,—
isseminatio,2,5.13816526394755e-06,—
pyros,2,5.13816526394755e-06,—
oulgaris,2,5.13816526394755e-06,—
vangelos,2,5.13816526394755e-06,—
olyvas,2,5.13816526394755e-06,—
leandros,2,5.13816526394755e-06,—
ntonov,2,5.13816526394755e-06,—
stván,2,5.13816526394755e-06,—
eres,2,5.13816526394755e-06,—
omokos,2,5.13816526394755e-06,—
erenc,2,5.13816526394755e-06,—
éres,2,5.13816526394755e-06,—
enczúr,2,5.13816526394755e-06,—
ikuna,2,5.13816526394755e-06,—
ndres,2,5.13816526394755e-06,—
amirez,2,5.13816526394755e-06,—
oui,2,5.13816526394755e-06,—
ardy,2,5.13816526394755e-06,—
istemas,2,5.13816526394755e-06,—
denia,2,5.13816526394755e-06,—
nternacional,2,5.13816526394755e-06,—
ettlement,2,5.13816526394755e-06,—
arlou,2,5.13816526394755e-06,—
azorra,2,5.13816526394755e-06,—
ahanara,2,5.13816526394755e-06,—
ritish,2,5.13816526394755e-06,—
eyman,2,5.13816526394755e-06,—
hezr,2,5.13816526394755e-06,—
oucheng,2,5.13816526394755e-06,—
ordeiro,2,5.13816526394755e-06,—
anchester,2,5.13816526394755e-06,—
amra,2,5.13816526394755e-06,—
fzaal,2,5.13816526394755e-06,—
anjua,2,5.13816526394755e-06,—
unjab,2,5.13816526394755e-06,—
heckable,2,5.13816526394755e-06,—
rigore,2,5.13816526394755e-06,—
osu,2,5.13816526394755e-06,—
iaohong,2,5.13816526394755e-06,—
henm,2,5.13816526394755e-06,—
llinois,2,5.13816526394755e-06,—
rbana,2,5.13816526394755e-06,—
hampaig,2,5.13816526394755e-06,—
etrieval,2,5.13816526394755e-06,—
oang,2,5.13816526394755e-06,—
ipelining,2,5.13816526394755e-06,—
opal,2,5.13816526394755e-06,—
jha,2,5.13816526394755e-06,—
ubsidiary,2,5.13816526394755e-06,—
olitical,2,5.13816526394755e-06,—
diligent,2,5.13816526394755e-06,—
bordel,2,5.13816526394755e-06,—
sheds,2,5.13816526394755e-06,—
zh,2,5.13816526394755e-06,—
hakra,2,5.13816526394755e-06,—
elped,2,5.13816526394755e-06,—
glia,2,5.13816526394755e-06,—
aracas,2,5.13816526394755e-06,—
imón,2,5.13816526394755e-06,—
olívar,2,5.13816526394755e-06,—
aneiro,2,5.13816526394755e-06,—
ilosofía,2,5.13816526394755e-06,—
ódigo,2,5.13816526394755e-06,—
ilano,2,5.13816526394755e-06,—
ommons,2,5.13816526394755e-06,—
ormula,2,5.13816526394755e-06,—
ecutable,2,5.13816526394755e-06,—
ultralight,2,5.13816526394755e-06,—
itiative,2,5.13816526394755e-06,—
agma,2,5.13816526394755e-06,—
periments,2,5.13816526394755e-06,—
orkingp,2,5.13816526394755e-06,—
womn,2,5.13816526394755e-06,—
catered,2,5.13816526394755e-06,—
ssociation,2,5.13816526394755e-06,—
attleips,2,5.13816526394755e-06,—
sockets,2,5.13816526394755e-06,—
ilkes,2,5.13816526394755e-06,—
forseable,2,5.13816526394755e-06,—
shutdowns,2,5.13816526394755e-06,—
flights,2,5.13816526394755e-06,—
papaya,2,5.13816526394755e-06,—
hailing,2,5.13816526394755e-06,—
eather,2,5.13816526394755e-06,—
showers,2,5.13816526394755e-06,—
booked,2,5.13816526394755e-06,—
indingtree,2,5.13816526394755e-06,—
mf,2,5.13816526394755e-06,—
pins,2,5.13816526394755e-06,—
adapter,2,5.13816526394755e-06,—
ounge,2,5.13816526394755e-06,—
introductions,2,5.13816526394755e-06,—
rt,2,5.13816526394755e-06,—
cyberpunk,2,5.13816526394755e-06,—
lighting,2,5.13816526394755e-06,—
reasure,2,5.13816526394755e-06,—
unt,2,5.13816526394755e-06,—
emissions,2,5.13816526394755e-06,—
conservation,2,5.13816526394755e-06,—
permissionlessly,2,5.13816526394755e-06,—
perks,2,5.13816526394755e-06,—
owes,2,5.13816526394755e-06,—
vegetarian,2,5.13816526394755e-06,—
vegan,2,5.13816526394755e-06,—
eaturing,2,5.13816526394755e-06,—
evcons,2,5.13816526394755e-06,—
hainlink,2,5.13816526394755e-06,—
lement,2,5.13816526394755e-06,—
mbire,2,5.13816526394755e-06,—
kale,2,5.13816526394755e-06,—
whomever,2,5.13816526394755e-06,—
rú,2,5.13816526394755e-06,—
hrrl,2,5.13816526394755e-06,—
lhamad,2,5.13816526394755e-06,—
esidence,2,5.13816526394755e-06,—
asmin,2,5.13816526394755e-06,—
nfinity,2,5.13816526394755e-06,—
reunited,2,5.13816526394755e-06,—
bookable,2,5.13816526394755e-06,—
egens,2,5.13816526394755e-06,—
snagged,2,5.13816526394755e-06,—
socks,2,5.13816526394755e-06,—
ordillera,2,5.13816526394755e-06,—
reconsider,2,5.13816526394755e-06,—
ails,2,5.13816526394755e-06,—
nefore,2,5.13816526394755e-06,—
ntelligence,2,5.13816526394755e-06,—
cholarships,2,5.13816526394755e-06,—
spacio,2,5.13816526394755e-06,—
rno,2,5.13816526394755e-06,—
afari,2,5.13816526394755e-06,—
productivity,2,5.13816526394755e-06,—
blogposts,2,5.13816526394755e-06,—
acripto,2,5.13816526394755e-06,—
ntegrity,2,5.13816526394755e-06,—
ompleting,2,5.13816526394755e-06,—
ersonae,2,5.13816526394755e-06,—
asul,2,5.13816526394755e-06,—
bragimov,2,5.13816526394755e-06,—
olleen,2,5.13816526394755e-06,—
anilo,2,5.13816526394755e-06,—
alco,2,5.13816526394755e-06,—
odenburg,2,5.13816526394755e-06,—
oettcker,2,5.13816526394755e-06,—
unbiased,2,5.13816526394755e-06,—
gardeners,2,5.13816526394755e-06,—
td,2,5.13816526394755e-06,—
zjhmale,2,5.13816526394755e-06,—
ountiful,2,5.13816526394755e-06,—
ocks,2,5.13816526394755e-06,—
olt,2,5.13816526394755e-06,—
nitcode,2,5.13816526394755e-06,—
evmma,2,5.13816526394755e-06,—
rearchitect,2,5.13816526394755e-06,—
showcased,2,5.13816526394755e-06,—
pseudocode,2,5.13816526394755e-06,—
upgradable,2,5.13816526394755e-06,—
eparatio,2,5.13816526394755e-06,—
nders,2,5.13816526394755e-06,—
treamlining,2,5.13816526394755e-06,—
modernizing,2,5.13816526394755e-06,—
articipate,2,5.13816526394755e-06,—
arness,2,5.13816526394755e-06,—
eencoding,2,5.13816526394755e-06,—
iese,2,5.13816526394755e-06,—
ankhard,2,5.13816526394755e-06,—
ands,2,5.13816526394755e-06,—
illuminate,2,5.13816526394755e-06,—
etups,2,5.13816526394755e-06,—
ceremonyethereum,2,5.13816526394755e-06,—
orldcoin,2,5.13816526394755e-06,—
errano,2,5.13816526394755e-06,—
sutsumi,2,5.13816526394755e-06,—
nopik,2,5.13816526394755e-06,—
gnacio,2,5.13816526394755e-06,—
aku,2,5.13816526394755e-06,—
knowledgeable,2,5.13816526394755e-06,—
ádius,2,5.13816526394755e-06,—
frontrun,2,5.13816526394755e-06,—
pportunities,2,5.13816526394755e-06,—
desolate,2,5.13816526394755e-06,—
village,2,5.13816526394755e-06,—
refuge,2,5.13816526394755e-06,—
violence,2,5.13816526394755e-06,—
campaigns,2,5.13816526394755e-06,—
impressions,2,5.13816526394755e-06,—
socio,2,5.13816526394755e-06,—
rural,2,5.13816526394755e-06,—
uncommon,2,5.13816526394755e-06,—
palpable,2,5.13816526394755e-06,—
lenders,2,5.13816526394755e-06,—
sharks,2,5.13816526394755e-06,—
delweiss,2,5.13816526394755e-06,—
surfaced,2,5.13816526394755e-06,—
humanities,2,5.13816526394755e-06,—
hatch,2,5.13816526394755e-06,—
piro,2,5.13816526394755e-06,—
employing,2,5.13816526394755e-06,—
tackr,2,5.13816526394755e-06,—
overnor,2,5.13816526394755e-06,—
tarksheet,2,5.13816526394755e-06,—
spañol,2,5.13816526394755e-06,—
omparison,2,5.13816526394755e-06,—
tablecoin,2,5.13816526394755e-06,—
rbitrage,2,5.13816526394755e-06,—
pecular,2,5.13816526394755e-06,—
eorgetown,2,5.13816526394755e-06,—
iwari,2,5.13816526394755e-06,—
capella,2,5.13816526394755e-06,—
eatya,2,5.13816526394755e-06,—
oshua,2,5.13816526394755e-06,—
unta,2,5.13816526394755e-06,—
ooperative,2,5.13816526394755e-06,—
ectures,2,5.13816526394755e-06,—
nboarding,2,5.13816526394755e-06,—
endr,2,5.13816526394755e-06,—
etacraft,2,5.13816526394755e-06,—
lockallet,2,5.13816526394755e-06,—
eiya,2,5.13816526394755e-06,—
obayashi,2,5.13816526394755e-06,—
trained,2,5.13816526394755e-06,—
ragan,2,5.13816526394755e-06,—
isks,2,5.13816526394755e-06,—
surfacing,2,5.13816526394755e-06,—
ubtractio,2,5.13816526394755e-06,—
patiently,2,5.13816526394755e-06,—
sleeves,2,5.13816526394755e-06,—
invalidated,2,5.13816526394755e-06,—
devastating,2,5.13816526394755e-06,—
southeast,2,5.13816526394755e-06,—
tourist,2,5.13816526394755e-06,—
blend,2,5.13816526394755e-06,—
modernity,2,5.13816526394755e-06,—
nitiatives,2,5.13816526394755e-06,—
ustainable,2,5.13816526394755e-06,—
elios,2,5.13816526394755e-06,—
igration,2,5.13816526394755e-06,—
inspirational,2,5.13816526394755e-06,—
ky,2,5.13816526394755e-06,—
ubai,2,5.13816526394755e-06,—
rab,2,5.13816526394755e-06,—
ürich,2,5.13816526394755e-06,—
ontréal,2,5.13816526394755e-06,—
ridia,2,5.13816526394755e-06,—
ompilation,2,5.13816526394755e-06,—
auau,2,5.13816526394755e-06,—
rampoline,2,5.13816526394755e-06,—
evoke,2,5.13816526394755e-06,—
practicing,2,5.13816526394755e-06,—
demographics,2,5.13816526394755e-06,—
anjan,2,5.13816526394755e-06,—
indicating,2,5.13816526394755e-06,—
rnstberger,2,5.13816526394755e-06,—
accommodates,2,5.13816526394755e-06,—
aish,2,5.13816526394755e-06,—
ebrew,2,5.13816526394755e-06,—
ift,2,5.13816526394755e-06,—
zymon,2,5.13816526394755e-06,—
ulec,2,5.13816526394755e-06,—
ynthesis,2,5.13816526394755e-06,—
ongbo,2,5.13816526394755e-06,—
arbara,2,5.13816526394755e-06,—
ernández,2,5.13816526394755e-06,—
erezo,2,5.13816526394755e-06,—
esús,2,5.13816526394755e-06,—
orreas,2,5.13816526394755e-06,—
uillermo,2,5.13816526394755e-06,—
overcoming,2,5.13816526394755e-06,—
ranck,2,5.13816526394755e-06,—
bolstering,2,5.13816526394755e-06,—
singhua,2,5.13816526394755e-06,—
olytechnic,2,5.13816526394755e-06,—
hut,2,5.13816526394755e-06,—
vidia,2,5.13816526394755e-06,—
hio,2,5.13816526394755e-06,—
mmanuel,2,5.13816526394755e-06,—
ikołaj,2,5.13816526394755e-06,—
himony,2,5.13816526394755e-06,—
onash,2,5.13816526394755e-06,—
everaging,2,5.13816526394755e-06,—
euben,2,5.13816526394755e-06,—
oungblom,2,5.13816526394755e-06,—
postdoctoral,2,5.13816526394755e-06,—
equip,2,5.13816526394755e-06,—
thnography,2,5.13816526394755e-06,—
ethnographic,2,5.13816526394755e-06,—
socialware,2,5.13816526394755e-06,—
ariia,2,5.13816526394755e-06,—
etryk,2,5.13816526394755e-06,—
ylan,2,5.13816526394755e-06,—
stablish,2,5.13816526394755e-06,—
wiping,2,5.13816526394755e-06,—
coopted,2,5.13816526394755e-06,—
faked,2,5.13816526394755e-06,—
ews,2,5.13816526394755e-06,—
marble,2,5.13816526394755e-06,—
phemeral,2,5.13816526394755e-06,—
elvin,2,5.13816526394755e-06,—
saint,2,5.13816526394755e-06,—
biscuits,2,5.13816526394755e-06,—
flash,2,5.13816526394755e-06,—
rootwarp,2,5.13816526394755e-06,—
kim,2,5.13816526394755e-06,—
mprovised,2,5.13816526394755e-06,—
alculating,2,5.13816526394755e-06,—
noisy,2,5.13816526394755e-06,—
othermic,2,5.13816526394755e-06,—
fterwards,2,5.13816526394755e-06,—
feric,2,5.13816526394755e-06,—
esauriers,2,5.13816526394755e-06,—
amer,2,5.13816526394755e-06,—
sealed,2,5.13816526394755e-06,—
cats,2,5.13816526394755e-06,—
proofof,2,5.13816526394755e-06,—
weave,2,5.13816526394755e-06,—
workers,2,5.13816526394755e-06,—
journalists,2,5.13816526394755e-06,—
solidarity,2,5.13816526394755e-06,—
ambian,2,5.13816526394755e-06,—
anina,2,5.13816526394755e-06,—
specialist,2,5.13816526394755e-06,—
unwind,2,5.13816526394755e-06,—
overbook,2,5.13816526394755e-06,—
evconenct,2,5.13816526394755e-06,—
ontevideo,2,5.13816526394755e-06,—
ependable,2,5.13816526394755e-06,—
inoot,2,5.13816526394755e-06,—
ychiquito,2,5.13816526394755e-06,—
plonkish,2,5.13816526394755e-06,—
rtem,2,5.13816526394755e-06,—
rigor,2,5.13816526394755e-06,—
ssociate,2,5.13816526394755e-06,—
niep,2,5.13816526394755e-06,—
oong,2,5.13816526394755e-06,—
eickma,2,5.13816526394755e-06,—
rustless,2,5.13816526394755e-06,—
ulse,2,5.13816526394755e-06,—
mevboost,2,5.13816526394755e-06,—
pics,2,5.13816526394755e-06,—
redential,2,5.13816526394755e-06,—
utomatically,2,5.13816526394755e-06,—
rendered,2,5.13816526394755e-06,—
env,2,5.13816526394755e-06,—
ootnotes,2,5.13816526394755e-06,—
ute,2,5.13816526394755e-06,—
keying,2,5.13816526394755e-06,—
ttend,2,5.13816526394755e-06,—
raveling,2,5.13816526394755e-06,—
hysics,2,5.13816526394755e-06,—
orldbuilding,2,5.13816526394755e-06,—
hainproof,2,5.13816526394755e-06,—
insurtech,2,5.13816526394755e-06,—
newbies,2,5.13816526394755e-06,—
erd,2,5.13816526394755e-06,—
issio,2,5.13816526394755e-06,—
mike,2,5.13816526394755e-06,—
luniacllama,2,5.13816526394755e-06,—
regionally,2,5.13816526394755e-06,—
sraeli,2,5.13816526394755e-06,—
ibuzzer,2,5.13816526394755e-06,—
fuzzes,2,5.13816526394755e-06,—
gperftools,2,5.13816526394755e-06,—
profiler,2,5.13816526394755e-06,—
rofilertart,2,5.13816526394755e-06,—
rofilertop,2,5.13816526394755e-06,—
ontgomery,2,5.13816526394755e-06,—
hidra,2,5.13816526394755e-06,—
forgets,2,5.13816526394755e-06,—
detector,2,5.13816526394755e-06,—
unpredictability,2,5.13816526394755e-06,—
unity,2,5.13816526394755e-06,—
outwidth,2,5.13816526394755e-06,—
arrangements,2,5.13816526394755e-06,—
advisories,2,5.13816526394755e-06,—
oworking,2,5.13816526394755e-06,—
seat,2,5.13816526394755e-06,—
oamless,2,5.13816526394755e-06,—
whispers,2,5.13816526394755e-06,—
odcast,2,5.13816526394755e-06,—
inclusivity,2,5.13816526394755e-06,—
ulture,2,5.13816526394755e-06,—
atapalooza,2,5.13816526394755e-06,—
yperlink,2,5.13816526394755e-06,—
cornerstones,2,5.13816526394755e-06,—
uperchain,2,5.13816526394755e-06,—
ngage,2,5.13816526394755e-06,—
risis,2,5.13816526394755e-06,—
amidst,2,5.13816526394755e-06,—
pipelines,2,5.13816526394755e-06,—
fractured,2,5.13816526394755e-06,—
orthern,2,5.13816526394755e-06,—
hom,2,5.13816526394755e-06,—
underscoring,2,5.13816526394755e-06,—
giver,2,5.13816526394755e-06,—
iddle,2,5.13816526394755e-06,—
narch,2,5.13816526394755e-06,—
uzalu,2,5.13816526394755e-06,—
galleries,2,5.13816526394755e-06,—
competency,2,5.13816526394755e-06,—
ranklin,2,5.13816526394755e-06,—
hampagnat,2,5.13816526394755e-06,—
inland,2,5.13816526394755e-06,—
ochin,2,5.13816526394755e-06,—
incubation,2,5.13816526394755e-06,—
urdue,2,5.13816526394755e-06,—
thernaut,2,5.13816526394755e-06,—
elhi,2,5.13816526394755e-06,—
ntents,2,5.13816526394755e-06,—
iputakers,2,5.13816526394755e-06,—
anderbilt,2,5.13816526394755e-06,—
volution,2,5.13816526394755e-06,—
zmir,2,5.13816526394755e-06,—
dana,2,5.13816526394755e-06,—
az,2,5.13816526394755e-06,—
ão,2,5.13816526394755e-06,—
aulo,2,5.13816526394755e-06,—
rypteeper,2,5.13816526394755e-06,—
ntegratio,2,5.13816526394755e-06,—
haw,2,5.13816526394755e-06,—
avernier,2,5.13816526394755e-06,—
oussef,2,5.13816526394755e-06,—
soulbound,2,5.13816526394755e-06,—
alidou,2,5.13816526394755e-06,—
iagne,2,5.13816526394755e-06,—
jubmoji,2,5.13816526394755e-06,—
ynaallet,2,5.13816526394755e-06,—
champions,2,5.13816526394755e-06,—
ivek,2,5.13816526394755e-06,—
hupatiraju,2,5.13816526394755e-06,—
ubub,2,5.13816526394755e-06,—
oii,2,5.13816526394755e-06,—
visualizing,2,5.13816526394755e-06,—
olin,2,5.13816526394755e-06,—
amid,2,5.13816526394755e-06,—
suitability,2,5.13816526394755e-06,—
paving,2,5.13816526394755e-06,—
uthor,2,5.13816526394755e-06,—
kilic,2,5.13816526394755e-06,—
kzgceremony,2,5.13816526394755e-06,—
holesky,2,5.13816526394755e-06,—
tone,2,5.13816526394755e-06,—
merch,2,5.13816526394755e-06,—
chilling,2,5.13816526394755e-06,—
sg,2,5.13816526394755e-06,—
osé,2,5.13816526394755e-06,—
cientific,2,5.13816526394755e-06,—
rrol,2,5.13816526394755e-06,—
rummond,2,5.13816526394755e-06,—
tackelberg,2,5.13816526394755e-06,—
ikolaj,2,5.13816526394755e-06,—
aimo,2,5.13816526394755e-06,—
erifier,2,5.13816526394755e-06,—
ubmoji,2,5.13816526394755e-06,—
vo,2,5.13816526394755e-06,—
pylookup,2,5.13816526394755e-06,—
su,2,5.13816526394755e-06,—
ampa,2,5.13816526394755e-06,—
torus,2,5.13816526394755e-06,—
acrthur,2,5.13816526394755e-06,—
selectively,2,5.13816526394755e-06,—
ataset,2,5.13816526394755e-06,—
eongsu,2,5.13816526394755e-06,—
agen,2,5.13816526394755e-06,—
ova,2,5.13816526394755e-06,—
omoki,2,5.13816526394755e-06,—
aif,2,5.13816526394755e-06,—
atout,2,5.13816526394755e-06,—
zkync,2,5.13816526394755e-06,—
lnaz,2,5.13816526394755e-06,—
irikit,2,5.13816526394755e-06,—
toni,2,5.13816526394755e-06,—
liir,2,5.13816526394755e-06,—
ackages,2,5.13816526394755e-06,—
hances,2,5.13816526394755e-06,—
ilani,2,5.13816526394755e-06,—
ape,2,5.13816526394755e-06,—
angwal,2,5.13816526394755e-06,—
umbai,2,5.13816526394755e-06,—
alli,2,5.13816526394755e-06,—
seminar,2,5.13816526394755e-06,—
emitopologies,2,5.13816526394755e-06,—
abbay,2,5.13816526394755e-06,—
semitopologies,2,5.13816526394755e-06,—
declarative,2,5.13816526394755e-06,—
eaderless,2,5.13816526394755e-06,—
anul,2,5.13816526394755e-06,—
arihar,2,5.13816526394755e-06,—
fhe,2,5.13816526394755e-06,—
oddy,2,5.13816526394755e-06,—
onducting,2,5.13816526394755e-06,—
hangmin,2,5.13816526394755e-06,—
aymaster,2,5.13816526394755e-06,—
ishra,2,5.13816526394755e-06,—
amining,2,5.13816526394755e-06,—
reconfirmations,2,5.13816526394755e-06,—
preconfirmations,2,5.13816526394755e-06,—
advancement,2,5.13816526394755e-06,—
egin,2,5.13816526394755e-06,—
eceive,2,5.13816526394755e-06,—
recognizing,2,5.13816526394755e-06,—
betterment,2,5.13816526394755e-06,—
emonstrated,2,5.13816526394755e-06,—
ddie,2,5.13816526394755e-06,—
atters,2,5.13816526394755e-06,—
marine,2,5.13816526394755e-06,—
traceability,2,5.13816526394755e-06,—
eche,2,5.13816526394755e-06,—
odriguez,2,5.13816526394755e-06,—
utherland,2,5.13816526394755e-06,—
airo,2,5.13816526394755e-06,—
bases,2,5.13816526394755e-06,—
ergey,2,5.13816526394755e-06,—
aunov,2,5.13816526394755e-06,—
arreta,2,5.13816526394755e-06,—
ulnerabilities,2,5.13816526394755e-06,—
etal,2,5.13816526394755e-06,—
gpu,2,5.13816526394755e-06,—
irrus,2,5.13816526394755e-06,—
elegatio,2,5.13816526394755e-06,—
preprocessing,2,5.13816526394755e-06,—
univariate,2,5.13816526394755e-06,—
rameworks,2,5.13816526394755e-06,—
ultilinear,2,5.13816526394755e-06,—
losed,2,5.13816526394755e-06,—
deepen,2,5.13816526394755e-06,—
analytical,2,5.13816526394755e-06,—
baselines,2,5.13816526394755e-06,—
otics,2,5.13816526394755e-06,—
rowthepie,2,5.13816526394755e-06,—
rowdsourced,2,5.13816526394755e-06,—
abels,2,5.13816526394755e-06,—
labelling,2,5.13816526394755e-06,—
necessitates,2,5.13816526394755e-06,—
alletabels,2,5.13816526394755e-06,—
airobi,2,5.13816526394755e-06,—
apoca,2,5.13816526394755e-06,—
dian,2,5.13816526394755e-06,—
iencias,2,5.13816526394755e-06,—
apul,2,5.13816526394755e-06,—
aples,2,5.13816526394755e-06,—
entoring,2,5.13816526394755e-06,—
graduate,2,5.13816526394755e-06,—
ridam,2,5.13816526394755e-06,—
asu,2,5.13816526394755e-06,—
athematical,2,5.13816526394755e-06,—
circomlib,2,5.13816526394755e-06,—
erri,2,5.13816526394755e-06,—
ulkarni,2,5.13816526394755e-06,—
mpacts,2,5.13816526394755e-06,—
estaking,2,5.13816526394755e-06,—
ijing,2,5.13816526394755e-06,—
autista,2,5.13816526394755e-06,—
frontiers,2,5.13816526394755e-06,—
bangkok,2,5.13816526394755e-06,—
ingledine,2,5.13816526394755e-06,—
interdisciplinary,2,5.13816526394755e-06,—
eisser,2,5.13816526394755e-06,—
visio,2,5.13816526394755e-06,—
nchain,2,5.13816526394755e-06,—
ardeners,2,5.13816526394755e-06,—
reators,2,5.13816526394755e-06,—
acktivism,2,5.13816526394755e-06,—
visuals,2,5.13816526394755e-06,—
jam,2,5.13816526394755e-06,—
ooms,2,5.13816526394755e-06,—
ecodev,2,5.13816526394755e-06,—
gamifies,2,5.13816526394755e-06,—
etagov,2,5.13816526394755e-06,—
ctant,2,5.13816526394755e-06,—
generously,2,5.13816526394755e-06,—
mekong,2,5.13816526394755e-06,—
advocating,2,5.13816526394755e-06,—
ybit,2,5.13816526394755e-06,—
ormhole,2,5.13816526394755e-06,—
hei,2,5.13816526394755e-06,—
itania,2,5.13816526394755e-06,—
ogdan,2,5.13816526394755e-06,—
alkan,2,5.13816526394755e-06,—
ioba,2,5.13816526394755e-06,—
eimbach,2,5.13816526394755e-06,—
andada,2,5.13816526394755e-06,—
ccelerating,2,5.13816526394755e-06,—
blivious,2,5.13816526394755e-06,—
inear,2,5.13816526394755e-06,—
onobe,2,5.13816526394755e-06,—
synthesize,2,5.13816526394755e-06,—
ovel,2,5.13816526394755e-06,—
realign,2,5.13816526394755e-06,—
ompetition,2,5.13816526394755e-06,—
ambur,2,5.13816526394755e-06,—
oav,2,5.13816526394755e-06,—
eiss,2,5.13816526394755e-06,—
ilbert,2,5.13816526394755e-06,—
frogs,2,5.13816526394755e-06,—
liberalism,2,5.13816526394755e-06,—
hmed,2,5.13816526394755e-06,—
nbn,2,5.13816526394755e-06,—
avoy,2,5.13816526394755e-06,—
estitution,2,5.13816526394755e-06,—
elational,2,5.13816526394755e-06,—
thics,2,5.13816526394755e-06,—
patrons,2,5.13816526394755e-06,—
masks,2,5.13816526394755e-06,—
anthropologists,2,5.13816526394755e-06,—
casts,2,5.13816526394755e-06,—
wedish,2,5.13816526394755e-06,—
hibit,2,5.13816526394755e-06,—
etbillionethereum,2,5.13816526394755e-06,—
udget,2,5.13816526394755e-06,—
uthenticated,2,5.13816526394755e-06,—
ionysis,2,5.13816526394755e-06,—
indros,2,5.13816526394755e-06,—
refi,2,5.13816526394755e-06,—
calable,2,5.13816526394755e-06,—
ssoc,2,5.13816526394755e-06,—
eometry,2,5.13816526394755e-06,—
orenzo,2,5.13816526394755e-06,—
onos,2,5.13816526394755e-06,—
elsie,2,5.13816526394755e-06,—
abbe,2,5.13816526394755e-06,—
nindya,2,5.13816526394755e-06,—
aiti,2,5.13816526394755e-06,—
eidenberger,2,5.13816526394755e-06,—
lec,2,5.13816526394755e-06,—
okol,2,5.13816526394755e-06,—
rihn,2,5.13816526394755e-06,—
ristan,2,5.13816526394755e-06,—
ony,2,5.13816526394755e-06,—
shyam,2,5.13816526394755e-06,—
sridhar,2,5.13816526394755e-06,—
permissive,2,5.13816526394755e-06,—
ecisions,2,5.13816526394755e-06,—
acktoberfest,2,5.13816526394755e-06,—
ycle,2,5.13816526394755e-06,—
cooldown,2,5.13816526394755e-06,—
rticles,2,5.13816526394755e-06,—
ashcaster,2,5.13816526394755e-06,—
zkecurity,2,5.13816526394755e-06,—
eplicating,2,5.13816526394755e-06,—
typesafe,2,5.13816526394755e-06,—
pitters,2,5.13816526394755e-06,—
certified,2,5.13816526394755e-06,—
evem,2,5.13816526394755e-06,—
ncident,2,5.13816526394755e-06,—
atomically,2,5.13816526394755e-06,—
authorizations,2,5.13816526394755e-06,—
revokes,2,5.13816526394755e-06,—
lingering,2,5.13816526394755e-06,—
vestige,2,5.13816526394755e-06,—
aldanha,2,5.13816526394755e-06,—
ttestatio,2,5.13816526394755e-06,—
ctivatio,2,5.13816526394755e-06,—
deciders,2,5.13816526394755e-06,—
lectra,2,5.13816526394755e-06,—
aurus,2,5.13816526394755e-06,—
olonina,2,5.13816526394755e-06,—
otao,2,5.13816526394755e-06,—
ungiync,2,5.13816526394755e-06,—
iliia,2,5.13816526394755e-06,—
ladenovic,2,5.13816526394755e-06,—
ayering,2,5.13816526394755e-06,—
upholding,2,5.13816526394755e-06,—
minimalism,2,5.13816526394755e-06,—
coordinatio,2,5.13816526394755e-06,—
houghtful,2,5.13816526394755e-06,—
daptive,2,5.13816526394755e-06,—
urposeful,2,5.13816526394755e-06,—
endures,2,5.13816526394755e-06,—
almos,2,5.13816526394755e-06,—
iconic,2,5.13816526394755e-06,—
supportdevco,2,5.13816526394755e-06,—
walkable,2,5.13816526394755e-06,—
rgentinian,2,5.13816526394755e-06,—
ubscribe,2,5.13816526394755e-06,—
torchenegger,2,5.13816526394755e-06,—
inclusio,2,5.13816526394755e-06,—
eclined,2,5.13816526394755e-06,—
hanced,2,5.13816526394755e-06,—
appointments,2,5.13816526394755e-06,—
astian,2,5.13816526394755e-06,—
trengthening,2,5.13816526394755e-06,—
hsiao,2,5.13816526394755e-06,—
underpins,2,5.13816526394755e-06,—
oversight,2,5.13816526394755e-06,—
headliner,2,5.13816526394755e-06,—
onsidered,2,5.13816526394755e-06,—
ternship,2,5.13816526394755e-06,—
statetest,2,5.13816526394755e-06,—
reporter,2,5.13816526394755e-06,—
eierstraß,2,5.13816526394755e-06,—
twists,2,5.13816526394755e-06,—
entrum,2,5.13816526394755e-06,—
tank,2,5.13816526394755e-06,—
ordoba,2,5.13816526394755e-06,—
tackooeep,2,5.13816526394755e-06,—
jvm,2,5.13816526394755e-06,—
erti,2,5.13816526394755e-06,—
erus,2,5.13816526394755e-06,—
meldsu,2,5.13816526394755e-06,—
therealize,2,5.13816526394755e-06,—
rotki,2,5.13816526394755e-06,—
reasury,2,5.13816526394755e-06,—
eployments,2,5.13816526394755e-06,—
surveillance,2,5.13816526394755e-06,—
ickoff,2,5.13816526394755e-06,—
migh,1,2.569082631973775e-06,—
gimiick,1,2.569082631973775e-06,—
invulnerable,1,2.569082631973775e-06,—
overnments,1,2.569082631973775e-06,—
apster,1,2.569082631973775e-06,—
nutella,1,2.569082631973775e-06,—
lizzard,1,2.569082631973775e-06,—
multiplayer,1,2.569082631973775e-06,—
arcraft,1,2.569082631973775e-06,—
purest,1,2.569082631973775e-06,—
shackles,1,2.569082631973775e-06,—
nymity,1,2.569082631973775e-06,—
imprisonment,1,2.569082631973775e-06,—
reassurance,1,2.569082631973775e-06,—
harassment,1,2.569082631973775e-06,—
disaffected,1,2.569082631973775e-06,—
concealing,1,2.569082631973775e-06,—
relativity,1,2.569082631973775e-06,—
pseudonym,1,2.569082631973775e-06,—
homeless,1,2.569082631973775e-06,—
reassure,1,2.569082631973775e-06,—
implemening,1,2.569082631973775e-06,—
identites,1,2.569082631973775e-06,—
spell,1,2.569082631973775e-06,—
actualy,1,2.569082631973775e-06,—
circumvented,1,2.569082631973775e-06,—
spellchecker,1,2.569082631973775e-06,—
inserts,1,2.569082631973775e-06,—
spelling,1,2.569082631973775e-06,—
rearranges,1,2.569082631973775e-06,—
grammatical,1,2.569082631973775e-06,—
warfare,1,2.569082631973775e-06,—
anonymize,1,2.569082631973775e-06,—
fugitive,1,2.569082631973775e-06,—
dissident,1,2.569082631973775e-06,—
speficially,1,2.569082631973775e-06,—
administer,1,2.569082631973775e-06,—
constitution,1,2.569082631973775e-06,—
essig,1,2.569082631973775e-06,—
uneplored,1,2.569082631973775e-06,—
evcoi,1,2.569082631973775e-06,—
dying,1,2.569082631973775e-06,—
wills,1,2.569082631973775e-06,—
divider,1,2.569082631973775e-06,—
restraints,1,2.569082631973775e-06,—
coerce,1,2.569082631973775e-06,—
erye,1,2.569082631973775e-06,—
esee,1,2.569082631973775e-06,—
corr,1,2.569082631973775e-06,—
hani,1,2.569082631973775e-06,—
rec,1,2.569082631973775e-06,—
ocr,1,2.569082631973775e-06,—
yser,1,2.569082631973775e-06,—
seo,1,2.569082631973775e-06,—
hmai,1,2.569082631973775e-06,—
aini,1,2.569082631973775e-06,—
ocoerce,1,2.569082631973775e-06,—
ys,1,2.569082631973775e-06,—
eyc,1,2.569082631973775e-06,—
norporations,1,2.569082631973775e-06,—
itt,1,2.569082631973775e-06,—
omney,1,2.569082631973775e-06,—
partisans,1,2.569082631973775e-06,—
designation,1,2.569082631973775e-06,—
forseeable,1,2.569082631973775e-06,—
automobiles,1,2.569082631973775e-06,—
laborers,1,2.569082631973775e-06,—
inviolable,1,2.569082631973775e-06,—
armier,1,2.569082631973775e-06,—
oldinghome,1,2.569082631973775e-06,—
decentrally,1,2.569082631973775e-06,—
seventy,1,2.569082631973775e-06,—
refuses,1,2.569082631973775e-06,—
reconstructed,1,2.569082631973775e-06,—
eally,1,2.569082631973775e-06,—
letstalkbitcoin,1,2.569082631973775e-06,—
overpaying,1,2.569082631973775e-06,—
automatons,1,2.569082631973775e-06,—
ermelo,1,2.569082631973775e-06,—
raenkel,1,2.569082631973775e-06,—
aioms,1,2.569082631973775e-06,—
bb,1,2.569082631973775e-06,—
miscreant,1,2.569082631973775e-06,—
gleam,1,2.569082631973775e-06,—
repeats,1,2.569082631973775e-06,—
hyperinflation,1,2.569082631973775e-06,—
underying,1,2.569082631973775e-06,—
conspiracy,1,2.569082631973775e-06,—
fudge,1,2.569082631973775e-06,—
wowuld,1,2.569082631973775e-06,—
droughts,1,2.569082631973775e-06,—
cting,1,2.569082631973775e-06,—
reasoned,1,2.569082631973775e-06,—
ypygiqshjbjzformatjso,1,2.569082631973775e-06,—
ypygiqshjbjz,1,2.569082631973775e-06,—
nteracting,1,2.569082631973775e-06,—
fervent,1,2.569082631973775e-06,—
ostile,1,2.569082631973775e-06,—
akeovers,1,2.569082631973775e-06,—
infected,1,2.569082631973775e-06,—
surety,1,2.569082631973775e-06,—
breaches,1,2.569082631973775e-06,—
fears,1,2.569082631973775e-06,—
heartless,1,2.569082631973775e-06,—
robot,1,2.569082631973775e-06,—
imposing,1,2.569082631973775e-06,—
fist,1,2.569082631973775e-06,—
upplementary,1,2.569082631973775e-06,—
chest,1,2.569082631973775e-06,—
tacotime,1,2.569082631973775e-06,—
alker,1,2.569082631973775e-06,—
releasd,1,2.569082631973775e-06,—
monopolize,1,2.569082631973775e-06,—
outrace,1,2.569082631973775e-06,—
selfishly,1,2.569082631973775e-06,—
deathblow,1,2.569082631973775e-06,—
harshly,1,2.569082631973775e-06,—
ratted,1,2.569082631973775e-06,—
cheater,1,2.569082631973775e-06,—
inconsequential,1,2.569082631973775e-06,—
nfirst,1,2.569082631973775e-06,—
acutely,1,2.569082631973775e-06,—
plaguing,1,2.569082631973775e-06,—
foray,1,2.569082631973775e-06,—
imprint,1,2.569082631973775e-06,—
arnes,1,2.569082631973775e-06,—
ounding,1,2.569082631973775e-06,—
oskinso,1,2.569082631973775e-06,—
nalytic,1,2.569082631973775e-06,—
horology,1,2.569082631973775e-06,—
evangelists,1,2.569082631973775e-06,—
bscura,1,2.569082631973775e-06,—
manuele,1,2.569082631973775e-06,—
ombrozo,1,2.569082631973775e-06,—
rchitect,1,2.569082631973775e-06,—
vangelism,1,2.569082631973775e-06,—
ogos,1,2.569082631973775e-06,—
hetrit,1,2.569082631973775e-06,—
olored,1,2.569082631973775e-06,—
oins,1,2.569082631973775e-06,—
akh,1,2.569082631973775e-06,—
kyle,1,2.569082631973775e-06,—
urbegovich,1,2.569082631973775e-06,—
retained,1,2.569082631973775e-06,—
umint,1,2.569082631973775e-06,—
itmessage,1,2.569082631973775e-06,—
fallacy,1,2.569082631973775e-06,—
aba,1,2.569082631973775e-06,—
eeo,1,2.569082631973775e-06,—
ugliest,1,2.569082631973775e-06,—
accompanies,1,2.569082631973775e-06,—
igou,1,2.569082631973775e-06,—
idealized,1,2.569082631973775e-06,—
cn,1,2.569082631973775e-06,—
gi,1,2.569082631973775e-06,—
gn,1,2.569082631973775e-06,—
locates,1,2.569082631973775e-06,—
vk,1,2.569082631973775e-06,—
eory,1,2.569082631973775e-06,—
ecos,1,2.569082631973775e-06,—
tl,1,2.569082631973775e-06,—
ces,1,2.569082631973775e-06,—
zy,1,2.569082631973775e-06,—
reo,1,2.569082631973775e-06,—
oligarchic,1,2.569082631973775e-06,—
ysee,1,2.569082631973775e-06,—
warming,1,2.569082631973775e-06,—
taation,1,2.569082631973775e-06,—
doles,1,2.569082631973775e-06,—
crytocurrency,1,2.569082631973775e-06,—
parenthash,1,2.569082631973775e-06,—
basefees,1,2.569082631973775e-06,—
abitrarily,1,2.569082631973775e-06,—
memoized,1,2.569082631973775e-06,—
eduplicatio,1,2.569082631973775e-06,—
deduplicate,1,2.569082631973775e-06,—
urely,1,2.569082631973775e-06,—
factorial,1,2.569082631973775e-06,—
getbalance,1,2.569082631973775e-06,—
sendtoaddress,1,2.569082631973775e-06,—
wubhmgitjtyqhbgfy,1,2.569082631973775e-06,—
rf,1,2.569082631973775e-06,—
sigs,1,2.569082631973775e-06,—
coderoot,1,2.569082631973775e-06,—
instantiates,1,2.569082631973775e-06,—
umbersome,1,2.569082631973775e-06,—
hid,1,2.569082631973775e-06,—
harming,1,2.569082631973775e-06,—
libnde,1,2.569082631973775e-06,—
codende,1,2.569082631973775e-06,—
ckerma,1,2.569082631973775e-06,—
swaths,1,2.569082631973775e-06,—
amian,1,2.569082631973775e-06,—
erner,1,2.569082631973775e-06,—
ioin,1,2.569082631973775e-06,—
criticizes,1,2.569082631973775e-06,—
commision,1,2.569082631973775e-06,—
infancy,1,2.569082631973775e-06,—
contraption,1,2.569082631973775e-06,—
incompetent,1,2.569082631973775e-06,—
hurtling,1,2.569082631973775e-06,—
kilometers,1,2.569082631973775e-06,—
bolt,1,2.569082631973775e-06,—
qualm,1,2.569082631973775e-06,—
fluidly,1,2.569082631973775e-06,—
notwithstanding,1,2.569082631973775e-06,—
ben,1,2.569082631973775e-06,—
sponge,1,2.569082631973775e-06,—
generators,1,2.569082631973775e-06,—
roprietary,1,2.569082631973775e-06,—
nail,1,2.569082631973775e-06,—
coffin,1,2.569082631973775e-06,—
raig,1,2.569082631973775e-06,—
decryptor,1,2.569082631973775e-06,—
bfuscate,1,2.569082631973775e-06,—
onstruct,1,2.569082631973775e-06,—
adder,1,2.569082631973775e-06,—
authorizing,1,2.569082631973775e-06,—
gentlemen,1,2.569082631973775e-06,—
codifying,1,2.569082631973775e-06,—
circumscribed,1,2.569082631973775e-06,—
plagues,1,2.569082631973775e-06,—
pillage,1,2.569082631973775e-06,—
gentleman,1,2.569082631973775e-06,—
betray,1,2.569082631973775e-06,—
rbitrators,1,2.569082631973775e-06,—
itongress,1,2.569082631973775e-06,—
rebuttals,1,2.569082631973775e-06,—
underworld,1,2.569082631973775e-06,—
ifer,1,2.569082631973775e-06,—
hasky,1,2.569082631973775e-06,—
alvery,1,2.569082631973775e-06,—
nitcoin,1,2.569082631973775e-06,—
regory,1,2.569082631973775e-06,—
awell,1,2.569082631973775e-06,—
mutate,1,2.569082631973775e-06,—
abusively,1,2.569082631973775e-06,—
mutant,1,2.569082631973775e-06,—
syndrome,1,2.569082631973775e-06,—
pejorative,1,2.569082631973775e-06,—
quoted,1,2.569082631973775e-06,—
foolish,1,2.569082631973775e-06,—
acclaimed,1,2.569082631973775e-06,—
mislead,1,2.569082631973775e-06,—
ncalability,1,2.569082631973775e-06,—
skyrocketed,1,2.569082631973775e-06,—
tenfold,1,2.569082631973775e-06,—
spaceare,1,2.569082631973775e-06,—
partway,1,2.569082631973775e-06,—
helpless,1,2.569082631973775e-06,—
morphs,1,2.569082631973775e-06,—
untrustworthy,1,2.569082631973775e-06,—
parallelizable,1,2.569082631973775e-06,—
nullified,1,2.569082631973775e-06,—
assomplished,1,2.569082631973775e-06,—
uninformed,1,2.569082631973775e-06,—
breaching,1,2.569082631973775e-06,—
freshman,1,2.569082631973775e-06,—
automata,1,2.569082631973775e-06,—
therelease,1,2.569082631973775e-06,—
bottles,1,2.569082631973775e-06,—
ommodity,1,2.569082631973775e-06,—
etymology,1,2.569082631973775e-06,—
seashells,1,2.569082631973775e-06,—
lu,1,2.569082631973775e-06,—
federal,1,2.569082631973775e-06,—
meshes,1,2.569082631973775e-06,—
littering,1,2.569082631973775e-06,—
ify,1,2.569082631973775e-06,—
paragon,1,2.569082631973775e-06,—
udges,1,2.569082631973775e-06,—
quits,1,2.569082631973775e-06,—
delineated,1,2.569082631973775e-06,—
judgements,1,2.569082631973775e-06,—
falsehood,1,2.569082631973775e-06,—
appraise,1,2.569082631973775e-06,—
damages,1,2.569082631973775e-06,—
spheres,1,2.569082631973775e-06,—
bookstore,1,2.569082631973775e-06,—
indle,1,2.569082631973775e-06,—
adjudication,1,2.569082631973775e-06,—
escrowing,1,2.569082631973775e-06,—
ryptohrift,1,2.569082631973775e-06,—
speculate,1,2.569082631973775e-06,—
equalize,1,2.569082631973775e-06,—
adjudicating,1,2.569082631973775e-06,—
pecialization,1,2.569082631973775e-06,—
berries,1,2.569082631973775e-06,—
shrunken,1,2.569082631973775e-06,—
losures,1,2.569082631973775e-06,—
deferred,1,2.569082631973775e-06,—
passthrough,1,2.569082631973775e-06,—
masteps,1,2.569082631973775e-06,—
precalculate,1,2.569082631973775e-06,—
ditch,1,2.569082631973775e-06,—
complain,1,2.569082631973775e-06,—
hereby,1,2.569082631973775e-06,—
prepending,1,2.569082631973775e-06,—
nonviable,1,2.569082631973775e-06,—
erminology,1,2.569082631973775e-06,—
inspecting,1,2.569082631973775e-06,—
ctors,1,2.569082631973775e-06,—
indentity,1,2.569082631973775e-06,—
ransactio,1,2.569082631973775e-06,—
eistant,1,2.569082631973775e-06,—
ncorporated,1,2.569082631973775e-06,—
detriment,1,2.569082631973775e-06,—
scrypt,1,2.569082631973775e-06,—
anmi,1,2.569082631973775e-06,—
havs,1,2.569082631973775e-06,—
calulations,1,2.569082631973775e-06,—
optimizable,1,2.569082631973775e-06,—
battling,1,2.569082631973775e-06,—
poisoning,1,2.569082631973775e-06,—
poisoned,1,2.569082631973775e-06,—
poison,1,2.569082631973775e-06,—
itay,1,2.569082631973775e-06,—
cer,1,2.569082631973775e-06,—
ses,1,2.569082631973775e-06,—
itpay,1,2.569082631973775e-06,—
solitary,1,2.569082631973775e-06,—
confinement,1,2.569082631973775e-06,—
riminal,1,2.569082631973775e-06,—
prisoners,1,2.569082631973775e-06,—
imits,1,2.569082631973775e-06,—
hazy,1,2.569082631973775e-06,—
chells,1,2.569082631973775e-06,—
scrutiny,1,2.569082631973775e-06,—
redo,1,2.569082631973775e-06,—
surmountable,1,2.569082631973775e-06,—
gavwood,1,2.569082631973775e-06,—
ouwu,1,2.569082631973775e-06,—
eldmeier,1,2.569082631973775e-06,—
managerial,1,2.569082631973775e-06,—
bcdbfbdcaefe,1,2.569082631973775e-06,—
usdprice,1,2.569082631973775e-06,—
ethcontract,1,2.569082631973775e-06,—
multifeedcontract,1,2.569082631973775e-06,—
inparray,1,2.569082631973775e-06,—
outarray,1,2.569082631973775e-06,—
setch,1,2.569082631973775e-06,—
getch,1,2.569082631973775e-06,—
decetralized,1,2.569082631973775e-06,—
comprehensions,1,2.569082631973775e-06,—
closures,1,2.569082631973775e-06,—
incomprehensible,1,2.569082631973775e-06,—
bbaf,1,2.569082631973775e-06,—
yping,1,2.569082631973775e-06,—
bbafbbbfbbf,1,2.569082631973775e-06,—
mantra,1,2.569082631973775e-06,—
vbuterinblhblhmnky,1,2.569082631973775e-06,—
blanket,1,2.569082631973775e-06,—
mkgenesis,1,2.569082631973775e-06,—
fbfaeaadccdedecdaabbbccdadbafafddabcdddbfcdbaccfebaebeffadeacfafdcbeabffcdfbafbbbeeaeeffefbcc,1,2.569082631973775e-06,—
fcedaafbbafbbbfbbf,1,2.569082631973775e-06,—
startgas,1,2.569082631973775e-06,—
yethtool,1,2.569082631973775e-06,—
fefdaadccdedecdaabbbccdadbafafddabcecbfffcbefebbfffdaacafadcdcaaffefbecfeafdadeacfbafdcbeabffcdfbafbbbeeaeeffefbfafabffedaafbbafbbbfbbfcababefadcaffeafcafbfdffcaafbcaccffbdcaaeaabefbfccadbfabcecbfffcbefebbfffdaacbc,1,2.569082631973775e-06,—
statedb,1,2.569082631973775e-06,—
deserialize,1,2.569082631973775e-06,—
faedadaceffebffccecfabfdbacffdadbcbeedfbcfcaedcfcefdefcdeddfcdbedcb,1,2.569082631973775e-06,—
fefdaadccdedecdaabbbccdadbafafddaddfadbcfbbdcdaebbbfdffeebaddbcfbeeffccbabccddcdfccbdeacfafafdcbeabffcdfbafbbbeeaeeffefbffabffedaafbbafbbbfbbfcababefadcaffeafcafbfdffcaafbcaccffbdcaaeaabefbfccadbfabcecbfffcbefebbfffdaacbfcdbafaedadaceffebffccecfabfdbacffdadbcbeedfbcfcaedcfcefdefcdeddfcdbedcbaddfadbcfbbdcdaebbbfdffeebafc,1,2.569082631973775e-06,—
getstate,1,2.569082631973775e-06,—
fdfadbicfbdcdaebbbfdffegeb,1,2.569082631973775e-06,—
didbcfbeeffccb,1,2.569082631973775e-06,—
abcddcdffb,1,2.569082631973775e-06,—
bbbfbbf,1,2.569082631973775e-06,—
succceed,1,2.569082631973775e-06,—
bdb,1,2.569082631973775e-06,—
bbbsdaedn,1,2.569082631973775e-06,—
ebbfbbf,1,2.569082631973775e-06,—
ifcontract,1,2.569082631973775e-06,—
storagecdadfecdecabcfedfdd,1,2.569082631973775e-06,—
storageaddr,1,2.569082631973775e-06,—
monstrosity,1,2.569082631973775e-06,—
bulky,1,2.569082631973775e-06,—
slips,1,2.569082631973775e-06,—
substituted,1,2.569082631973775e-06,—
syntaes,1,2.569082631973775e-06,—
outstart,1,2.569082631973775e-06,—
outlength,1,2.569082631973775e-06,—
sticks,1,2.569082631973775e-06,—
ustice,1,2.569082631973775e-06,—
skeleton,1,2.569082631973775e-06,—
ften,1,2.569082631973775e-06,—
disinflationary,1,2.569082631973775e-06,—
isinflation,1,2.569082631973775e-06,—
shrinks,1,2.569082631973775e-06,—
perpetuity,1,2.569082631973775e-06,—
dapted,1,2.569082631973775e-06,—
ittal,1,2.569082631973775e-06,—
etant,1,2.569082631973775e-06,—
wage,1,2.569082631973775e-06,—
borrowers,1,2.569082631973775e-06,—
outpace,1,2.569082631973775e-06,—
algorithmically,1,2.569082631973775e-06,—
mandated,1,2.569082631973775e-06,—
profligate,1,2.569082631973775e-06,—
emulate,1,2.569082631973775e-06,—
possesses,1,2.569082631973775e-06,—
hoarding,1,2.569082631973775e-06,—
underlie,1,2.569082631973775e-06,—
fizzled,1,2.569082631973775e-06,—
monetizing,1,2.569082631973775e-06,—
crippleware,1,2.569082631973775e-06,—
userbase,1,2.569082631973775e-06,—
limsy,1,2.569082631973775e-06,—
oats,1,2.569082631973775e-06,—
ictators,1,2.569082631973775e-06,—
napchat,1,2.569082631973775e-06,—
inder,1,2.569082631973775e-06,—
ethereal,1,2.569082631973775e-06,—
toppled,1,2.569082631973775e-06,—
dictators,1,2.569082631973775e-06,—
brutally,1,2.569082631973775e-06,—
thrones,1,2.569082631973775e-06,—
aethereum,1,2.569082631973775e-06,—
cloned,1,2.569082631973775e-06,—
predominantly,1,2.569082631973775e-06,—
sity,1,2.569082631973775e-06,—
posure,1,2.569082631973775e-06,—
torrents,1,2.569082631973775e-06,—
ressure,1,2.569082631973775e-06,—
filesharing,1,2.569082631973775e-06,—
wrest,1,2.569082631973775e-06,—
agreeable,1,2.569082631973775e-06,—
ofte,1,2.569082631973775e-06,—
cosystemic,1,2.569082631973775e-06,—
interdependencies,1,2.569082631973775e-06,—
bore,1,2.569082631973775e-06,—
paranoid,1,2.569082631973775e-06,—
megacorporate,1,2.569082631973775e-06,—
aspire,1,2.569082631973775e-06,—
admitting,1,2.569082631973775e-06,—
crystallize,1,2.569082631973775e-06,—
ittle,1,2.569082631973775e-06,—
obby,1,2.569082631973775e-06,—
oints,1,2.569082631973775e-06,—
politicization,1,2.569082631973775e-06,—
depoliticization,1,2.569082631973775e-06,—
malleable,1,2.569082631973775e-06,—
stacktraces,1,2.569082631973775e-06,—
unseat,1,2.569082631973775e-06,—
carving,1,2.569082631973775e-06,—
eordering,1,2.569082631973775e-06,—
dataout,1,2.569082631973775e-06,—
otto,1,2.569082631973775e-06,—
elided,1,2.569082631973775e-06,—
ebbafbbf,1,2.569082631973775e-06,—
initializer,1,2.569082631973775e-06,—
initializers,1,2.569082631973775e-06,—
spawn,1,2.569082631973775e-06,—
spawner,1,2.569082631973775e-06,—
doubler,1,2.569082631973775e-06,—
ntoouter,1,2.569082631973775e-06,—
decorator,1,2.569082631973775e-06,—
dacs,1,2.569082631973775e-06,—
das,1,2.569082631973775e-06,—
itngels,1,2.569082631973775e-06,—
ism,1,2.569082631973775e-06,—
lurking,1,2.569082631973775e-06,—
invididual,1,2.569082631973775e-06,—
frustrated,1,2.569082631973775e-06,—
ka,1,2.569082631973775e-06,—
relinquish,1,2.569082631973775e-06,—
verdict,1,2.569082631973775e-06,—
speculating,1,2.569082631973775e-06,—
gents,1,2.569082631973775e-06,—
organism,1,2.569082631973775e-06,—
benign,1,2.569082631973775e-06,—
manufacture,1,2.569082631973775e-06,—
viruses,1,2.569082631973775e-06,—
icrotroni,1,2.569082631973775e-06,—
penultimate,1,2.569082631973775e-06,—
generalizing,1,2.569082631973775e-06,—
neutralize,1,2.569082631973775e-06,—
namecoins,1,2.569082631973775e-06,—
uppliers,1,2.569082631973775e-06,—
decentralizes,1,2.569082631973775e-06,—
murkiest,1,2.569082631973775e-06,—
saleable,1,2.569082631973775e-06,—
dictatorships,1,2.569082631973775e-06,—
tokfpmonsq,1,2.569082631973775e-06,—
aberration,1,2.569082631973775e-06,—
shopowners,1,2.569082631973775e-06,—
tilted,1,2.569082631973775e-06,—
overtook,1,2.569082631973775e-06,—
imperfection,1,2.569082631973775e-06,—
purchaseable,1,2.569082631973775e-06,—
confiscated,1,2.569082631973775e-06,—
investable,1,2.569082631973775e-06,—
irrepudiable,1,2.569082631973775e-06,—
spelled,1,2.569082631973775e-06,—
cognoscenti,1,2.569082631973775e-06,—
ryptofuel,1,2.569082631973775e-06,—
kickstarter,1,2.569082631973775e-06,—
possessing,1,2.569082631973775e-06,—
diffuses,1,2.569082631973775e-06,—
invokable,1,2.569082631973775e-06,—
responsively,1,2.569082631973775e-06,—
unusual,1,2.569082631973775e-06,—
kludgey,1,2.569082631973775e-06,—
unprocessed,1,2.569082631973775e-06,—
acyclic,1,2.569082631973775e-06,—
ffbafeacbcdbdbbafaaeafecaffeef,1,2.569082631973775e-06,—
ollywood,1,2.569082631973775e-06,—
retrofitted,1,2.569082631973775e-06,—
unresolved,1,2.569082631973775e-06,—
xbox,1,2.569082631973775e-06,—
ecessity,1,2.569082631973775e-06,—
entertainment,1,2.569082631973775e-06,—
hollow,1,2.569082631973775e-06,—
systematized,1,2.569082631973775e-06,—
andate,1,2.569082631973775e-06,—
rolltech,1,2.569082631973775e-06,—
igia,1,2.569082631973775e-06,—
ordress,1,2.569082631973775e-06,—
andset,1,2.569082631973775e-06,—
icrosystems,1,2.569082631973775e-06,—
shepherd,1,2.569082631973775e-06,—
nonpartisan,1,2.569082631973775e-06,—
auspices,1,2.569082631973775e-06,—
philosophically,1,2.569082631973775e-06,—
penalary,1,2.569082631973775e-06,—
penrganization,1,2.569082631973775e-06,—
carryovers,1,2.569082631973775e-06,—
pegs,1,2.569082631973775e-06,—
distributor,1,2.569082631973775e-06,—
bureaucrat,1,2.569082631973775e-06,—
elaed,1,2.569082631973775e-06,—
rimecoi,1,2.569082631973775e-06,—
disagreed,1,2.569082631973775e-06,—
adjacenti,1,2.569082631973775e-06,—
rein,1,2.569082631973775e-06,—
hawk,1,2.569082631973775e-06,—
dove,1,2.569082631973775e-06,—
ratting,1,2.569082631973775e-06,—
terabytes,1,2.569082631973775e-06,—
enetic,1,2.569082631973775e-06,—
spaceflight,1,2.569082631973775e-06,—
trajectories,1,2.569082631973775e-06,—
aerodynamic,1,2.569082631973775e-06,—
conscript,1,2.569082631973775e-06,—
armies,1,2.569082631973775e-06,—
crowdfund,1,2.569082631973775e-06,—
latch,1,2.569082631973775e-06,—
commanding,1,2.569082631973775e-06,—
siphoned,1,2.569082631973775e-06,—
demarchy,1,2.569082631973775e-06,—
crudest,1,2.569082631973775e-06,—
holarchy,1,2.569082631973775e-06,—
subtokens,1,2.569082631973775e-06,—
maimumi,1,2.569082631973775e-06,—
maimizes,1,2.569082631973775e-06,—
overthrown,1,2.569082631973775e-06,—
gasoline,1,2.569082631973775e-06,—
eneticlgooin,1,2.569082631973775e-06,—
utarchyoin,1,2.569082631973775e-06,—
arliamentoin,1,2.569082631973775e-06,—
dumped,1,2.569082631973775e-06,—
cruft,1,2.569082631973775e-06,—
reaps,1,2.569082631973775e-06,—
theorists,1,2.569082631973775e-06,—
susrvives,1,2.569082631973775e-06,—
randomized,1,2.569082631973775e-06,—
subsequence,1,2.569082631973775e-06,—
chopping,1,2.569082631973775e-06,—
graft,1,2.569082631973775e-06,—
disappearing,1,2.569082631973775e-06,—
republish,1,2.569082631973775e-06,—
defauly,1,2.569082631973775e-06,—
datastore,1,2.569082631973775e-06,—
mountain,1,2.569082631973775e-06,—
etherum,1,2.569082631973775e-06,—
benefitted,1,2.569082631973775e-06,—
absorption,1,2.569082631973775e-06,—
necentralization,1,2.569082631973775e-06,—
ruckus,1,2.569082631973775e-06,—
amass,1,2.569082631973775e-06,—
ablaze,1,2.569082631973775e-06,—
clash,1,2.569082631973775e-06,—
complacency,1,2.569082631973775e-06,—
mobilized,1,2.569082631973775e-06,—
refusing,1,2.569082631973775e-06,—
subsided,1,2.569082631973775e-06,—
lengthening,1,2.569082631973775e-06,—
unfortuantely,1,2.569082631973775e-06,—
incrementing,1,2.569082631973775e-06,—
eepbit,1,2.569082631973775e-06,—
brands,1,2.569082631973775e-06,—
dynamism,1,2.569082631973775e-06,—
ligius,1,2.569082631973775e-06,—
inculcating,1,2.569082631973775e-06,—
reversals,1,2.569082631973775e-06,—
pornography,1,2.569082631973775e-06,—
prejudices,1,2.569082631973775e-06,—
hypotheticals,1,2.569082631973775e-06,—
implemenation,1,2.569082631973775e-06,—
etoin,1,2.569082631973775e-06,—
corrupts,1,2.569082631973775e-06,—
echnica,1,2.569082631973775e-06,—
shattered,1,2.569082631973775e-06,—
headline,1,2.569082631973775e-06,—
insinuating,1,2.569082631973775e-06,—
professionalize,1,2.569082631973775e-06,—
cliff,1,2.569082631973775e-06,—
undetectable,1,2.569082631973775e-06,—
negates,1,2.569082631973775e-06,—
uneamined,1,2.569082631973775e-06,—
roadblock,1,2.569082631973775e-06,—
leicographically,1,2.569082631973775e-06,—
wraparound,1,2.569082631973775e-06,—
pecificically,1,2.569082631973775e-06,—
systemically,1,2.569082631973775e-06,—
proportionate,1,2.569082631973775e-06,—
precluding,1,2.569082631973775e-06,—
unassuming,1,2.569082631973775e-06,—
fabrication,1,2.569082631973775e-06,—
facility,1,2.569082631973775e-06,—
alarmist,1,2.569082631973775e-06,—
terahashes,1,2.569082631973775e-06,—
casings,1,2.569082631973775e-06,—
warehouses,1,2.569082631973775e-06,—
specious,1,2.569082631973775e-06,—
mainte,1,2.569082631973775e-06,—
ntario,1,2.569082631973775e-06,—
invididuals,1,2.569082631973775e-06,—
halves,1,2.569082631973775e-06,—
ashpower,1,2.569082631973775e-06,—
obbyist,1,2.569082631973775e-06,—
nebulous,1,2.569082631973775e-06,—
aesthetics,1,2.569082631973775e-06,—
admirers,1,2.569082631973775e-06,—
coverings,1,2.569082631973775e-06,—
ycos,1,2.569082631973775e-06,—
cooling,1,2.569082631973775e-06,—
heater,1,2.569082631973775e-06,—
needless,1,2.569082631973775e-06,—
uckoo,1,2.569082631973775e-06,—
nriting,1,2.569082631973775e-06,—
ewarding,1,2.569082631973775e-06,—
ormalizing,1,2.569082631973775e-06,—
terminates,1,2.569082631973775e-06,—
declaring,1,2.569082631973775e-06,—
muster,1,2.569082631973775e-06,—
alculate,1,2.569082631973775e-06,—
submitters,1,2.569082631973775e-06,—
signigicant,1,2.569082631973775e-06,—
spiked,1,2.569082631973775e-06,—
quidkly,1,2.569082631973775e-06,—
superlinearity,1,2.569082631973775e-06,—
trengths,1,2.569082631973775e-06,—
eaknesses,1,2.569082631973775e-06,—
electicity,1,2.569082631973775e-06,—
counterargument,1,2.569082631973775e-06,—
puchase,1,2.569082631973775e-06,—
similarity,1,2.569082631973775e-06,—
forfeiture,1,2.569082631973775e-06,—
ddo,1,2.569082631973775e-06,—
entov,1,2.569082631973775e-06,—
pretenders,1,2.569082631973775e-06,—
resolvable,1,2.569082631973775e-06,—
conundrum,1,2.569082631973775e-06,—
unscalable,1,2.569082631973775e-06,—
tfee,1,2.569082631973775e-06,—
infinitum,1,2.569082631973775e-06,—
dispersed,1,2.569082631973775e-06,—
rigged,1,2.569082631973775e-06,—
reintroducing,1,2.569082631973775e-06,—
attractiveness,1,2.569082631973775e-06,—
incantation,1,2.569082631973775e-06,—
hybridize,1,2.569082631973775e-06,—
boils,1,2.569082631973775e-06,—
roo,1,2.569082631973775e-06,—
decryption,1,2.569082631973775e-06,—
emailed,1,2.569082631973775e-06,—
andomgen,1,2.569082631973775e-06,—
clicks,1,2.569082631973775e-06,—
uy,1,2.569082631973775e-06,—
mouse,1,2.569082631973775e-06,—
purchaser,1,2.569082631973775e-06,—
yank,1,2.569082631973775e-06,—
destabilize,1,2.569082631973775e-06,—
grabbing,1,2.569082631973775e-06,—
tales,1,2.569082631973775e-06,—
entralizatio,1,2.569082631973775e-06,—
weakens,1,2.569082631973775e-06,—
morph,1,2.569082631973775e-06,—
ohar,1,2.569082631973775e-06,—
onatan,1,2.569082631973775e-06,—
ompolinsky,1,2.569082631973775e-06,—
genealogy,1,2.569082631973775e-06,—
parsed,1,2.569082631973775e-06,—
prescription,1,2.569082631973775e-06,—
rebalances,1,2.569082631973775e-06,—
hopelessly,1,2.569082631973775e-06,—
combinatorical,1,2.569082631973775e-06,—
newblock,1,2.569082631973775e-06,—
blocksself,1,2.569082631973775e-06,—
oooops,1,2.569082631973775e-06,—
sublinearity,1,2.569082631973775e-06,—
concoction,1,2.569082631973775e-06,—
suboptimally,1,2.569082631973775e-06,—
eploitative,1,2.569082631973775e-06,—
trials,1,2.569082631973775e-06,—
enlightenment,1,2.569082631973775e-06,—
negate,1,2.569082631973775e-06,—
uc,1,2.569082631973775e-06,—
nest,1,2.569082631973775e-06,—
cas,1,2.569082631973775e-06,—
abortive,1,2.569082631973775e-06,—
amazingly,1,2.569082631973775e-06,—
nonscaling,1,2.569082631973775e-06,—
riedrich,1,2.569082631973775e-06,—
ietzsche,1,2.569082631973775e-06,—
minecraft,1,2.569082631973775e-06,—
soulsearching,1,2.569082631973775e-06,—
meritocratic,1,2.569082631973775e-06,—
ethereans,1,2.569082631973775e-06,—
dichotomies,1,2.569082631973775e-06,—
boiled,1,2.569082631973775e-06,—
otivated,1,2.569082631973775e-06,—
radiant,1,2.569082631973775e-06,—
passions,1,2.569082631973775e-06,—
limitless,1,2.569082631973775e-06,—
masterpieces,1,2.569082631973775e-06,—
censorlessly,1,2.569082631973775e-06,—
cocreate,1,2.569082631973775e-06,—
unleashing,1,2.569082631973775e-06,—
etherweb,1,2.569082631973775e-06,—
obsoletion,1,2.569082631973775e-06,—
greatness,1,2.569082631973775e-06,—
hurma,1,2.569082631973775e-06,—
imothy,1,2.569082631973775e-06,—
erners,1,2.569082631973775e-06,—
hyper,1,2.569082631973775e-06,—
foragers,1,2.569082631973775e-06,—
contemplate,1,2.569082631973775e-06,—
vibrating,1,2.569082631973775e-06,—
pale,1,2.569082631973775e-06,—
consciousness,1,2.569082631973775e-06,—
cusp,1,2.569082631973775e-06,—
singularity,1,2.569082631973775e-06,—
circulate,1,2.569082631973775e-06,—
imited,1,2.569082631973775e-06,—
refill,1,2.569082631973775e-06,—
bandwitdh,1,2.569082631973775e-06,—
ruthoi,1,2.569082631973775e-06,—
aple,1,2.569082631973775e-06,—
eafs,1,2.569082631973775e-06,—
flaky,1,2.569082631973775e-06,—
harms,1,2.569082631973775e-06,—
microtransactions,1,2.569082631973775e-06,—
nonfeasance,1,2.569082631973775e-06,—
servant,1,2.569082631973775e-06,—
endured,1,2.569082631973775e-06,—
hardships,1,2.569082631973775e-06,—
miscalculated,1,2.569082631973775e-06,—
andeleil,1,2.569082631973775e-06,—
mandating,1,2.569082631973775e-06,—
repertoire,1,2.569082631973775e-06,—
facilities,1,2.569082631973775e-06,—
purchasable,1,2.569082631973775e-06,—
etherea,1,2.569082631973775e-06,—
safes,1,2.569082631973775e-06,—
getbtcaddress,1,2.569082631973775e-06,—
ryptokit,1,2.569082631973775e-06,—
getethprivkey,1,2.569082631973775e-06,—
leisure,1,2.569082631973775e-06,—
nrogramming,1,2.569082631973775e-06,—
exodus,1,2.569082631973775e-06,—
repayments,1,2.569082631973775e-06,—
yqymftbrjrhf,1,2.569082631973775e-06,—
refundable,1,2.569082631973775e-06,—
endowments,1,2.569082631973775e-06,—
urchases,1,2.569082631973775e-06,—
sharply,1,2.569082631973775e-06,—
bills,1,2.569082631973775e-06,—
jar,1,2.569082631973775e-06,—
wpeovczzalig,1,2.569082631973775e-06,—
largepurchasesethereum,1,2.569082631973775e-06,—
ndices,1,2.569082631973775e-06,—
inscrutable,1,2.569082631973775e-06,—
dropbox,1,2.569082631973775e-06,—
aroused,1,2.569082631973775e-06,—
markups,1,2.569082631973775e-06,—
ncentivized,1,2.569082631973775e-06,—
edundancy,1,2.569082631973775e-06,—
tit,1,2.569082631973775e-06,—
tat,1,2.569082631973775e-06,—
etort,1,2.569082631973775e-06,—
cleverest,1,2.569082631973775e-06,—
cryptoeconomist,1,2.569082631973775e-06,—
avoidable,1,2.569082631973775e-06,—
ename,1,2.569082631973775e-06,—
chunkn,1,2.569082631973775e-06,—
storjcoin,1,2.569082631973775e-06,—
alebian,1,2.569082631973775e-06,—
bunk,1,2.569082631973775e-06,—
alternately,1,2.569082631973775e-06,—
intercept,1,2.569082631973775e-06,—
ubtract,1,2.569082631973775e-06,—
ek,1,2.569082631973775e-06,—
unravel,1,2.569082631973775e-06,—
agrange,1,2.569082631973775e-06,—
polynomal,1,2.569082631973775e-06,—
cleverness,1,2.569082631973775e-06,—
spoils,1,2.569082631973775e-06,—
binomial,1,2.569082631973775e-06,—
overkill,1,2.569082631973775e-06,—
spooky,1,2.569082631973775e-06,—
erlekamp,1,2.569082631973775e-06,—
elch,1,2.569082631973775e-06,—
trickery,1,2.569082631973775e-06,—
basecheck,1,2.569082631973775e-06,—
mistyped,1,2.569082631973775e-06,—
abyss,1,2.569082631973775e-06,—
mistypes,1,2.569082631973775e-06,—
corrects,1,2.569082631973775e-06,—
inite,1,2.569082631973775e-06,—
vaue,1,2.569082631973775e-06,—
borked,1,2.569082631973775e-06,—
plane,1,2.569082631973775e-06,—
mkodulolass,1,2.569082631973775e-06,—
imprecision,1,2.569082631973775e-06,—
multilayered,1,2.569082631973775e-06,—
conveniently,1,2.569082631973775e-06,—
ultidimensional,1,2.569082631973775e-06,—
attrition,1,2.569082631973775e-06,—
insatiable,1,2.569082631973775e-06,—
heal,1,2.569082631973775e-06,—
interoperates,1,2.569082631973775e-06,—
rasure,1,2.569082631973775e-06,—
cording,1,2.569082631973775e-06,—
boss,1,2.569082631973775e-06,—
dimensionality,1,2.569082631973775e-06,—
gook,1,2.569082631973775e-06,—
supersedes,1,2.569082631973775e-06,—
encapsulates,1,2.569082631973775e-06,—
nhow,1,2.569082631973775e-06,—
inherited,1,2.569082631973775e-06,—
ntersecting,1,2.569082631973775e-06,—
netizens,1,2.569082631973775e-06,—
oppressors,1,2.569082631973775e-06,—
prying,1,2.569082631973775e-06,—
epitomized,1,2.569082631973775e-06,—
templated,1,2.569082631973775e-06,—
reloading,1,2.569082631973775e-06,—
gular,1,2.569082631973775e-06,—
amuse,1,2.569082631973775e-06,—
bouche,1,2.569082631973775e-06,—
obliterate,1,2.569082631973775e-06,—
balancers,1,2.569082631973775e-06,—
theruem,1,2.569082631973775e-06,—
erl,1,2.569082631973775e-06,—
sprinkling,1,2.569082631973775e-06,—
eret,1,2.569082631973775e-06,—
toecimal,1,2.569082631973775e-06,—
balancet,1,2.569082631973775e-06,—
savvy,1,2.569082631973775e-06,—
buckling,1,2.569082631973775e-06,—
siloed,1,2.569082631973775e-06,—
turbulent,1,2.569082631973775e-06,—
undercurrent,1,2.569082631973775e-06,—
metamorphosis,1,2.569082631973775e-06,—
cherish,1,2.569082631973775e-06,—
disturb,1,2.569082631973775e-06,—
motives,1,2.569082631973775e-06,—
wholly,1,2.569082631973775e-06,—
cyberspace,1,2.569082631973775e-06,—
negating,1,2.569082631973775e-06,—
crutches,1,2.569082631973775e-06,—
holacracy,1,2.569082631973775e-06,—
bailed,1,2.569082631973775e-06,—
apiece,1,2.569082631973775e-06,—
ypically,1,2.569082631973775e-06,—
apathy,1,2.569082631973775e-06,—
irrationality,1,2.569082631973775e-06,—
contemporaneous,1,2.569082631973775e-06,—
televisio,1,2.569082631973775e-06,—
introverted,1,2.569082631973775e-06,—
unsocial,1,2.569082631973775e-06,—
affair,1,2.569082631973775e-06,—
poring,1,2.569082631973775e-06,—
decry,1,2.569082631973775e-06,—
demagoguery,1,2.569082631973775e-06,—
technocratic,1,2.569082631973775e-06,—
investigations,1,2.569082631973775e-06,—
hydroelectric,1,2.569082631973775e-06,—
osmosis,1,2.569082631973775e-06,—
rigidly,1,2.569082631973775e-06,—
technocracies,1,2.569082631973775e-06,—
generalizatio,1,2.569082631973775e-06,—
uncorrellated,1,2.569082631973775e-06,—
lobbying,1,2.569082631973775e-06,—
chiming,1,2.569082631973775e-06,—
counteracting,1,2.569082631973775e-06,—
eloquently,1,2.569082631973775e-06,—
lemmings,1,2.569082631973775e-06,—
dilute,1,2.569082631973775e-06,—
debatable,1,2.569082631973775e-06,—
contrarianism,1,2.569082631973775e-06,—
unorthodo,1,2.569082631973775e-06,—
bailout,1,2.569082631973775e-06,—
bsolutes,1,2.569082631973775e-06,—
lowliest,1,2.569082631973775e-06,—
analyst,1,2.569082631973775e-06,—
instinct,1,2.569082631973775e-06,—
surmise,1,2.569082631973775e-06,—
ideologies,1,2.569082631973775e-06,—
slowness,1,2.569082631973775e-06,—
unrestrained,1,2.569082631973775e-06,—
subsidizes,1,2.569082631973775e-06,—
relocating,1,2.569082631973775e-06,—
reversions,1,2.569082631973775e-06,—
commonplace,1,2.569082631973775e-06,—
squander,1,2.569082631973775e-06,—
undervalued,1,2.569082631973775e-06,—
bearish,1,2.569082631973775e-06,—
rephrased,1,2.569082631973775e-06,—
equity,1,2.569082631973775e-06,—
blemish,1,2.569082631973775e-06,—
dilution,1,2.569082631973775e-06,—
unspendable,1,2.569082631973775e-06,—
protoshare,1,2.569082631973775e-06,—
refunding,1,2.569082631973775e-06,—
eaps,1,2.569082631973775e-06,—
elatively,1,2.569082631973775e-06,—
profiled,1,2.569082631973775e-06,—
gt,1,2.569082631973775e-06,—
brushes,1,2.569082631973775e-06,—
unceremoniously,1,2.569082631973775e-06,—
dominating,1,2.569082631973775e-06,—
weakened,1,2.569082631973775e-06,—
unoptimized,1,2.569082631973775e-06,—
cf,1,2.569082631973775e-06,—
unfettered,1,2.569082631973775e-06,—
cuneiform,1,2.569082631973775e-06,—
wedge,1,2.569082631973775e-06,—
tablets,1,2.569082631973775e-06,—
blunt,1,2.569082631973775e-06,—
rudimentary,1,2.569082631973775e-06,—
unheard,1,2.569082631973775e-06,—
civilizations,1,2.569082631973775e-06,—
rinting,1,2.569082631973775e-06,—
elecoms,1,2.569082631973775e-06,—
utenberg,1,2.569082631973775e-06,—
predecessors,1,2.569082631973775e-06,—
moveable,1,2.569082631973775e-06,—
gnited,1,2.569082631973775e-06,—
revitalizatio,1,2.569082631973775e-06,—
riggered,1,2.569082631973775e-06,—
esulted,1,2.569082631973775e-06,—
esopotamian,1,2.569082631973775e-06,—
furthers,1,2.569082631973775e-06,—
propelled,1,2.569082631973775e-06,—
ripples,1,2.569082631973775e-06,—
eroding,1,2.569082631973775e-06,—
izualized,1,2.569082631973775e-06,—
destiny,1,2.569082631973775e-06,—
inus,1,2.569082631973775e-06,—
orvalds,1,2.569082631973775e-06,—
tallman,1,2.569082631973775e-06,—
traditionally,1,2.569082631973775e-06,—
patter,1,2.569082631973775e-06,—
monument,1,2.569082631973775e-06,—
depicting,1,2.569082631973775e-06,—
transcending,1,2.569082631973775e-06,—
fascinate,1,2.569082631973775e-06,—
sociologists,1,2.569082631973775e-06,—
defy,1,2.569082631973775e-06,—
dogmas,1,2.569082631973775e-06,—
unremunerated,1,2.569082631973775e-06,—
satisfaction,1,2.569082631973775e-06,—
hallmarks,1,2.569082631973775e-06,—
macro,1,2.569082631973775e-06,—
reciproca,1,2.569082631973775e-06,—
encroached,1,2.569082631973775e-06,—
economicus,1,2.569082631973775e-06,—
etherean,1,2.569082631973775e-06,—
dopting,1,2.569082631973775e-06,—
aligncenter,1,2.569082631973775e-06,—
optical,1,2.569082631973775e-06,—
eah,1,2.569082631973775e-06,—
obody,1,2.569082631973775e-06,—
banished,1,2.569082631973775e-06,—
obscurity,1,2.569082631973775e-06,—
bored,1,2.569082631973775e-06,—
atent,1,2.569082631973775e-06,—
uell,1,2.569082631973775e-06,—
upposedly,1,2.569082631973775e-06,—
secrecy,1,2.569082631973775e-06,—
conquer,1,2.569082631973775e-06,—
shining,1,2.569082631973775e-06,—
hybrids,1,2.569082631973775e-06,—
categorized,1,2.569082631973775e-06,—
subfield,1,2.569082631973775e-06,—
synonyms,1,2.569082631973775e-06,—
misacting,1,2.569082631973775e-06,—
enerals,1,2.569082631973775e-06,—
dishonestly,1,2.569082631973775e-06,—
harsher,1,2.569082631973775e-06,—
altruist,1,2.569082631973775e-06,—
lotteries,1,2.569082631973775e-06,—
imperceptibly,1,2.569082631973775e-06,—
olvency,1,2.569082631973775e-06,—
parcticularly,1,2.569082631973775e-06,—
jarring,1,2.569082631973775e-06,—
undamental,1,2.569082631973775e-06,—
deviant,1,2.569082631973775e-06,—
bugged,1,2.569082631973775e-06,—
ito,1,2.569082631973775e-06,—
reenddress,1,2.569082631973775e-06,—
underemphasized,1,2.569082631973775e-06,—
heyday,1,2.569082631973775e-06,—
maimization,1,2.569082631973775e-06,—
defensibility,1,2.569082631973775e-06,—
interfere,1,2.569082631973775e-06,—
reputatio,1,2.569082631973775e-06,—
underinvestment,1,2.569082631973775e-06,—
oligopoly,1,2.569082631973775e-06,—
screwing,1,2.569082631973775e-06,—
unctionality,1,2.569082631973775e-06,—
erceived,1,2.569082631973775e-06,—
alience,1,2.569082631973775e-06,—
parasitic,1,2.569082631973775e-06,—
lawsuit,1,2.569082631973775e-06,—
insufficiently,1,2.569082631973775e-06,—
torrent,1,2.569082631973775e-06,—
copyrighted,1,2.569082631973775e-06,—
getblockheader,1,2.569082631973775e-06,—
getrawtransactio,1,2.569082631973775e-06,—
eplainable,1,2.569082631973775e-06,—
apo,1,2.569082631973775e-06,—
cetric,1,2.569082631973775e-06,—
arker,1,2.569082631973775e-06,—
combinatoric,1,2.569082631973775e-06,—
satoshis,1,2.569082631973775e-06,—
unknowingly,1,2.569082631973775e-06,—
antifragile,1,2.569082631973775e-06,—
dowment,1,2.569082631973775e-06,—
efaults,1,2.569082631973775e-06,—
etacoin,1,2.569082631973775e-06,—
polycentric,1,2.569082631973775e-06,—
contra,1,2.569082631973775e-06,—
torcoin,1,2.569082631973775e-06,—
evidently,1,2.569082631973775e-06,—
irregularities,1,2.569082631973775e-06,—
morals,1,2.569082631973775e-06,—
fyborgs,1,2.569082631973775e-06,—
cyborgs,1,2.569082631973775e-06,—
mediating,1,2.569082631973775e-06,—
generalizations,1,2.569082631973775e-06,—
achieves,1,2.569082631973775e-06,—
counterbalanced,1,2.569082631973775e-06,—
magnify,1,2.569082631973775e-06,—
icropayment,1,2.569082631973775e-06,—
meterable,1,2.569082631973775e-06,—
metered,1,2.569082631973775e-06,—
thererum,1,2.569082631973775e-06,—
mavalue,1,2.569082631973775e-06,—
robabilistic,1,2.569082631973775e-06,—
panacea,1,2.569082631973775e-06,—
surpasses,1,2.569082631973775e-06,—
cashed,1,2.569082631973775e-06,—
snippet,1,2.569082631973775e-06,—
elper,1,2.569082631973775e-06,—
livenet,1,2.569082631973775e-06,—
adbbdbfddff,1,2.569082631973775e-06,—
bdafafcadeafbcfcdb,1,2.569082631973775e-06,—
andomness,1,2.569082631973775e-06,—
sendable,1,2.569082631973775e-06,—
skips,1,2.569082631973775e-06,—
cooperatively,1,2.569082631973775e-06,—
pub,1,2.569082631973775e-06,—
recovers,1,2.569082631973775e-06,—
unchallenged,1,2.569082631973775e-06,—
devising,1,2.569082631973775e-06,—
ertainly,1,2.569082631973775e-06,—
passable,1,2.569082631973775e-06,—
resitance,1,2.569082631973775e-06,—
contracting,1,2.569082631973775e-06,—
subverted,1,2.569082631973775e-06,—
regulate,1,2.569082631973775e-06,—
doled,1,2.569082631973775e-06,—
kipping,1,2.569082631973775e-06,—
incidental,1,2.569082631973775e-06,—
handedly,1,2.569082631973775e-06,—
islands,1,2.569082631973775e-06,—
affords,1,2.569082631973775e-06,—
dogecoins,1,2.569082631973775e-06,—
oligopolistic,1,2.569082631973775e-06,—
criticized,1,2.569082631973775e-06,—
graduating,1,2.569082631973775e-06,—
stacks,1,2.569082631973775e-06,—
ascertaining,1,2.569082631973775e-06,—
chellingoins,1,2.569082631973775e-06,—
institutionalize,1,2.569082631973775e-06,—
ascertain,1,2.569082631973775e-06,—
vt,1,2.569082631973775e-06,—
zipper,1,2.569082631973775e-06,—
zipped,1,2.569082631973775e-06,—
malfeasors,1,2.569082631973775e-06,—
getblock,1,2.569082631973775e-06,—
lockmakers,1,2.569082631973775e-06,—
verrides,1,2.569082631973775e-06,—
ffectively,1,2.569082631973775e-06,—
disincentivized,1,2.569082631973775e-06,—
jumpy,1,2.569082631973775e-06,—
coined,1,2.569082631973775e-06,—
schellingcoi,1,2.569082631973775e-06,—
aken,1,2.569082631973775e-06,—
imestampers,1,2.569082631973775e-06,—
compensatory,1,2.569082631973775e-06,—
addon,1,2.569082631973775e-06,—
nho,1,2.569082631973775e-06,—
rø,1,2.569082631973775e-06,—
ebæk,1,2.569082631973775e-06,—
modeller,1,2.569082631973775e-06,—
juggling,1,2.569082631973775e-06,—
flew,1,2.569082631973775e-06,—
coeist,1,2.569082631973775e-06,—
ultiobjective,1,2.569082631973775e-06,—
quations,1,2.569082631973775e-06,—
utterly,1,2.569082631973775e-06,—
surge,1,2.569082631973775e-06,—
recruit,1,2.569082631973775e-06,—
journeying,1,2.569082631973775e-06,—
feathers,1,2.569082631973775e-06,—
outfit,1,2.569082631973775e-06,—
ecstatic,1,2.569082631973775e-06,—
curses,1,2.569082631973775e-06,—
invaluble,1,2.569082631973775e-06,—
avers,1,2.569082631973775e-06,—
endeavours,1,2.569082631973775e-06,—
interpreting,1,2.569082631973775e-06,—
greemint,1,2.569082631973775e-06,—
intchalk,1,2.569082631973775e-06,—
synergy,1,2.569082631973775e-06,—
mockups,1,2.569082631973775e-06,—
pleasing,1,2.569082631973775e-06,—
ainmaking,1,2.569082631973775e-06,—
domination,1,2.569082631973775e-06,—
fitures,1,2.569082631973775e-06,—
fittings,1,2.569082631973775e-06,—
dry,1,2.569082631973775e-06,—
alking,1,2.569082631973775e-06,—
bahn,1,2.569082631973775e-06,—
ranienstraße,1,2.569082631973775e-06,—
centre,1,2.569082631973775e-06,—
canal,1,2.569082631973775e-06,—
eukölln,1,2.569082631973775e-06,—
bars,1,2.569082631973775e-06,—
cafés,1,2.569082631973775e-06,—
sey,1,2.569082631973775e-06,—
outfitted,1,2.569082631973775e-06,—
homely,1,2.569082631973775e-06,—
café,1,2.569082631973775e-06,—
procurements,1,2.569082631973775e-06,—
tediousness,1,2.569082631973775e-06,—
mainet,1,2.569082631973775e-06,—
wonderfully,1,2.569082631973775e-06,—
mooted,1,2.569082631973775e-06,—
urged,1,2.569082631973775e-06,—
ivotal,1,2.569082631973775e-06,—
racker,1,2.569082631973775e-06,—
chewing,1,2.569082631973775e-06,—
humanly,1,2.569082631973775e-06,—
instituting,1,2.569082631973775e-06,—
inspiratio,1,2.569082631973775e-06,—
pecialized,1,2.569082631973775e-06,—
suspects,1,2.569082631973775e-06,—
ecessize,1,2.569082631973775e-06,—
heel,1,2.569082631973775e-06,—
transmissibility,1,2.569082631973775e-06,—
enroute,1,2.569082631973775e-06,—
defective,1,2.569082631973775e-06,—
millionaires,1,2.569082631973775e-06,—
affirmative,1,2.569082631973775e-06,—
yell,1,2.569082631973775e-06,—
squeal,1,2.569082631973775e-06,—
heed,1,2.569082631973775e-06,—
orphaned,1,2.569082631973775e-06,—
robbed,1,2.569082631973775e-06,—
compensates,1,2.569082631973775e-06,—
ypercube,1,2.569082631973775e-06,—
iffy,1,2.569082631973775e-06,—
epensiveness,1,2.569082631973775e-06,—
outboes,1,2.569082631973775e-06,—
tetrahedron,1,2.569082631973775e-06,—
timekeeper,1,2.569082631973775e-06,—
indentified,1,2.569082631973775e-06,—
signeri,1,2.569082631973775e-06,—
impossiblity,1,2.569082631973775e-06,—
continuatio,1,2.569082631973775e-06,—
synchronicity,1,2.569082631973775e-06,—
spill,1,2.569082631973775e-06,—
mis,1,2.569082631973775e-06,—
hypercubing,1,2.569082631973775e-06,—
transitivity,1,2.569082631973775e-06,—
hugging,1,2.569082631973775e-06,—
prey,1,2.569082631973775e-06,—
cryptogaphers,1,2.569082631973775e-06,—
oosely,1,2.569082631973775e-06,—
epressible,1,2.569082631973775e-06,—
unbalanced,1,2.569082631973775e-06,—
brown,1,2.569082631973775e-06,—
trength,1,2.569082631973775e-06,—
ryc,1,2.569082631973775e-06,—
nk,1,2.569082631973775e-06,—
edfp,1,2.569082631973775e-06,—
uppercase,1,2.569082631973775e-06,—
lowercase,1,2.569082631973775e-06,—
irtually,1,2.569082631973775e-06,—
samplers,1,2.569082631973775e-06,—
attackability,1,2.569082631973775e-06,—
memorizable,1,2.569082631973775e-06,—
hopeless,1,2.569082631973775e-06,—
ardening,1,2.569082631973775e-06,—
orally,1,2.569082631973775e-06,—
shame,1,2.569082631973775e-06,—
despair,1,2.569082631973775e-06,—
creek,1,2.569082631973775e-06,—
hay,1,2.569082631973775e-06,—
sys,1,2.569082631973775e-06,—
tem,1,2.569082631973775e-06,—
amined,1,2.569082631973775e-06,—
assphrases,1,2.569082631973775e-06,—
assphrase,1,2.569082631973775e-06,—
shrunk,1,2.569082631973775e-06,—
presumably,1,2.569082631973775e-06,—
precomputed,1,2.569082631973775e-06,—
rainbow,1,2.569082631973775e-06,—
microseconds,1,2.569082631973775e-06,—
cleanest,1,2.569082631973775e-06,—
blinded,1,2.569082631973775e-06,—
unblinding,1,2.569082631973775e-06,—
nonstandard,1,2.569082631973775e-06,—
ifferentials,1,2.569082631973775e-06,—
memorization,1,2.569082631973775e-06,—
ahmoud,1,2.569082631973775e-06,—
hmadjinejad,1,2.569082631973775e-06,—
yui,1,2.569082631973775e-06,—
vbuterinyui,1,2.569082631973775e-06,—
derided,1,2.569082631973775e-06,—
cracking,1,2.569082631973775e-06,—
terahash,1,2.569082631973775e-06,—
petahashes,1,2.569082631973775e-06,—
ryptographers,1,2.569082631973775e-06,—
abbreviation,1,2.569082631973775e-06,—
passage,1,2.569082631973775e-06,—
dismiss,1,2.569082631973775e-06,—
memorizing,1,2.569082631973775e-06,—
oderate,1,2.569082631973775e-06,—
nell,1,2.569082631973775e-06,—
ureanu,1,2.569082631973775e-06,—
coincidentally,1,2.569082631973775e-06,—
barrista,1,2.569082631973775e-06,—
espresso,1,2.569082631973775e-06,—
ömel,1,2.569082631973775e-06,—
overworked,1,2.569082631973775e-06,—
secretary,1,2.569082631973775e-06,—
imminently,1,2.569082631973775e-06,—
multidisciplinary,1,2.569082631973775e-06,—
videographer,1,2.569082631973775e-06,—
oyaanis,1,2.569082631973775e-06,—
glitchy,1,2.569082631973775e-06,—
stateside,1,2.569082631973775e-06,—
evangelize,1,2.569082631973775e-06,—
studiously,1,2.569082631973775e-06,—
grappling,1,2.569082631973775e-06,—
establishments,1,2.569082631973775e-06,—
rilliant,1,2.569082631973775e-06,—
woodethdev,1,2.569082631973775e-06,—
nthought,1,2.569082631973775e-06,—
muta,1,2.569082631973775e-06,—
ugh,1,2.569082631973775e-06,—
loyal,1,2.569082631973775e-06,—
ró,1,2.569082631973775e-06,—
rigourously,1,2.569082631973775e-06,—
opher,1,2.569082631973775e-06,—
gopher,1,2.569082631973775e-06,—
idskes,1,2.569082631973775e-06,—
crying,1,2.569082631973775e-06,—
peeing,1,2.569082631973775e-06,—
pooping,1,2.569082631973775e-06,—
marching,1,2.569082631973775e-06,—
instalment,1,2.569082631973775e-06,—
uttermost,1,2.569082631973775e-06,—
behemoth,1,2.569082631973775e-06,—
spammenot,1,2.569082631973775e-06,—
wilckeethdev,1,2.569082631973775e-06,—
garage,1,2.569082631973775e-06,—
thereums,1,2.569082631973775e-06,—
democratizing,1,2.569082631973775e-06,—
empowers,1,2.569082631973775e-06,—
onsisting,1,2.569082631973775e-06,—
insiders,1,2.569082631973775e-06,—
coinciding,1,2.569082631973775e-06,—
ncouraged,1,2.569082631973775e-06,—
locktech,1,2.569082631973775e-06,—
luehain,1,2.569082631973775e-06,—
dappsforbegi,1,2.569082631973775e-06,—
wordpress,1,2.569082631973775e-06,—
linic,1,2.569082631973775e-06,—
catchups,1,2.569082631973775e-06,—
interventions,1,2.569082631973775e-06,—
ollaterals,1,2.569082631973775e-06,—
locales,1,2.569082631973775e-06,—
collaterals,1,2.569082631973775e-06,—
intensifying,1,2.569082631973775e-06,—
palatable,1,2.569082631973775e-06,—
thehighfiveghost,1,2.569082631973775e-06,—
coms,1,2.569082631973775e-06,—
onsultant,1,2.569082631973775e-06,—
socials,1,2.569082631973775e-06,—
tualethdev,1,2.569082631973775e-06,—
leaps,1,2.569082631973775e-06,—
shocks,1,2.569082631973775e-06,—
devalued,1,2.569082631973775e-06,—
participations,1,2.569082631973775e-06,—
dogenous,1,2.569082631973775e-06,—
endogenously,1,2.569082631973775e-06,—
provisio,1,2.569082631973775e-06,—
correllates,1,2.569082631973775e-06,—
hyperinflationary,1,2.569082631973775e-06,—
depart,1,2.569082631973775e-06,—
quadrupling,1,2.569082631973775e-06,—
hysteresis,1,2.569082631973775e-06,—
overshot,1,2.569082631973775e-06,—
undershot,1,2.569082631973775e-06,—
dampening,1,2.569082631973775e-06,—
overvalued,1,2.569082631973775e-06,—
decline,1,2.569082631973775e-06,—
clipping,1,2.569082631973775e-06,—
bitassets,1,2.569082631973775e-06,—
cancelled,1,2.569082631973775e-06,—
fridges,1,2.569082631973775e-06,—
scrambling,1,2.569082631973775e-06,—
delegates,1,2.569082631973775e-06,—
cascades,1,2.569082631973775e-06,—
carcity,1,2.569082631973775e-06,—
phantom,1,2.569082631973775e-06,—
ruger,1,2.569082631973775e-06,—
underestimate,1,2.569082631973775e-06,—
susceptibility,1,2.569082631973775e-06,—
eating,1,2.569082631973775e-06,—
cryptoplatform,1,2.569082631973775e-06,—
chellingcoins,1,2.569082631973775e-06,—
disinterest,1,2.569082631973775e-06,—
lockstep,1,2.569082631973775e-06,—
erdinando,1,2.569082631973775e-06,—
metrano,1,2.569082631973775e-06,—
disliked,1,2.569082631973775e-06,—
ensemble,1,2.569082631973775e-06,—
subtantial,1,2.569082631973775e-06,—
impressed,1,2.569082631973775e-06,—
progamming,1,2.569082631973775e-06,—
conserving,1,2.569082631973775e-06,—
demurrage,1,2.569082631973775e-06,—
ultichai,1,2.569082631973775e-06,—
aganist,1,2.569082631973775e-06,—
ierolan,1,2.569082631973775e-06,—
piggybacking,1,2.569082631973775e-06,—
ssisted,1,2.569082631973775e-06,—
den,1,2.569082631973775e-06,—
uden,1,2.569082631973775e-06,—
leans,1,2.569082631973775e-06,—
invalidity,1,2.569082631973775e-06,—
juries,1,2.569082631973775e-06,—
institutionalizing,1,2.569082631973775e-06,—
gravitate,1,2.569082631973775e-06,—
aging,1,2.569082631973775e-06,—
jury,1,2.569082631973775e-06,—
incorruptible,1,2.569082631973775e-06,—
subcontracted,1,2.569082631973775e-06,—
ifferent,1,2.569082631973775e-06,—
immaculate,1,2.569082631973775e-06,—
zapped,1,2.569082631973775e-06,—
chillout,1,2.569082631973775e-06,—
urrounding,1,2.569082631973775e-06,—
villain,1,2.569082631973775e-06,—
chair,1,2.569082631973775e-06,—
locker,1,2.569082631973775e-06,—
prop,1,2.569082631973775e-06,—
ighting,1,2.569082631973775e-06,—
oviet,1,2.569082631973775e-06,—
lade,1,2.569082631973775e-06,—
coolest,1,2.569082631973775e-06,—
districts,1,2.569082631973775e-06,—
chemistry,1,2.569082631973775e-06,—
rankensteinesque,1,2.569082631973775e-06,—
eill,1,2.569082631973775e-06,—
memoirs,1,2.569082631973775e-06,—
busiest,1,2.569082631973775e-06,—
burgers,1,2.569082631973775e-06,—
cocktails,1,2.569082631973775e-06,—
provisions,1,2.569082631973775e-06,—
aficionado,1,2.569082631973775e-06,—
ubbe,1,2.569082631973775e-06,—
devotee,1,2.569082631973775e-06,—
doctoral,1,2.569082631973775e-06,—
rushes,1,2.569082631973775e-06,—
arrivals,1,2.569082631973775e-06,—
aldemarstraße,1,2.569082631973775e-06,—
onceived,1,2.569082631973775e-06,—
sleepy,1,2.569082631973775e-06,—
hallmark,1,2.569082631973775e-06,—
lifes,1,2.569082631973775e-06,—
mingling,1,2.569082631973775e-06,—
umming,1,2.569082631973775e-06,—
maximalism,1,2.569082631973775e-06,—
righteous,1,2.569082631973775e-06,—
futile,1,2.569082631973775e-06,—
adherents,1,2.569082631973775e-06,—
glee,1,2.569082631973775e-06,—
misplaced,1,2.569082631973775e-06,—
congested,1,2.569082631973775e-06,—
trapersonal,1,2.569082631973775e-06,—
terpersonal,1,2.569082631973775e-06,—
delineate,1,2.569082631973775e-06,—
modifies,1,2.569082631973775e-06,—
actom,1,2.569082631973775e-06,—
eempt,1,2.569082631973775e-06,—
materialized,1,2.569082631973775e-06,—
etacoins,1,2.569082631973775e-06,—
chagrin,1,2.569082631973775e-06,—
wich,1,2.569082631973775e-06,—
evisited,1,2.569082631973775e-06,—
speculatio,1,2.569082631973775e-06,—
cryptoasset,1,2.569082631973775e-06,—
maket,1,2.569082631973775e-06,—
centive,1,2.569082631973775e-06,—
sychological,1,2.569082631973775e-06,—
accrues,1,2.569082631973775e-06,—
philanthropy,1,2.569082631973775e-06,—
ecitedly,1,2.569082631973775e-06,—
counterarguments,1,2.569082631973775e-06,—
psychology,1,2.569082631973775e-06,—
emeinschaft,1,2.569082631973775e-06,—
esellschaft,1,2.569082631973775e-06,—
sociology,1,2.569082631973775e-06,—
climbed,1,2.569082631973775e-06,—
inflicted,1,2.569082631973775e-06,—
monetize,1,2.569082631973775e-06,—
philathropy,1,2.569082631973775e-06,—
capitalists,1,2.569082631973775e-06,—
virulently,1,2.569082631973775e-06,—
cripple,1,2.569082631973775e-06,—
sucking,1,2.569082631973775e-06,—
prides,1,2.569082631973775e-06,—
bandwagon,1,2.569082631973775e-06,—
philanthropists,1,2.569082631973775e-06,—
stablecoi,1,2.569082631973775e-06,—
almighty,1,2.569082631973775e-06,—
uro,1,2.569082631973775e-06,—
ayekian,1,2.569082631973775e-06,—
eplainted,1,2.569082631973775e-06,—
unfair,1,2.569082631973775e-06,—
frontloaded,1,2.569082631973775e-06,—
echnological,1,2.569082631973775e-06,—
grafted,1,2.569082631973775e-06,—
preserves,1,2.569082631973775e-06,—
nroof,1,2.569082631973775e-06,—
immunity,1,2.569082631973775e-06,—
subcategories,1,2.569082631973775e-06,—
unprofitablem,1,2.569082631973775e-06,—
undersupplied,1,2.569082631973775e-06,—
nonfatal,1,2.569082631973775e-06,—
ossifying,1,2.569082631973775e-06,—
grievances,1,2.569082631973775e-06,—
ubjectivity,1,2.569082631973775e-06,—
forbid,1,2.569082631973775e-06,—
unsustainable,1,2.569082631973775e-06,—
gravities,1,2.569082631973775e-06,—
ascent,1,2.569082631973775e-06,—
unrigorous,1,2.569082631973775e-06,—
ignorant,1,2.569082631973775e-06,—
arginal,1,2.569082631973775e-06,—
counterpoints,1,2.569082631973775e-06,—
intolerable,1,2.569082631973775e-06,—
sidestep,1,2.569082631973775e-06,—
abound,1,2.569082631973775e-06,—
ðξvhub,1,2.569082631973775e-06,—
nesterday,1,2.569082631973775e-06,—
ðξhub,1,2.569082631973775e-06,—
conferencing,1,2.569082631973775e-06,—
ðξvcon,1,2.569082631973775e-06,—
nay,1,2.569082631973775e-06,—
ission,1,2.569082631973775e-06,—
croissant,1,2.569082631973775e-06,—
chocolat,1,2.569082631973775e-06,—
populous,1,2.569082631973775e-06,—
traight,1,2.569082631973775e-06,—
crum,1,2.569082631973775e-06,—
outset,1,2.569082631973775e-06,—
eitwießner,1,2.569082631973775e-06,—
otewicz,1,2.569082631973775e-06,—
fro,1,2.569082631973775e-06,—
ieliński,1,2.569082631973775e-06,—
omparisons,1,2.569082631973775e-06,—
lto,1,2.569082631973775e-06,—
sucides,1,2.569082631973775e-06,—
obustness,1,2.569082631973775e-06,—
cpu,1,2.569082631973775e-06,—
durability,1,2.569082631973775e-06,—
enzsch,1,2.569082631973775e-06,—
utilising,1,2.569082631973775e-06,—
ibpp,1,2.569082631973775e-06,—
emphasising,1,2.569082631973775e-06,—
correspondents,1,2.569082631973775e-06,—
itswap,1,2.569082631973775e-06,—
thanked,1,2.569082631973775e-06,—
nime,1,2.569082631973775e-06,—
dissipate,1,2.569082631973775e-06,—
socialise,1,2.569082631973775e-06,—
tatecreate,1,2.569082631973775e-06,—
tatecall,1,2.569082631973775e-06,—
ilestone,1,2.569082631973775e-06,—
ecruitment,1,2.569082631973775e-06,—
imonsson,1,2.569082631973775e-06,—
rlang,1,2.569082631973775e-06,—
olby,1,2.569082631973775e-06,—
bend,1,2.569082631973775e-06,—
formedness,1,2.569082631973775e-06,—
controllable,1,2.569082631973775e-06,—
nso,1,2.569082631973775e-06,—
blocktime,1,2.569082631973775e-06,—
unfriendly,1,2.569082631973775e-06,—
algo,1,2.569082631973775e-06,—
istant,1,2.569082631973775e-06,—
saturation,1,2.569082631973775e-06,—
analysers,1,2.569082631973775e-06,—
instituted,1,2.569082631973775e-06,—
spur,1,2.569082631973775e-06,—
eternalize,1,2.569082631973775e-06,—
distraction,1,2.569082631973775e-06,—
thirteen,1,2.569082631973775e-06,—
oinjoi,1,2.569082631973775e-06,—
aggregating,1,2.569082631973775e-06,—
conceptualized,1,2.569082631973775e-06,—
moniker,1,2.569082631973775e-06,—
areto,1,2.569082631973775e-06,—
arabolas,1,2.569082631973775e-06,—
rebasing,1,2.569082631973775e-06,—
cj,1,2.569082631973775e-06,—
chnorr,1,2.569082631973775e-06,—
fufill,1,2.569082631973775e-06,—
predicate,1,2.569082631973775e-06,—
abbreviate,1,2.569082631973775e-06,—
cell,1,2.569082631973775e-06,—
decomposition,1,2.569082631973775e-06,—
compartmentalize,1,2.569082631973775e-06,—
stagnant,1,2.569082631973775e-06,—
handoff,1,2.569082631973775e-06,—
reconstitutes,1,2.569082631973775e-06,—
associative,1,2.569082631973775e-06,—
publicizing,1,2.569082631973775e-06,—
malfeasant,1,2.569082631973775e-06,—
checkup,1,2.569082631973775e-06,—
atchmaking,1,2.569082631973775e-06,—
matchmaking,1,2.569082631973775e-06,—
statute,1,2.569082631973775e-06,—
unearth,1,2.569082631973775e-06,—
subtler,1,2.569082631973775e-06,—
cherished,1,2.569082631973775e-06,—
ravchenko,1,2.569082631973775e-06,—
misacts,1,2.569082631973775e-06,—
overhanging,1,2.569082631973775e-06,—
rane,1,2.569082631973775e-06,—
inflamed,1,2.569082631973775e-06,—
dispersing,1,2.569082631973775e-06,—
gree,1,2.569082631973775e-06,—
isagree,1,2.569082631973775e-06,—
utter,1,2.569082631973775e-06,—
qualitatively,1,2.569082631973775e-06,—
incorrigibly,1,2.569082631973775e-06,—
anarchistic,1,2.569082631973775e-06,—
ustrian,1,2.569082631973775e-06,—
fence,1,2.569082631973775e-06,—
diplomatic,1,2.569082631973775e-06,—
deficit,1,2.569082631973775e-06,—
ignorance,1,2.569082631973775e-06,—
lesswrong,1,2.569082631973775e-06,—
idealist,1,2.569082631973775e-06,—
utilitarian,1,2.569082631973775e-06,—
eliminated,1,2.569082631973775e-06,—
eanwile,1,2.569082631973775e-06,—
capitalist,1,2.569082631973775e-06,—
corruptible,1,2.569082631973775e-06,—
censure,1,2.569082631973775e-06,—
uits,1,2.569082631973775e-06,—
religiously,1,2.569082631973775e-06,—
ooperatio,1,2.569082631973775e-06,—
availablility,1,2.569082631973775e-06,—
afecoi,1,2.569082631973775e-06,—
registratio,1,2.569082631973775e-06,—
dime,1,2.569082631973775e-06,—
inetricably,1,2.569082631973775e-06,—
ecerver,1,2.569082631973775e-06,—
helonious,1,2.569082631973775e-06,—
mentality,1,2.569082631973775e-06,—
atoshii,1,2.569082631973775e-06,—
looming,1,2.569082631973775e-06,—
djusted,1,2.569082631973775e-06,—
memcpy,1,2.569082631973775e-06,—
uto,1,2.569082631973775e-06,—
ooc,1,2.569082631973775e-06,—
passionately,1,2.569082631973775e-06,—
posh,1,2.569082631973775e-06,—
neighbourhood,1,2.569082631973775e-06,—
uid,1,2.569082631973775e-06,—
useumplein,1,2.569082631973775e-06,—
oerstraat,1,2.569082631973775e-06,—
whispering,1,2.569082631973775e-06,—
nack,1,2.569082631973775e-06,—
reside,1,2.569082631973775e-06,—
respondents,1,2.569082631973775e-06,—
ceana,1,2.569082631973775e-06,—
randt,1,2.569082631973775e-06,—
veryday,1,2.569082631973775e-06,—
ewinance,1,2.569082631973775e-06,—
summed,1,2.569082631973775e-06,—
demy,1,2.569082631973775e-06,—
odacademy,1,2.569082631973775e-06,—
cant,1,2.569082631973775e-06,—
actioned,1,2.569082631973775e-06,—
dept,1,2.569082631973775e-06,—
unveiled,1,2.569082631973775e-06,—
affaele,1,2.569082631973775e-06,—
auro,1,2.569082631973775e-06,—
thereumj,1,2.569082631973775e-06,—
lojure,1,2.569082631973775e-06,—
oldity,1,2.569082631973775e-06,—
icons,1,2.569082631973775e-06,—
georgeethdev,1,2.569082631973775e-06,—
oots,1,2.569082631973775e-06,—
fooling,1,2.569082631973775e-06,—
auiliary,1,2.569082631973775e-06,—
blockmaking,1,2.569082631973775e-06,—
meted,1,2.569082631973775e-06,—
gotcha,1,2.569082631973775e-06,—
deduce,1,2.569082631973775e-06,—
variably,1,2.569082631973775e-06,—
narning,1,2.569082631973775e-06,—
endorses,1,2.569082631973775e-06,—
guarnateed,1,2.569082631973775e-06,—
weaken,1,2.569082631973775e-06,—
indvidual,1,2.569082631973775e-06,—
spice,1,2.569082631973775e-06,—
liezer,1,2.569082631973775e-06,—
udkowsky,1,2.569082631973775e-06,—
deranged,1,2.569082631973775e-06,—
disease,1,2.569082631973775e-06,—
cured,1,2.569082631973775e-06,—
cooperates,1,2.569082631973775e-06,—
defects,1,2.569082631973775e-06,—
dilemmas,1,2.569082631973775e-06,—
unilateral,1,2.569082631973775e-06,—
intangible,1,2.569082631973775e-06,—
pollutes,1,2.569082631973775e-06,—
riedma,1,2.569082631973775e-06,—
acial,1,2.569082631973775e-06,—
emotions,1,2.569082631973775e-06,—
projecting,1,2.569082631973775e-06,—
facial,1,2.569082631973775e-06,—
sad,1,2.569082631973775e-06,—
slows,1,2.569082631973775e-06,—
genes,1,2.569082631973775e-06,—
cultivated,1,2.569082631973775e-06,—
customary,1,2.569082631973775e-06,—
formalisms,1,2.569082631973775e-06,—
ingrained,1,2.569082631973775e-06,—
mistrusting,1,2.569082631973775e-06,—
adage,1,2.569082631973775e-06,—
sociopaths,1,2.569082631973775e-06,—
handsomely,1,2.569082631973775e-06,—
unsavory,1,2.569082631973775e-06,—
smiley,1,2.569082631973775e-06,—
unboundedly,1,2.569082631973775e-06,—
hippocampus,1,2.569082631973775e-06,—
rebel,1,2.569082631973775e-06,—
restatement,1,2.569082631973775e-06,—
slur,1,2.569082631973775e-06,—
misdeeds,1,2.569082631973775e-06,—
floodgates,1,2.569082631973775e-06,—
temperament,1,2.569082631973775e-06,—
controllers,1,2.569082631973775e-06,—
ouy,1,2.569082631973775e-06,—
alvaging,1,2.569082631973775e-06,—
prevailing,1,2.569082631973775e-06,—
torcz,1,2.569082631973775e-06,—
earns,1,2.569082631973775e-06,—
salvageable,1,2.569082631973775e-06,—
tired,1,2.569082631973775e-06,—
oelstra,1,2.569082631973775e-06,—
exploitability,1,2.569082631973775e-06,—
capturable,1,2.569082631973775e-06,—
uneploitable,1,2.569082631973775e-06,—
odius,1,2.569082631973775e-06,—
bjectivity,1,2.569082631973775e-06,—
curse,1,2.569082631973775e-06,—
temperatures,1,2.569082631973775e-06,—
symmetrical,1,2.569082631973775e-06,—
panoply,1,2.569082631973775e-06,—
deceit,1,2.569082631973775e-06,—
definable,1,2.569082631973775e-06,—
ubjectivocracy,1,2.569082631973775e-06,—
elide,1,2.569082631973775e-06,—
respondent,1,2.569082631973775e-06,—
racticality,1,2.569082631973775e-06,—
fridge,1,2.569082631973775e-06,—
incentivizer,1,2.569082631973775e-06,—
elimination,1,2.569082631973775e-06,—
unemployment,1,2.569082631973775e-06,—
reasserts,1,2.569082631973775e-06,—
posited,1,2.569082631973775e-06,—
tricked,1,2.569082631973775e-06,—
treachery,1,2.569082631973775e-06,—
woken,1,2.569082631973775e-06,—
nighttime,1,2.569082631973775e-06,—
wet,1,2.569082631973775e-06,—
treetlights,1,2.569082631973775e-06,—
puddles,1,2.569082631973775e-06,—
picturesque,1,2.569082631973775e-06,—
seasonal,1,2.569082631973775e-06,—
olid,1,2.569082631973775e-06,—
founation,1,2.569082631973775e-06,—
wearing,1,2.569082631973775e-06,—
retired,1,2.569082631973775e-06,—
ambassadorial,1,2.569082631973775e-06,—
crowded,1,2.569082631973775e-06,—
commuter,1,2.569082631973775e-06,—
tow,1,2.569082631973775e-06,—
italk,1,2.569082631973775e-06,—
choked,1,2.569082631973775e-06,—
ouce,1,2.569082631973775e-06,—
supprt,1,2.569082631973775e-06,—
transfering,1,2.569082631973775e-06,—
teethng,1,2.569082631973775e-06,—
accellerate,1,2.569082631973775e-06,—
asimoto,1,2.569082631973775e-06,—
density,1,2.569082631973775e-06,—
ashimoto,1,2.569082631973775e-06,—
artifcially,1,2.569082631973775e-06,—
devise,1,2.569082631973775e-06,—
watertight,1,2.569082631973775e-06,—
qt,1,2.569082631973775e-06,—
etravaganza,1,2.569082631973775e-06,—
recipes,1,2.569082631973775e-06,—
maestro,1,2.569082631973775e-06,—
distracting,1,2.569082631973775e-06,—
accompaniment,1,2.569082631973775e-06,—
hinterland,1,2.569082631973775e-06,—
grounding,1,2.569082631973775e-06,—
ashamed,1,2.569082631973775e-06,—
gaffe,1,2.569082631973775e-06,—
orientation,1,2.569082631973775e-06,—
firing,1,2.569082631973775e-06,—
sprawling,1,2.569082631973775e-06,—
ecologies,1,2.569082631973775e-06,—
toolchains,1,2.569082631973775e-06,—
httpd,1,2.569082631973775e-06,—
osaic,1,2.569082631973775e-06,—
metacomputer,1,2.569082631973775e-06,—
itcoiners,1,2.569082631973775e-06,—
barest,1,2.569082631973775e-06,—
mastery,1,2.569082631973775e-06,—
dysentery,1,2.569082631973775e-06,—
conversant,1,2.569082631973775e-06,—
heomb,1,2.569082631973775e-06,—
behaviours,1,2.569082631973775e-06,—
cracks,1,2.569082631973775e-06,—
vanish,1,2.569082631973775e-06,—
aeroplane,1,2.569082631973775e-06,—
parachute,1,2.569082631973775e-06,—
sane,1,2.569082631973775e-06,—
pinch,1,2.569082631973775e-06,—
epends,1,2.569082631973775e-06,—
tenant,1,2.569082631973775e-06,—
amed,1,2.569082631973775e-06,—
vinayat,1,2.569082631973775e-06,—
infamous,1,2.569082631973775e-06,—
rollback,1,2.569082631973775e-06,—
voluntarism,1,2.569082631973775e-06,—
sociotechnical,1,2.569082631973775e-06,—
triplet,1,2.569082631973775e-06,—
devises,1,2.569082631973775e-06,—
populating,1,2.569082631973775e-06,—
farthest,1,2.569082631973775e-06,—
flavor,1,2.569082631973775e-06,—
woven,1,2.569082631973775e-06,—
tability,1,2.569082631973775e-06,—
additio,1,2.569082631973775e-06,—
easonably,1,2.569082631973775e-06,—
risking,1,2.569082631973775e-06,—
prognosticate,1,2.569082631973775e-06,—
spectacular,1,2.569082631973775e-06,—
reiterate,1,2.569082631973775e-06,—
clude,1,2.569082631973775e-06,—
checkpointed,1,2.569082631973775e-06,—
hardy,1,2.569082631973775e-06,—
skies,1,2.569082631973775e-06,—
magination,1,2.569082631973775e-06,—
instei,1,2.569082631973775e-06,—
vividly,1,2.569082631973775e-06,—
mag,1,2.569082631973775e-06,—
rollercoaster,1,2.569082631973775e-06,—
scouted,1,2.569082631973775e-06,—
positioning,1,2.569082631973775e-06,—
surfed,1,2.569082631973775e-06,—
irbnbs,1,2.569082631973775e-06,—
oasis,1,2.569082631973775e-06,—
paceship,1,2.569082631973775e-06,—
spaceship,1,2.569082631973775e-06,—
surfing,1,2.569082631973775e-06,—
enlarge,1,2.569082631973775e-06,—
relocate,1,2.569082631973775e-06,—
applauded,1,2.569082631973775e-06,—
flawlessly,1,2.569082631973775e-06,—
bang,1,2.569082631973775e-06,—
errant,1,2.569082631973775e-06,—
luckily,1,2.569082631973775e-06,—
pinching,1,2.569082631973775e-06,—
occupant,1,2.569082631973775e-06,—
consoles,1,2.569082631973775e-06,—
tweeting,1,2.569082631973775e-06,—
costume,1,2.569082631973775e-06,—
nominees,1,2.569082631973775e-06,—
angermond,1,2.569082631973775e-06,—
ira,1,2.569082631973775e-06,—
adinsky,1,2.569082631973775e-06,—
drums,1,2.569082631973775e-06,—
ori,1,2.569082631973775e-06,—
rebooting,1,2.569082631973775e-06,—
orin,1,2.569082631973775e-06,—
wavelength,1,2.569082631973775e-06,—
appreciating,1,2.569082631973775e-06,—
poke,1,2.569082631973775e-06,—
spicing,1,2.569082631973775e-06,—
telecoms,1,2.569082631973775e-06,—
incorporation,1,2.569082631973775e-06,—
codenames,1,2.569082631973775e-06,—
pic,1,2.569082631973775e-06,—
experiment,1,2.569082631973775e-06,recherche
transmutation,1,2.569082631973775e-06,—
iberty,1,2.569082631973775e-06,—
ashingto,1,2.569082631973775e-06,—
metamorphosed,1,2.569082631973775e-06,—
bushes,1,2.569082631973775e-06,—
portals,1,2.569082631973775e-06,—
inda,1,2.569082631973775e-06,—
uddies,1,2.569082631973775e-06,—
ebook,1,2.569082631973775e-06,—
isplay,1,2.569082631973775e-06,—
etherwebz,1,2.569082631973775e-06,—
ultilingual,1,2.569082631973775e-06,—
whisperers,1,2.569082631973775e-06,—
syncronous,1,2.569082631973775e-06,—
ficatio,1,2.569082631973775e-06,—
ractals,1,2.569082631973775e-06,—
urdock,1,2.569082631973775e-06,—
madness,1,2.569082631973775e-06,—
mobi,1,2.569082631973775e-06,—
epub,1,2.569082631973775e-06,—
dreamt,1,2.569082631973775e-06,—
reakathons,1,2.569082631973775e-06,—
adhocracy,1,2.569082631973775e-06,—
complementing,1,2.569082631973775e-06,—
hysically,1,2.569082631973775e-06,—
continental,1,2.569082631973775e-06,—
unexpected,1,2.569082631973775e-06,—
alliance,1,2.569082631973775e-06,—
clout,1,2.569082631973775e-06,—
gamers,1,2.569082631973775e-06,—
omplementing,1,2.569082631973775e-06,—
randomization,1,2.569082631973775e-06,—
gut,1,2.569082631973775e-06,—
feelings,1,2.569082631973775e-06,—
raphing,1,2.569082631973775e-06,—
eterior,1,2.569082631973775e-06,—
overlaying,1,2.569082631973775e-06,—
technobabble,1,2.569082631973775e-06,—
ffect,1,2.569082631973775e-06,—
nodenfo,1,2.569082631973775e-06,—
oncurrently,1,2.569082631973775e-06,—
outs,1,2.569082631973775e-06,—
haos,1,2.569082631973775e-06,—
straining,1,2.569082631973775e-06,—
traditionalist,1,2.569082631973775e-06,—
stark,1,2.569082631973775e-06,—
dissertation,1,2.569082631973775e-06,—
athedral,1,2.569082631973775e-06,—
undisputed,1,2.569082631973775e-06,—
senet,1,2.569082631973775e-06,—
scooping,1,2.569082631973775e-06,—
tidy,1,2.569082631973775e-06,—
ssumed,1,2.569082631973775e-06,—
centralisation,1,2.569082631973775e-06,—
rigidity,1,2.569082631973775e-06,—
swathes,1,2.569082631973775e-06,—
trailblazer,1,2.569082631973775e-06,—
functioned,1,2.569082631973775e-06,—
cottage,1,2.569082631973775e-06,—
scrupulous,1,2.569082631973775e-06,—
entangled,1,2.569082631973775e-06,—
askabbit,1,2.569082631973775e-06,—
adept,1,2.569082631973775e-06,—
deconstruction,1,2.569082631973775e-06,—
hostelries,1,2.569082631973775e-06,—
labour,1,2.569082631973775e-06,—
outfits,1,2.569082631973775e-06,—
indemnity,1,2.569082631973775e-06,—
shareware,1,2.569082631973775e-06,—
veneer,1,2.569082631973775e-06,—
statist,1,2.569082631973775e-06,—
technosocial,1,2.569082631973775e-06,—
lagard,1,2.569082631973775e-06,—
rubber,1,2.569082631973775e-06,—
trainers,1,2.569082631973775e-06,—
possessions,1,2.569082631973775e-06,—
legions,1,2.569082631973775e-06,—
footing,1,2.569082631973775e-06,—
cathedrals,1,2.569082631973775e-06,—
decentral,1,2.569082631973775e-06,—
savviness,1,2.569082631973775e-06,—
evaporate,1,2.569082631973775e-06,—
policed,1,2.569082631973775e-06,—
plumber,1,2.569082631973775e-06,—
legality,1,2.569082631973775e-06,—
pluralistic,1,2.569082631973775e-06,—
unpoliceable,1,2.569082631973775e-06,—
clumsy,1,2.569082631973775e-06,—
servicing,1,2.569082631973775e-06,—
biquitous,1,2.569082631973775e-06,—
apologise,1,2.569082631973775e-06,—
circumspect,1,2.569082631973775e-06,—
nistory,1,2.569082631973775e-06,—
anislav,1,2.569082631973775e-06,—
alahov,1,2.569082631973775e-06,—
formalisations,1,2.569082631973775e-06,—
ibers,1,2.569082631973775e-06,—
alidity,1,2.569082631973775e-06,—
rotation,1,2.569082631973775e-06,—
coherency,1,2.569082631973775e-06,—
disassociate,1,2.569082631973775e-06,—
contractually,1,2.569082631973775e-06,—
whistle,1,2.569082631973775e-06,—
blowers,1,2.569082631973775e-06,—
bogging,1,2.569082631973775e-06,—
fisherman,1,2.569082631973775e-06,—
dishonourable,1,2.569082631973775e-06,—
chematic,1,2.569082631973775e-06,—
nkscape,1,2.569082631973775e-06,—
adjudicate,1,2.569082631973775e-06,—
rites,1,2.569082631973775e-06,—
collator,1,2.569082631973775e-06,—
particpants,1,2.569082631973775e-06,—
judiciary,1,2.569082631973775e-06,—
attaining,1,2.569082631973775e-06,—
doggedly,1,2.569082631973775e-06,—
contested,1,2.569082631973775e-06,—
inavailability,1,2.569082631973775e-06,—
concur,1,2.569082631973775e-06,—
sqrt,1,2.569082631973775e-06,—
reinitiate,1,2.569082631973775e-06,—
unassailable,1,2.569082631973775e-06,—
lone,1,2.569082631973775e-06,—
lounge,1,2.569082631973775e-06,—
ancouver,1,2.569082631973775e-06,—
spiking,1,2.569082631973775e-06,—
roundhog,1,2.569082631973775e-06,—
eollar,1,2.569082631973775e-06,—
cocktail,1,2.569082631973775e-06,—
otch,1,2.569082631973775e-06,—
alent,1,2.569082631973775e-06,—
teamwork,1,2.569082631973775e-06,—
championships,1,2.569082631973775e-06,—
orda,1,2.569082631973775e-06,—
repurposing,1,2.569082631973775e-06,—
upercharge,1,2.569082631973775e-06,—
zenhub,1,2.569082631973775e-06,—
webstore,1,2.569082631973775e-06,—
nhance,1,2.569082631973775e-06,—
ccelerate,1,2.569082631973775e-06,—
abel,1,2.569082631973775e-06,—
morphing,1,2.569082631973775e-06,—
lanchard,1,2.569082631973775e-06,—
egend,1,2.569082631973775e-06,—
ountyource,1,2.569082631973775e-06,—
readership,1,2.569082631973775e-06,—
haoping,1,2.569082631973775e-06,—
ethchina,1,2.569082631973775e-06,—
unbi,1,2.569082631973775e-06,—
tongue,1,2.569082631973775e-06,—
pleus,1,2.569082631973775e-06,—
lingual,1,2.569082631973775e-06,—
resenting,1,2.569082631973775e-06,—
rainstorming,1,2.569082631973775e-06,—
creensharing,1,2.569082631973775e-06,—
energized,1,2.569082631973775e-06,—
verse,1,2.569082631973775e-06,—
mps,1,2.569082631973775e-06,—
devgrants,1,2.569082631973775e-06,—
ueled,1,2.569082631973775e-06,—
impassioned,1,2.569082631973775e-06,—
boasts,1,2.569082631973775e-06,—
ðξgrant,1,2.569082631973775e-06,—
attribute,1,2.569082631973775e-06,—
eligable,1,2.569082631973775e-06,—
underline,1,2.569082631973775e-06,—
upfront,1,2.569082631973775e-06,—
nterested,1,2.569082631973775e-06,—
ntiftung,1,2.569082631973775e-06,—
discharging,1,2.569082631973775e-06,—
creatively,1,2.569082631973775e-06,—
energetically,1,2.569082631973775e-06,—
shepherded,1,2.569082631973775e-06,—
oinenter,1,2.569082631973775e-06,—
alary,1,2.569082631973775e-06,—
rithjof,1,2.569082631973775e-06,—
einert,1,2.569082631973775e-06,—
resolutions,1,2.569082631973775e-06,—
inaugurated,1,2.569082631973775e-06,—
ovator,1,2.569082631973775e-06,—
intersect,1,2.569082631973775e-06,—
citement,1,2.569082631973775e-06,—
embezzlement,1,2.569082631973775e-06,—
iverse,1,2.569082631973775e-06,—
doctrine,1,2.569082631973775e-06,—
recited,1,2.569082631973775e-06,—
sensationalized,1,2.569082631973775e-06,—
nauseam,1,2.569082631973775e-06,—
orchestrated,1,2.569082631973775e-06,—
blockade,1,2.569082631973775e-06,—
surplus,1,2.569082631973775e-06,—
drugs,1,2.569082631973775e-06,—
snatched,1,2.569082631973775e-06,—
befuddles,1,2.569082631973775e-06,—
smoking,1,2.569082631973775e-06,—
governmental,1,2.569082631973775e-06,—
overrated,1,2.569082631973775e-06,—
rhetorical,1,2.569082631973775e-06,—
edefined,1,2.569082631973775e-06,—
ention,1,2.569082631973775e-06,—
restrictive,1,2.569082631973775e-06,—
noneistent,1,2.569082631973775e-06,—
albolge,1,2.569082631973775e-06,—
ego,1,2.569082631973775e-06,—
indstorms,1,2.569082631973775e-06,—
mania,1,2.569082631973775e-06,—
limiations,1,2.569082631973775e-06,—
multicameral,1,2.569082631973775e-06,—
characterized,1,2.569082631973775e-06,—
ependency,1,2.569082631973775e-06,—
unimportant,1,2.569082631973775e-06,—
dawn,1,2.569082631973775e-06,—
caveman,1,2.569082631973775e-06,—
roads,1,2.569082631973775e-06,—
telephone,1,2.569082631973775e-06,—
mille,1,2.569082631973775e-06,—
ium,1,2.569082631973775e-06,—
interdependent,1,2.569082631973775e-06,—
reaction,1,2.569082631973775e-06,—
dubious,1,2.569082631973775e-06,—
conjecture,1,2.569082631973775e-06,—
reseller,1,2.569082631973775e-06,—
otmail,1,2.569082631973775e-06,—
logically,1,2.569082631973775e-06,—
revocatio,1,2.569082631973775e-06,—
reassigning,1,2.569082631973775e-06,—
mishaps,1,2.569082631973775e-06,—
yft,1,2.569082631973775e-06,—
eportable,1,2.569082631973775e-06,—
calculatio,1,2.569082631973775e-06,—
lazier,1,2.569082631973775e-06,—
judicious,1,2.569082631973775e-06,—
slog,1,2.569082631973775e-06,—
uncensorable,1,2.569082631973775e-06,—
hypermedia,1,2.569082631973775e-06,—
arpeles,1,2.569082631973775e-06,—
enthusiast,1,2.569082631973775e-06,—
whims,1,2.569082631973775e-06,—
acked,1,2.569082631973775e-06,—
ontrasting,1,2.569082631973775e-06,—
buttcoi,1,2.569082631973775e-06,—
routinely,1,2.569082631973775e-06,—
mericans,1,2.569082631973775e-06,—
haircut,1,2.569082631973775e-06,—
ngular,1,2.569082631973775e-06,—
awe,1,2.569082631973775e-06,—
antonym,1,2.569082631973775e-06,—
ictionaries,1,2.569082631973775e-06,—
iktionary,1,2.569082631973775e-06,—
regain,1,2.569082631973775e-06,—
ependence,1,2.569082631973775e-06,—
landlady,1,2.569082631973775e-06,—
trap,1,2.569082631973775e-06,—
illogical,1,2.569082631973775e-06,—
fallacious,1,2.569082631973775e-06,—
rustlessness,1,2.569082631973775e-06,—
trustfulness,1,2.569082631973775e-06,—
otatively,1,2.569082631973775e-06,—
whip,1,2.569082631973775e-06,—
strangers,1,2.569082631973775e-06,—
fray,1,2.569082631973775e-06,—
chneier,1,2.569082631973775e-06,—
iars,1,2.569082631973775e-06,—
utliers,1,2.569082631973775e-06,—
riely,1,2.569082631973775e-06,—
ishonesty,1,2.569082631973775e-06,—
upsurge,1,2.569082631973775e-06,—
stabbing,1,2.569082631973775e-06,—
daughter,1,2.569082631973775e-06,—
upright,1,2.569082631973775e-06,—
mischievious,1,2.569082631973775e-06,—
shady,1,2.569082631973775e-06,—
boys,1,2.569082631973775e-06,—
intentions,1,2.569082631973775e-06,—
wanso,1,2.569082631973775e-06,—
conglomerates,1,2.569082631973775e-06,—
cryptoanarchic,1,2.569082631973775e-06,—
pertinently,1,2.569082631973775e-06,—
scandals,1,2.569082631973775e-06,—
locus,1,2.569082631973775e-06,—
loci,1,2.569082631973775e-06,—
abscond,1,2.569082631973775e-06,—
buildup,1,2.569082631973775e-06,—
complying,1,2.569082631973775e-06,—
entrusted,1,2.569082631973775e-06,—
dropouts,1,2.569082631973775e-06,—
ubtler,1,2.569082631973775e-06,—
ubterfuge,1,2.569082631973775e-06,—
zeroing,1,2.569082631973775e-06,—
behemoths,1,2.569082631973775e-06,—
offense,1,2.569082631973775e-06,—
freedoms,1,2.569082631973775e-06,—
jerk,1,2.569082631973775e-06,—
eminde,1,2.569082631973775e-06,—
cite,1,2.569082631973775e-06,—
bulbs,1,2.569082631973775e-06,—
obsolescence,1,2.569082631973775e-06,—
nagging,1,2.569082631973775e-06,—
shrugs,1,2.569082631973775e-06,—
bothering,1,2.569082631973775e-06,—
futility,1,2.569082631973775e-06,—
silicon,1,2.569082631973775e-06,—
dward,1,2.569082631973775e-06,—
midnight,1,2.569082631973775e-06,—
ninth,1,2.569082631973775e-06,—
immortalised,1,2.569082631973775e-06,—
olympicethereum,1,2.569082631973775e-06,—
rize,1,2.569082631973775e-06,—
preloaded,1,2.569082631973775e-06,—
helpfully,1,2.569082631973775e-06,—
whirring,1,2.569082631973775e-06,—
william,1,2.569082631973775e-06,—
mougayar,1,2.569082631973775e-06,—
brains,1,2.569082631973775e-06,—
captivated,1,2.569082631973775e-06,—
interpretations,1,2.569082631973775e-06,—
nears,1,2.569082631973775e-06,—
lineage,1,2.569082631973775e-06,—
relegating,1,2.569082631973775e-06,—
housands,1,2.569082631973775e-06,—
reengineer,1,2.569082631973775e-06,—
commercialization,1,2.569082631973775e-06,—
factual,1,2.569082631973775e-06,—
comprehensible,1,2.569082631973775e-06,—
wished,1,2.569082631973775e-06,—
duped,1,2.569082631973775e-06,—
dissimilar,1,2.569082631973775e-06,—
novelty,1,2.569082631973775e-06,—
rationally,1,2.569082631973775e-06,—
affordability,1,2.569082631973775e-06,—
rogrammability,1,2.569082631973775e-06,—
pgradability,1,2.569082631973775e-06,—
anageability,1,2.569082631973775e-06,—
tensibility,1,2.569082631973775e-06,—
horsepower,1,2.569082631973775e-06,—
freesites,1,2.569082631973775e-06,—
censorless,1,2.569082631973775e-06,—
remedies,1,2.569082631973775e-06,—
ifferentiatio,1,2.569082631973775e-06,—
solvability,1,2.569082631973775e-06,—
nables,1,2.569082631973775e-06,—
iunes,1,2.569082631973775e-06,—
synergistically,1,2.569082631973775e-06,—
cillary,1,2.569082631973775e-06,—
snowballed,1,2.569082631973775e-06,—
ealthcare,1,2.569082631973775e-06,—
idesharing,1,2.569082631973775e-06,—
eommerce,1,2.569082631973775e-06,—
wnership,1,2.569082631973775e-06,—
tamping,1,2.569082631973775e-06,—
icrotransactions,1,2.569082631973775e-06,—
emittances,1,2.569082631973775e-06,—
anufacturing,1,2.569082631973775e-06,—
unequivocally,1,2.569082631973775e-06,—
uddenly,1,2.569082631973775e-06,—
gatekeepers,1,2.569082631973775e-06,—
repurposes,1,2.569082631973775e-06,—
unbundle,1,2.569082631973775e-06,—
relegate,1,2.569082631973775e-06,—
tartups,1,2.569082631973775e-06,—
overloaded,1,2.569082631973775e-06,—
overlaid,1,2.569082631973775e-06,—
stretching,1,2.569082631973775e-06,—
misinformed,1,2.569082631973775e-06,—
contrarian,1,2.569082631973775e-06,—
shines,1,2.569082631973775e-06,—
ortran,1,2.569082631973775e-06,—
ord,1,2.569082631973775e-06,—
painted,1,2.569082631973775e-06,—
prophecies,1,2.569082631973775e-06,—
wishful,1,2.569082631973775e-06,—
vibrancy,1,2.569082631973775e-06,—
ougayar,1,2.569082631973775e-06,—
angel,1,2.569082631973775e-06,—
ewlett,1,2.569082631973775e-06,—
ackard,1,2.569082631973775e-06,—
ognizant,1,2.569082631973775e-06,—
tartup,1,2.569082631973775e-06,—
uncontroversial,1,2.569082631973775e-06,—
parlance,1,2.569082631973775e-06,—
privatize,1,2.569082631973775e-06,—
socialize,1,2.569082631973775e-06,—
censorships,1,2.569082631973775e-06,—
collusio,1,2.569082631973775e-06,—
porn,1,2.569082631973775e-06,—
boogeyman,1,2.569082631973775e-06,—
complaining,1,2.569082631973775e-06,—
enterprising,1,2.569082631973775e-06,—
hotshots,1,2.569082631973775e-06,—
plausibly,1,2.569082631973775e-06,—
imelock,1,2.569082631973775e-06,—
sped,1,2.569082631973775e-06,—
paltry,1,2.569082631973775e-06,—
uclidean,1,2.569082631973775e-06,—
inverses,1,2.569082631973775e-06,—
remai,1,2.569082631973775e-06,—
nonoutsourceable,1,2.569082631973775e-06,—
arsenal,1,2.569082631973775e-06,—
includable,1,2.569082631973775e-06,—
proprtional,1,2.569082631973775e-06,—
prespecified,1,2.569082631973775e-06,—
covert,1,2.569082631973775e-06,—
circumventions,1,2.569082631973775e-06,—
inconveniencing,1,2.569082631973775e-06,—
ewer,1,2.569082631973775e-06,—
neen,1,2.569082631973775e-06,—
tarbucks,1,2.569082631973775e-06,—
irewall,1,2.569082631973775e-06,—
peep,1,2.569082631973775e-06,—
monoculture,1,2.569082631973775e-06,—
hamper,1,2.569082631973775e-06,—
refreshes,1,2.569082631973775e-06,—
awel,1,2.569082631973775e-06,—
ladimir,1,2.569082631973775e-06,—
ethvm,1,2.569082631973775e-06,—
ecrettore,1,2.569082631973775e-06,—
adversity,1,2.569082631973775e-06,—
forensic,1,2.569082631973775e-06,—
tzar,1,2.569082631973775e-06,—
diagnose,1,2.569082631973775e-06,—
convene,1,2.569082631973775e-06,—
baton,1,2.569082631973775e-06,—
spearheading,1,2.569082631973775e-06,—
evangelizing,1,2.569082631973775e-06,—
delicately,1,2.569082631973775e-06,—
stash,1,2.569082631973775e-06,—
multiples,1,2.569082631973775e-06,—
itcoins,1,2.569082631973775e-06,—
sizable,1,2.569082631973775e-06,—
notches,1,2.569082631973775e-06,—
nheard,1,2.569082631973775e-06,—
ightly,1,2.569082631973775e-06,—
plaining,1,2.569082631973775e-06,—
accomplishment,1,2.569082631973775e-06,—
istrict,1,2.569082631973775e-06,—
lecturing,1,2.569082631973775e-06,—
icocia,1,2.569082631973775e-06,—
asters,1,2.569082631973775e-06,—
urrencies,1,2.569082631973775e-06,—
ballooned,1,2.569082631973775e-06,—
hundredth,1,2.569082631973775e-06,—
conserve,1,2.569082631973775e-06,—
recalled,1,2.569082631973775e-06,—
instated,1,2.569082631973775e-06,—
superfluous,1,2.569082631973775e-06,—
daredevil,1,2.569082631973775e-06,—
grabbed,1,2.569082631973775e-06,—
journals,1,2.569082631973775e-06,—
ninety,1,2.569082631973775e-06,—
pyeth,1,2.569082631973775e-06,—
refilling,1,2.569082631973775e-06,—
dishwashers,1,2.569082631973775e-06,—
nonempty,1,2.569082631973775e-06,—
avoin,1,2.569082631973775e-06,—
stipulate,1,2.569082631973775e-06,—
getval,1,2.569082631973775e-06,—
getchildcount,1,2.569082631973775e-06,—
removechild,1,2.569082631973775e-06,—
valsarr,1,2.569082631973775e-06,—
setval,1,2.569082631973775e-06,—
outitems,1,2.569082631973775e-06,—
reservation,1,2.569082631973775e-06,—
approvence,1,2.569082631973775e-06,—
sendoinrom,1,2.569082631973775e-06,—
tandardized,1,2.569082631973775e-06,—
agnosticism,1,2.569082631973775e-06,—
sockpuppet,1,2.569082631973775e-06,—
maintainance,1,2.569082631973775e-06,—
warship,1,2.569082631973775e-06,—
festival,1,2.569082631973775e-06,—
richest,1,2.569082631973775e-06,—
obligated,1,2.569082631973775e-06,—
magistrate,1,2.569082631973775e-06,—
doubtless,1,2.569082631973775e-06,—
lympics,1,2.569082631973775e-06,—
trireme,1,2.569082631973775e-06,—
accountants,1,2.569082631973775e-06,—
accountant,1,2.569082631973775e-06,—
approves,1,2.569082631973775e-06,—
choles,1,2.569082631973775e-06,—
imposd,1,2.569082631973775e-06,—
induct,1,2.569082631973775e-06,—
conservatism,1,2.569082631973775e-06,—
rustavis,1,2.569082631973775e-06,—
unavoiable,1,2.569082631973775e-06,—
alyses,1,2.569082631973775e-06,—
consultants,1,2.569082631973775e-06,—
uppermost,1,2.569082631973775e-06,—
sharpen,1,2.569082631973775e-06,—
expect,1,2.569082631973775e-06,—
barebone,1,2.569082631973775e-06,—
settlers,1,2.569082631973775e-06,—
omplications,1,2.569082631973775e-06,—
isaster,1,2.569082631973775e-06,—
urging,1,2.569082631973775e-06,—
adblock,1,2.569082631973775e-06,—
concise,1,2.569082631973775e-06,—
entinel,1,2.569082631973775e-06,—
badblocks,1,2.569082631973775e-06,—
networkd,1,2.569082631973775e-06,—
helpdesk,1,2.569082631973775e-06,—
palindromic,1,2.569082631973775e-06,—
tesnet,1,2.569082631973775e-06,—
githubusercontent,1,2.569082631973775e-06,—
pypa,1,2.569082631973775e-06,—
nodekey,1,2.569082631973775e-06,—
pregenerated,1,2.569082631973775e-06,—
lockr,1,2.569082631973775e-06,—
insure,1,2.569082631973775e-06,—
abnormal,1,2.569082631973775e-06,—
wary,1,2.569082631973775e-06,—
nenesis,1,2.569082631973775e-06,—
completio,1,2.569082631973775e-06,—
buildboard,1,2.569082631973775e-06,—
stabilises,1,2.569082631973775e-06,—
lawitter,1,2.569082631973775e-06,—
evitin,1,2.569082631973775e-06,—
ayne,1,2.569082631973775e-06,—
essy,1,2.569082631973775e-06,—
automotive,1,2.569082631973775e-06,—
olls,1,2.569082631973775e-06,—
oyce,1,2.569082631973775e-06,—
otor,1,2.569082631973775e-06,—
alleviation,1,2.569082631973775e-06,—
rained,1,2.569082631973775e-06,—
physician,1,2.569082631973775e-06,—
intriguing,1,2.569082631973775e-06,—
ortune,1,2.569082631973775e-06,—
communism,1,2.569082631973775e-06,—
tourism,1,2.569082631973775e-06,—
broadband,1,2.569082631973775e-06,—
cofounder,1,2.569082631973775e-06,—
unbond,1,2.569082631973775e-06,—
ambling,1,2.569082631973775e-06,—
heaviest,1,2.569082631973775e-06,—
preempted,1,2.569082631973775e-06,—
forfeits,1,2.569082631973775e-06,—
punishes,1,2.569082631973775e-06,—
prescribed,1,2.569082631973775e-06,—
withholds,1,2.569082631973775e-06,—
reinvest,1,2.569082631973775e-06,—
netsplits,1,2.569082631973775e-06,—
onded,1,2.569082631973775e-06,—
bonders,1,2.569082631973775e-06,—
advisable,1,2.569082631973775e-06,—
nere,1,2.569082631973775e-06,—
thaw,1,2.569082631973775e-06,—
repost,1,2.569082631973775e-06,—
downwards,1,2.569082631973775e-06,—
tr,1,2.569082631973775e-06,—
advisers,1,2.569082631973775e-06,—
onsole,1,2.569082631973775e-06,—
resend,1,2.569082631973775e-06,—
tore,1,2.569082631973775e-06,—
ecrets,1,2.569082631973775e-06,—
autodag,1,2.569082631973775e-06,—
dag,1,2.569082631973775e-06,—
szabos,1,2.569082631973775e-06,—
uncontrolled,1,2.569082631973775e-06,—
backlash,1,2.569082631973775e-06,—
dinosaurish,1,2.569082631973775e-06,—
crime,1,2.569082631973775e-06,—
styles,1,2.569082631973775e-06,—
ikely,1,2.569082631973775e-06,—
blockchaining,1,2.569082631973775e-06,—
devolve,1,2.569082631973775e-06,—
hugely,1,2.569082631973775e-06,—
hamstring,1,2.569082631973775e-06,—
pressured,1,2.569082631973775e-06,—
bargaining,1,2.569082631973775e-06,—
heterogeneous,1,2.569082631973775e-06,—
cesc,1,2.569082631973775e-06,—
yco,1,2.569082631973775e-06,—
alethzero,1,2.569082631973775e-06,—
orkaround,1,2.569082631973775e-06,—
dentities,1,2.569082631973775e-06,—
circa,1,2.569082631973775e-06,—
expectations,1,2.569082631973775e-06,—
abreast,1,2.569082631973775e-06,—
perpleed,1,2.569082631973775e-06,—
percolate,1,2.569082631973775e-06,—
né,1,2.569082631973775e-06,—
dated,1,2.569082631973775e-06,—
reorganise,1,2.569082631973775e-06,—
inm,1,2.569082631973775e-06,—
cco,1,2.569082631973775e-06,—
farther,1,2.569082631973775e-06,—
topple,1,2.569082631973775e-06,—
immature,1,2.569082631973775e-06,—
remedial,1,2.569082631973775e-06,—
warranted,1,2.569082631973775e-06,—
onslaught,1,2.569082631973775e-06,—
flooring,1,2.569082631973775e-06,—
iggest,1,2.569082631973775e-06,—
efeddfecadece,1,2.569082631973775e-06,—
cedbfcddbec,1,2.569082631973775e-06,—
bbbabdabcdeecbaad,1,2.569082631973775e-06,—
fdaffcbcbdcc,1,2.569082631973775e-06,—
ffceeadcedc,1,2.569082631973775e-06,—
bbacfbecaeccaddc,1,2.569082631973775e-06,—
ebcddeadacfbfb,1,2.569082631973775e-06,—
bcbedefcbadebba,1,2.569082631973775e-06,—
aecdfaefbaeefcaab,1,2.569082631973775e-06,—
fecaedbdbbedcfecfa,1,2.569082631973775e-06,—
ceefbdfffaacbbd,1,2.569082631973775e-06,—
dafcfbefbafbbda,1,2.569082631973775e-06,—
stat,1,2.569082631973775e-06,—
dfcbbebbdff,1,2.569082631973775e-06,—
evened,1,2.569082631973775e-06,—
affbdcfbabaeaceffeefa,1,2.569082631973775e-06,—
af,1,2.569082631973775e-06,—
befeffdaaacddabeaaeb,1,2.569082631973775e-06,—
befeffdaaacddabe,1,2.569082631973775e-06,—
consenus,1,2.569082631973775e-06,—
nwould,1,2.569082631973775e-06,—
ffbfffabffeaffff,1,2.569082631973775e-06,—
feeecddebbbfcff,1,2.569082631973775e-06,—
bcebbbc,1,2.569082631973775e-06,—
efbbdeddbdbcdaf,1,2.569082631973775e-06,—
bfeccfcbdbdedcbcebe,1,2.569082631973775e-06,—
becbfedfddfb,1,2.569082631973775e-06,—
fcfbdfefeeaadaf,1,2.569082631973775e-06,—
bacccabbeeaddad,1,2.569082631973775e-06,—
dcdffffafacdbacec,1,2.569082631973775e-06,—
ffebeaffbebbbdc,1,2.569082631973775e-06,—
owest,1,2.569082631973775e-06,—
ddaadfddba,1,2.569082631973775e-06,—
cdadabaffeaac,1,2.569082631973775e-06,—
fdfbadcddcea,1,2.569082631973775e-06,—
bfeabbcaafaedc,1,2.569082631973775e-06,—
feedefebfdff,1,2.569082631973775e-06,—
dfbaffdddde,1,2.569082631973775e-06,—
eaacedbacabfcbe,1,2.569082631973775e-06,—
befebcaacbecbbccca,1,2.569082631973775e-06,—
eeacabebebcddadcf,1,2.569082631973775e-06,—
cbcebabcdac,1,2.569082631973775e-06,—
cbcefeeb,1,2.569082631973775e-06,—
urk,1,2.569082631973775e-06,—
knowable,1,2.569082631973775e-06,—
colluders,1,2.569082631973775e-06,—
robabilistically,1,2.569082631973775e-06,—
passerby,1,2.569082631973775e-06,—
gambler,1,2.569082631973775e-06,—
pseudorandomly,1,2.569082631973775e-06,—
convinces,1,2.569082631973775e-06,—
turpitude,1,2.569082631973775e-06,—
grief,1,2.569082631973775e-06,—
blackmail,1,2.569082631973775e-06,—
gamble,1,2.569082631973775e-06,—
gambled,1,2.569082631973775e-06,—
ztorcian,1,2.569082631973775e-06,—
incl,1,2.569082631973775e-06,—
bind,1,2.569082631973775e-06,—
bypassing,1,2.569082631973775e-06,—
authorisation,1,2.569082631973775e-06,—
standby,1,2.569082631973775e-06,—
ntate,1,2.569082631973775e-06,—
suicide,1,2.569082631973775e-06,—
nstability,1,2.569082631973775e-06,—
homebrew,1,2.569082631973775e-06,—
fdfacbabacfed,1,2.569082631973775e-06,—
crippled,1,2.569082631973775e-06,—
breed,1,2.569082631973775e-06,—
stephanursium,1,2.569082631973775e-06,—
ursium,1,2.569082631973775e-06,—
stephantual,1,2.569082631973775e-06,—
nmplementation,1,2.569082631973775e-06,—
fafcbfadebbccce,1,2.569082631973775e-06,—
bcabfbfafdecfa,1,2.569082631973775e-06,—
unpatched,1,2.569082631973775e-06,—
suicided,1,2.569082631973775e-06,—
ebedafeabfcfddea,1,2.569082631973775e-06,—
eality,1,2.569082631973775e-06,—
elapsed,1,2.569082631973775e-06,—
directs,1,2.569082631973775e-06,—
matheatically,1,2.569082631973775e-06,—
eigencies,1,2.569082631973775e-06,—
disprove,1,2.569082631973775e-06,—
ppendi,1,2.569082631973775e-06,—
yal,1,2.569082631973775e-06,—
ontreal,1,2.569082631973775e-06,—
infrequent,1,2.569082631973775e-06,—
electing,1,2.569082631973775e-06,—
segregating,1,2.569082631973775e-06,—
allmer,1,2.569082631973775e-06,—
eadme,1,2.569082631973775e-06,—
enu,1,2.569082631973775e-06,—
oggle,1,2.569082631973775e-06,—
unlockccount,1,2.569082631973775e-06,—
mio,1,2.569082631973775e-06,—
permissiveness,1,2.569082631973775e-06,—
civility,1,2.569082631973775e-06,—
theymos,1,2.569082631973775e-06,—
panse,1,2.569082631973775e-06,—
trademark,1,2.569082631973775e-06,—
nevon,1,2.569082631973775e-06,—
inspires,1,2.569082631973775e-06,—
ryptoeconomico,1,2.569082631973775e-06,—
nodejsconf,1,2.569082631973775e-06,—
dustry,1,2.569082631973775e-06,—
notarization,1,2.569082631973775e-06,—
timespan,1,2.569082631973775e-06,—
inclusively,1,2.569082631973775e-06,—
artefact,1,2.569082631973775e-06,—
egregating,1,2.569082631973775e-06,—
rofessionalism,1,2.569082631973775e-06,—
nanopool,1,2.569082631973775e-06,—
suprnova,1,2.569082631973775e-06,—
unlucky,1,2.569082631973775e-06,—
ehibits,1,2.569082631973775e-06,—
skewness,1,2.569082631973775e-06,—
dimishing,1,2.569082631973775e-06,—
oneself,1,2.569082631973775e-06,—
contrave,1,2.569082631973775e-06,—
ircea,1,2.569082631973775e-06,—
opescu,1,2.569082631973775e-06,—
ttp,1,2.569082631973775e-06,—
rce,1,2.569082631973775e-06,—
esc,1,2.569082631973775e-06,—
mhim,1,2.569082631973775e-06,—
ceo,1,2.569082631973775e-06,—
bolstered,1,2.569082631973775e-06,—
manpower,1,2.569082631973775e-06,—
roupnosis,1,2.569082631973775e-06,—
radelock,1,2.569082631973775e-06,—
thereumallet,1,2.569082631973775e-06,—
loffson,1,2.569082631973775e-06,—
larm,1,2.569082631973775e-06,—
ethercasts,1,2.569082631973775e-06,—
ponzies,1,2.569082631973775e-06,—
perils,1,2.569082631973775e-06,—
oucai,1,2.569082631973775e-06,—
unrecognizable,1,2.569082631973775e-06,—
hinted,1,2.569082631973775e-06,—
capitalized,1,2.569082631973775e-06,—
inances,1,2.569082631973775e-06,—
heh,1,2.569082631973775e-06,—
ecellently,1,2.569082631973775e-06,—
ordinatio,1,2.569082631973775e-06,—
ertifying,1,2.569082631973775e-06,—
certifying,1,2.569082631973775e-06,—
aying,1,2.569082631973775e-06,—
alanc,1,2.569082631973775e-06,—
otentially,1,2.569082631973775e-06,—
inin,1,2.569082631973775e-06,—
disabledby,1,2.569082631973775e-06,—
isable,1,2.569082631973775e-06,—
standups,1,2.569082631973775e-06,—
oping,1,2.569082631973775e-06,—
chocie,1,2.569082631973775e-06,—
subprotocol,1,2.569082631973775e-06,—
robustly,1,2.569082631973775e-06,—
eparately,1,2.569082631973775e-06,—
ceptions,1,2.569082631973775e-06,—
overhauled,1,2.569082631973775e-06,—
enkins,1,2.569082631973775e-06,—
syncronize,1,2.569082631973775e-06,—
predicts,1,2.569082631973775e-06,—
speeches,1,2.569082631973775e-06,—
uawei,1,2.569082631973775e-06,—
ethfans,1,2.569082631973775e-06,—
infrastructural,1,2.569082631973775e-06,—
overconsumption,1,2.569082631973775e-06,—
anarchy,1,2.569082631973775e-06,—
ceremonious,1,2.569082631973775e-06,—
alphas,1,2.569082631973775e-06,—
downgraded,1,2.569082631973775e-06,—
glitches,1,2.569082631973775e-06,—
eynote,1,2.569082631973775e-06,—
scholar,1,2.569082631973775e-06,—
calculator,1,2.569082631973775e-06,—
rroneous,1,2.569082631973775e-06,—
erroneous,1,2.569082631973775e-06,—
subchain,1,2.569082631973775e-06,—
reorganised,1,2.569082631973775e-06,—
rew,1,2.569082631973775e-06,—
ecaedefcb,1,2.569082631973775e-06,—
gavofyork,1,2.569082631973775e-06,—
turboethereum,1,2.569082631973775e-06,—
clientele,1,2.569082631973775e-06,—
urbothereum,1,2.569082631973775e-06,—
ilter,1,2.569082631973775e-06,—
astpass,1,2.569082631973775e-06,—
bsaed,1,2.569082631973775e-06,—
emind,1,2.569082631973775e-06,—
sysadmin,1,2.569082631973775e-06,—
hump,1,2.569082631973775e-06,—
nename,1,2.569082631973775e-06,—
unrestricted,1,2.569082631973775e-06,—
buyout,1,2.569082631973775e-06,—
estricting,1,2.569082631973775e-06,—
refusal,1,2.569082631973775e-06,—
nip,1,2.569082631973775e-06,—
bud,1,2.569082631973775e-06,—
getinimumalance,1,2.569082631973775e-06,—
getaimumalance,1,2.569082631973775e-06,—
presumed,1,2.569082631973775e-06,—
merkling,1,2.569082631973775e-06,—
ekle,1,2.569082631973775e-06,—
depicted,1,2.569082631973775e-06,—
undertakes,1,2.569082631973775e-06,—
efdfbcdadadfeeceec,1,2.569082631973775e-06,—
sparse,1,2.569082631973775e-06,—
attaching,1,2.569082631973775e-06,—
spammer,1,2.569082631973775e-06,—
notificatio,1,2.569082631973775e-06,—
mailbo,1,2.569082631973775e-06,—
unjustified,1,2.569082631973775e-06,—
categorical,1,2.569082631973775e-06,—
centralist,1,2.569082631973775e-06,—
barrage,1,2.569082631973775e-06,—
minorities,1,2.569082631973775e-06,—
redictioneddit,1,2.569082631973775e-06,—
condolences,1,2.569082631973775e-06,—
ads,1,2.569082631973775e-06,—
leg,1,2.569082631973775e-06,—
ndreev,1,2.569082631973775e-06,—
nlot,1,2.569082631973775e-06,—
ersus,1,2.569082631973775e-06,—
emacs,1,2.569082631973775e-06,—
andy,1,2.569082631973775e-06,—
crush,1,2.569082631973775e-06,—
grandpa,1,2.569082631973775e-06,—
realising,1,2.569082631973775e-06,—
diamonds,1,2.569082631973775e-06,—
cows,1,2.569082631973775e-06,—
publisher,1,2.569082631973775e-06,—
lethne,1,2.569082631973775e-06,—
buttons,1,2.569082631973775e-06,—
cryptoechange,1,2.569082631973775e-06,—
sidechai,1,2.569082631973775e-06,—
yoken,1,2.569082631973775e-06,—
personalize,1,2.569082631973775e-06,—
therbase,1,2.569082631973775e-06,—
omorrow,1,2.569082631973775e-06,—
icker,1,2.569082631973775e-06,—
sharesddress,1,2.569082631973775e-06,—
minimumharesoroting,1,2.569082631973775e-06,—
minutesorebating,1,2.569082631973775e-06,—
sharesokenddress,1,2.569082631973775e-06,—
newroposal,1,2.569082631973775e-06,—
transactionyteode,1,2.569082631973775e-06,—
numroposals,1,2.569082631973775e-06,—
picker,1,2.569082631973775e-06,—
eecuteroposal,1,2.569082631973775e-06,—
openoote,1,2.569082631973775e-06,—
proposalassed,1,2.569082631973775e-06,—
obeys,1,2.569082631973775e-06,—
earmark,1,2.569082631973775e-06,—
drill,1,2.569082631973775e-06,—
emojis,1,2.569082631973775e-06,—
mintoken,1,2.569082631973775e-06,—
notepad,1,2.569082631973775e-06,—
jobescriptio,1,2.569082631973775e-06,—
lengthy,1,2.569082631973775e-06,—
archiving,1,2.569082631973775e-06,—
minter,1,2.569082631973775e-06,—
completelly,1,2.569082631973775e-06,—
acquires,1,2.569082631973775e-06,—
igitally,1,2.569082631973775e-06,—
uggestions,1,2.569082631973775e-06,—
fluctuating,1,2.569082631973775e-06,—
parallelizability,1,2.569082631973775e-06,—
vubvub,1,2.569082631973775e-06,—
hinkad,1,2.569082631973775e-06,—
cbeddcdcdeefbeebf,1,2.569082631973775e-06,—
fastvm,1,2.569082631973775e-06,—
abfabdeeeefeebf,1,2.569082631973775e-06,—
minusone,1,2.569082631973775e-06,—
ncrement,1,2.569082631973775e-06,—
bitmask,1,2.569082631973775e-06,—
dislike,1,2.569082631973775e-06,—
ootstock,1,2.569082631973775e-06,—
tronger,1,2.569082631973775e-06,—
bolsters,1,2.569082631973775e-06,—
estination,1,2.569082631973775e-06,—
oneyadger,1,2.569082631973775e-06,—
lans,1,2.569082631973775e-06,—
whiteboards,1,2.569082631973775e-06,—
keystone,1,2.569082631973775e-06,—
subsume,1,2.569082631973775e-06,—
infinitesimal,1,2.569082631973775e-06,—
infer,1,2.569082631973775e-06,—
eactness,1,2.569082631973775e-06,—
proviso,1,2.569082631973775e-06,—
finalizatio,1,2.569082631973775e-06,—
cidentally,1,2.569082631973775e-06,—
flopping,1,2.569082631973775e-06,—
recalculating,1,2.569082631973775e-06,—
oining,1,2.569082631973775e-06,—
propositio,1,2.569082631973775e-06,—
mimic,1,2.569082631973775e-06,—
piecewise,1,2.569082631973775e-06,—
skipping,1,2.569082631973775e-06,—
glamorous,1,2.569082631973775e-06,—
penses,1,2.569082631973775e-06,—
uncloaking,1,2.569082631973775e-06,—
grace,1,2.569082631973775e-06,—
dministrative,1,2.569082631973775e-06,—
consolidating,1,2.569082631973775e-06,—
decommissioned,1,2.569082631973775e-06,—
rented,1,2.569082631973775e-06,—
omebody,1,2.569082631973775e-06,—
budgeting,1,2.569082631973775e-06,—
rightful,1,2.569082631973775e-06,—
spades,1,2.569082631973775e-06,—
unleashed,1,2.569082631973775e-06,—
burdens,1,2.569082631973775e-06,—
onatio,1,2.569082631973775e-06,—
asegawa,1,2.569082631973775e-06,—
yng,1,2.569082631973775e-06,—
syng,1,2.569082631973775e-06,—
arrad,1,2.569082631973775e-06,—
ethembedded,1,2.569082631973775e-06,—
erryts,1,2.569082631973775e-06,—
yotte,1,2.569082631973775e-06,—
orted,1,2.569082631973775e-06,—
omputers,1,2.569082631973775e-06,—
upports,1,2.569082631973775e-06,—
eagleone,1,2.569082631973775e-06,—
andoard,1,2.569082631973775e-06,—
uad,1,2.569082631973775e-06,—
ardkernel,1,2.569082631973775e-06,—
cludes,1,2.569082631973775e-06,—
kumavis,1,2.569082631973775e-06,—
frictio,1,2.569082631973775e-06,—
rimary,1,2.569082631973775e-06,—
emulator,1,2.569082631973775e-06,—
ulletproof,1,2.569082631973775e-06,—
wendellethereum,1,2.569082631973775e-06,—
hought,1,2.569082631973775e-06,—
emotion,1,2.569082631973775e-06,—
luminaries,1,2.569082631973775e-06,—
conspirator,1,2.569082631973775e-06,—
intellect,1,2.569082631973775e-06,—
beckon,1,2.569082631973775e-06,—
troupe,1,2.569082631973775e-06,—
sparkly,1,2.569082631973775e-06,—
rusty,1,2.569082631973775e-06,—
realms,1,2.569082631973775e-06,—
nlockchains,1,2.569082631973775e-06,—
codified,1,2.569082631973775e-06,—
mangitude,1,2.569082631973775e-06,—
oly,1,2.569082631973775e-06,—
wires,1,2.569082631973775e-06,—
subtracts,1,2.569082631973775e-06,—
correponding,1,2.569082631973775e-06,—
nigma,1,2.569082631973775e-06,—
irrevertibly,1,2.569082631973775e-06,—
linkages,1,2.569082631973775e-06,—
porous,1,2.569082631973775e-06,—
oinoi,1,2.569082631973775e-06,—
oinoin,1,2.569082631973775e-06,—
luhovsky,1,2.569082631973775e-06,—
linkability,1,2.569082631973775e-06,—
ineistence,1,2.569082631973775e-06,—
revocations,1,2.569082631973775e-06,—
refrain,1,2.569082631973775e-06,—
dea,1,2.569082631973775e-06,—
alteration,1,2.569082631973775e-06,—
clueless,1,2.569082631973775e-06,—
anonymized,1,2.569082631973775e-06,—
nart,1,2.569082631973775e-06,—
multipleed,1,2.569082631973775e-06,—
hypervisors,1,2.569082631973775e-06,—
bigraphs,1,2.569082631973775e-06,—
addressable,1,2.569082631973775e-06,—
aths,1,2.569082631973775e-06,—
irection,1,2.569082631973775e-06,—
pinkmbientsoot,1,2.569082631973775e-06,—
terating,1,2.569082631973775e-06,—
param,1,2.569082631973775e-06,—
retruns,1,2.569082631973775e-06,—
reroutes,1,2.569082631973775e-06,—
equivalents,1,2.569082631973775e-06,—
mekle,1,2.569082631973775e-06,—
eparating,1,2.569082631973775e-06,—
grouped,1,2.569082631973775e-06,—
hards,1,2.569082631973775e-06,—
subambient,1,2.569082631973775e-06,—
setoot,1,2.569082631973775e-06,—
pledges,1,2.569082631973775e-06,—
pledge,1,2.569082631973775e-06,—
resembles,1,2.569082631973775e-06,—
solation,1,2.569082631973775e-06,—
ounterfeiting,1,2.569082631973775e-06,—
additive,1,2.569082631973775e-06,—
crosses,1,2.569082631973775e-06,—
defrauded,1,2.569082631973775e-06,—
arent,1,2.569082631973775e-06,—
lacunae,1,2.569082631973775e-06,—
recoded,1,2.569082631973775e-06,—
deletes,1,2.569082631973775e-06,—
rumour,1,2.569082631973775e-06,—
mobbed,1,2.569082631973775e-06,—
questioning,1,2.569082631973775e-06,—
sphere,1,2.569082631973775e-06,—
blistering,1,2.569082631973775e-06,—
hovering,1,2.569082631973775e-06,—
amaican,1,2.569082631973775e-06,—
obsled,1,2.569082631973775e-06,—
untraceable,1,2.569082631973775e-06,—
hijs,1,2.569082631973775e-06,—
stirring,1,2.569082631973775e-06,—
vantage,1,2.569082631973775e-06,—
pursued,1,2.569082631973775e-06,—
ontrast,1,2.569082631973775e-06,—
neutralise,1,2.569082631973775e-06,—
ickstart,1,2.569082631973775e-06,—
outlaid,1,2.569082631973775e-06,—
flushing,1,2.569082631973775e-06,—
descended,1,2.569082631973775e-06,—
aniously,1,2.569082631973775e-06,—
fantasy,1,2.569082631973775e-06,—
eroic,1,2.569082631973775e-06,—
ecuses,1,2.569082631973775e-06,—
randomised,1,2.569082631973775e-06,—
murmurs,1,2.569082631973775e-06,—
permeate,1,2.569082631973775e-06,—
ild,1,2.569082631973775e-06,—
vaporware,1,2.569082631973775e-06,—
reprieve,1,2.569082631973775e-06,—
widening,1,2.569082631973775e-06,—
wings,1,2.569082631973775e-06,—
gleefully,1,2.569082631973775e-06,—
mogen,1,2.569082631973775e-06,—
eloitte,1,2.569082631973775e-06,—
folk,1,2.569082631973775e-06,—
omesteading,1,2.569082631973775e-06,—
eplosio,1,2.569082631973775e-06,—
treaded,1,2.569082631973775e-06,—
precipice,1,2.569082631973775e-06,—
sn,1,2.569082631973775e-06,—
astonishing,1,2.569082631973775e-06,—
rville,1,2.569082631973775e-06,—
fulfilled,1,2.569082631973775e-06,—
hullabaloo,1,2.569082631973775e-06,—
recognising,1,2.569082631973775e-06,—
fle,1,2.569082631973775e-06,—
dged,1,2.569082631973775e-06,—
dapple,1,2.569082631973775e-06,—
truffle,1,2.569082631973775e-06,développement
nollowing,1,2.569082631973775e-06,—
amounted,1,2.569082631973775e-06,—
blockheaders,1,2.569082631973775e-06,—
beadcbad,1,2.569082631973775e-06,—
gladly,1,2.569082631973775e-06,—
inscription,1,2.569082631973775e-06,—
ountyhunter,1,2.569082631973775e-06,—
shirt,1,2.569082631973775e-06,—
ourt,1,2.569082631973775e-06,—
nalogy,1,2.569082631973775e-06,—
testimony,1,2.569082631973775e-06,—
defender,1,2.569082631973775e-06,—
prosecutor,1,2.569082631973775e-06,—
formalised,1,2.569082631973775e-06,—
eige,1,2.569082631973775e-06,—
enholtz,1,2.569082631973775e-06,—
oisy,1,2.569082631973775e-06,—
clunky,1,2.569082631973775e-06,—
ply,1,2.569082631973775e-06,—
abai,1,2.569082631973775e-06,—
ortnow,1,2.569082631973775e-06,—
allegedly,1,2.569082631973775e-06,—
challengers,1,2.569082631973775e-06,—
disincentivise,1,2.569082631973775e-06,—
bisection,1,2.569082631973775e-06,—
dogecoin,1,2.569082631973775e-06,—
correlate,1,2.569082631973775e-06,—
omputations,1,2.569082631973775e-06,—
onvert,1,2.569082631973775e-06,—
iny,1,2.569082631973775e-06,—
ractice,1,2.569082631973775e-06,—
logarithms,1,2.569082631973775e-06,—
nteractively,1,2.569082631973775e-06,—
cracker,1,2.569082631973775e-06,—
prolong,1,2.569082631973775e-06,—
npdate,1,2.569082631973775e-06,—
dropout,1,2.569082631973775e-06,—
psyched,1,2.569082631973775e-06,—
elieving,1,2.569082631973775e-06,—
omewhat,1,2.569082631973775e-06,—
awesomeness,1,2.569082631973775e-06,—
midday,1,2.569082631973775e-06,—
bravery,1,2.569082631973775e-06,—
hyperbolically,1,2.569082631973775e-06,—
earchitecting,1,2.569082631973775e-06,—
hammering,1,2.569082631973775e-06,—
devgrant,1,2.569082631973775e-06,—
gusto,1,2.569082631973775e-06,—
alig,1,2.569082631973775e-06,—
adopts,1,2.569082631973775e-06,—
permissible,1,2.569082631973775e-06,—
dwarfpool,1,2.569082631973775e-06,—
ethermine,1,2.569082631973775e-06,—
nauseum,1,2.569082631973775e-06,—
nonsensys,1,2.569082631973775e-06,—
ubin,1,2.569082631973775e-06,—
adella,1,2.569082631973775e-06,—
receptio,1,2.569082631973775e-06,—
menus,1,2.569082631973775e-06,—
lockpps,1,2.569082631973775e-06,—
trato,1,2.569082631973775e-06,—
etas,1,2.569082631973775e-06,—
slock,1,2.569082631973775e-06,—
lizardcoin,1,2.569082631973775e-06,—
supplementing,1,2.569082631973775e-06,—
damn,1,2.569082631973775e-06,—
uld,1,2.569082631973775e-06,—
lluminati,1,2.569082631973775e-06,—
cabal,1,2.569082631973775e-06,—
minister,1,2.569082631973775e-06,—
ecep,1,2.569082631973775e-06,—
ayyip,1,2.569082631973775e-06,—
rdogan,1,2.569082631973775e-06,—
grossly,1,2.569082631973775e-06,—
andomer,1,2.569082631973775e-06,—
nthere,1,2.569082631973775e-06,—
organ,1,2.569082631973775e-06,—
entrench,1,2.569082631973775e-06,—
lizard,1,2.569082631973775e-06,—
masters,1,2.569082631973775e-06,—
omeland,1,2.569082631973775e-06,—
combat,1,2.569082631973775e-06,—
terrorism,1,2.569082631973775e-06,—
wooks,1,2.569082631973775e-06,—
oindesk,1,2.569082631973775e-06,—
summitting,1,2.569082631973775e-06,—
wanxiang,1,2.569082631973775e-06,—
blockbuster,1,2.569082631973775e-06,—
commencement,1,2.569082631973775e-06,—
erendipitously,1,2.569082631973775e-06,—
agencies,1,2.569082631973775e-06,—
oldings,1,2.569082631973775e-06,—
summitblockchainlabs,1,2.569082631973775e-06,—
remix,1,2.569082631973775e-06,développement
gcolvin,1,2.569082631973775e-06,—
ianaus,1,2.569082631973775e-06,—
hokhlov,1,2.569082631973775e-06,—
winsvega,1,2.569082631973775e-06,—
bobsummerwill,1,2.569082631973775e-06,—
disentangling,1,2.569082631973775e-06,—
atom,1,2.569082631973775e-06,—
sublime,1,2.569082631973775e-06,—
inlineable,1,2.569082631973775e-06,—
rachnid,1,2.569082631973775e-06,—
lofsson,1,2.569082631973775e-06,—
androlo,1,2.569082631973775e-06,—
trepreneurs,1,2.569082631973775e-06,—
definitively,1,2.569082631973775e-06,—
mirage,1,2.569082631973775e-06,—
hooligan,1,2.569082631973775e-06,—
struck,1,2.569082631973775e-06,—
eraser,1,2.569082631973775e-06,—
illy,1,2.569082631973775e-06,—
fallible,1,2.569082631973775e-06,—
inches,1,2.569082631973775e-06,—
overtaking,1,2.569082631973775e-06,—
otion,1,2.569082631973775e-06,—
arousing,1,2.569082631973775e-06,—
burns,1,2.569082631973775e-06,—
seigniorage,1,2.569082631973775e-06,—
outlays,1,2.569082631973775e-06,—
metes,1,2.569082631973775e-06,—
ought,1,2.569082631973775e-06,—
pragmatic,1,2.569082631973775e-06,—
peanuts,1,2.569082631973775e-06,—
imperfectly,1,2.569082631973775e-06,—
indefensible,1,2.569082631973775e-06,—
securitization,1,2.569082631973775e-06,—
oncerns,1,2.569082631973775e-06,—
generalizeable,1,2.569082631973775e-06,—
knockdown,1,2.569082631973775e-06,—
strains,1,2.569082631973775e-06,—
colocated,1,2.569082631973775e-06,—
constituencies,1,2.569082631973775e-06,—
synchronisation,1,2.569082631973775e-06,—
adacafecedca,1,2.569082631973775e-06,—
preamble,1,2.569082631973775e-06,—
sufficientas,1,2.569082631973775e-06,—
yielded,1,2.569082631973775e-06,—
iterates,1,2.569082631973775e-06,—
initialisation,1,2.569082631973775e-06,—
appending,1,2.569082631973775e-06,—
ompilatio,1,2.569082631973775e-06,—
ptimiser,1,2.569082631973775e-06,—
edljdz,1,2.569082631973775e-06,—
initiates,1,2.569082631973775e-06,—
overbid,1,2.569082631973775e-06,—
refundsmsg,1,2.569082631973775e-06,—
hrow,1,2.569082631973775e-06,—
votees,1,2.569082631973775e-06,—
splittable,1,2.569082631973775e-06,—
inverting,1,2.569082631973775e-06,—
premiere,1,2.569082631973775e-06,—
remiere,1,2.569082631973775e-06,—
cientist,1,2.569082631973775e-06,—
hyperscale,1,2.569082631973775e-06,—
consortiums,1,2.569082631973775e-06,—
weeklong,1,2.569082631973775e-06,—
draining,1,2.569082631973775e-06,—
aacedfecbd,1,2.569082631973775e-06,—
callcodes,1,2.569082631973775e-06,—
delegatecalls,1,2.569082631973775e-06,—
daffddbcdaadfbafcfaeaadaba,1,2.569082631973775e-06,—
calm,1,2.569082631973775e-06,—
resuming,1,2.569082631973775e-06,—
debuggers,1,2.569082631973775e-06,—
underscore,1,2.569082631973775e-06,—
ponzi,1,2.569082631973775e-06,—
swiped,1,2.569082631973775e-06,—
miups,1,2.569082631973775e-06,—
superintelligent,1,2.569082631973775e-06,—
molecular,1,2.569082631973775e-06,—
biology,1,2.569082631973775e-06,—
nuclear,1,2.569082631973775e-06,—
fooled,1,2.569082631973775e-06,—
itigation,1,2.569082631973775e-06,—
hardcode,1,2.569082631973775e-06,—
transferwnership,1,2.569082631973775e-06,—
unintuitiveness,1,2.569082631973775e-06,—
ompilers,1,2.569082631973775e-06,—
bans,1,2.569082631973775e-06,—
callee,1,2.569082631973775e-06,—
transferrom,1,2.569082631973775e-06,—
entrant,1,2.569082631973775e-06,—
mute,1,2.569082631973775e-06,—
screws,1,2.569082631973775e-06,—
hefts,1,2.569082631973775e-06,—
unhappy,1,2.569082631973775e-06,—
tandardization,1,2.569082631973775e-06,—
iscussing,1,2.569082631973775e-06,—
verybody,1,2.569082631973775e-06,—
codename,1,2.569082631973775e-06,—
hes,1,2.569082631973775e-06,—
whitelisted,1,2.569082631973775e-06,—
undesired,1,2.569082631973775e-06,—
lowered,1,2.569082631973775e-06,—
decisive,1,2.569082631973775e-06,—
diverging,1,2.569082631973775e-06,—
forfeit,1,2.569082631973775e-06,—
overruling,1,2.569082631973775e-06,—
amended,1,2.569082631973775e-06,—
felix,1,2.569082631973775e-06,—
lange,1,2.569082631973775e-06,—
enactment,1,2.569082631973775e-06,—
workarounds,1,2.569082631973775e-06,—
vailable,1,2.569082631973775e-06,—
peedup,1,2.569082631973775e-06,—
harvested,1,2.569082631973775e-06,—
evmjit,1,2.569082631973775e-06,—
goto,1,2.569082631973775e-06,—
rng,1,2.569082631973775e-06,—
eorganisatio,1,2.569082631973775e-06,—
decouple,1,2.569082631973775e-06,—
disentangle,1,2.569082631973775e-06,—
drag,1,2.569082631973775e-06,—
ported,1,2.569082631973775e-06,—
oover,1,2.569082631973775e-06,—
redsquirrel,1,2.569082631973775e-06,—
repl,1,2.569082631973775e-06,—
behinds,1,2.569082631973775e-06,—
creenshot,1,2.569082631973775e-06,—
reorganizing,1,2.569082631973775e-06,—
approachability,1,2.569082631973775e-06,—
iagram,1,2.569082631973775e-06,—
blockchainweek,1,2.569082631973775e-06,—
eased,1,2.569082631973775e-06,—
alm,1,2.569082631973775e-06,—
esoteric,1,2.569082631973775e-06,—
elucidate,1,2.569082631973775e-06,—
detached,1,2.569082631973775e-06,—
therote,1,2.569082631973775e-06,—
erverless,1,2.569082631973775e-06,—
getarameteryame,1,2.569082631973775e-06,—
src,1,2.569082631973775e-06,—
currentrovider,1,2.569082631973775e-06,—
ttprovider,1,2.569082631973775e-06,—
edeedefcfecebccffbc,1,2.569082631973775e-06,—
getode,1,2.569082631973775e-06,—
dentify,1,2.569082631973775e-06,—
cookie,1,2.569082631973775e-06,—
invasion,1,2.569082631973775e-06,—
honey,1,2.569082631973775e-06,—
breached,1,2.569082631973775e-06,—
authenticators,1,2.569082631973775e-06,—
ttention,1,2.569082631973775e-06,—
clickable,1,2.569082631973775e-06,—
thervote,1,2.569082631973775e-06,—
informations,1,2.569082631973775e-06,—
deservedly,1,2.569082631973775e-06,—
irritate,1,2.569082631973775e-06,—
abuses,1,2.569082631973775e-06,—
fromlock,1,2.569082631973775e-06,—
argumenst,1,2.569082631973775e-06,—
ddr,1,2.569082631973775e-06,—
thousandth,1,2.569082631973775e-06,—
everytime,1,2.569082631973775e-06,—
totals,1,2.569082631973775e-06,—
tra,1,2.569082631973775e-06,—
oodies,1,2.569082631973775e-06,—
setimeout,1,2.569082631973775e-06,—
webdeveloper,1,2.569082631973775e-06,—
propistory,1,2.569082631973775e-06,—
igi,1,2.569082631973775e-06,—
bbbcdfdefcccdbbc,1,2.569082631973775e-06,—
etraalance,1,2.569082631973775e-06,—
afaccfcdfbeeaaca,1,2.569082631973775e-06,—
aceaeabeadfc,1,2.569082631973775e-06,—
bfedbfdeddddbca,1,2.569082631973775e-06,—
irregular,1,2.569082631973775e-06,—
strived,1,2.569082631973775e-06,—
ticking,1,2.569082631973775e-06,—
averted,1,2.569082631973775e-06,—
bleak,1,2.569082631973775e-06,—
recurrence,1,2.569082631973775e-06,—
blaming,1,2.569082631973775e-06,—
inspected,1,2.569082631973775e-06,—
programing,1,2.569082631973775e-06,—
dictated,1,2.569082631973775e-06,—
ethereumutf,1,2.569082631973775e-06,—
querytest,1,2.569082631973775e-06,—
cooking,1,2.569082631973775e-06,—
instantiations,1,2.569082631973775e-06,—
abbbbaeada,1,2.569082631973775e-06,—
denominanted,1,2.569082631973775e-06,—
joule,1,2.569082631973775e-06,—
heaper,1,2.569082631973775e-06,—
proportions,1,2.569082631973775e-06,—
inelastic,1,2.569082631973775e-06,—
tragic,1,2.569082631973775e-06,—
quadruples,1,2.569082631973775e-06,—
stunted,1,2.569082631973775e-06,—
projectio,1,2.569082631973775e-06,—
unscientific,1,2.569082631973775e-06,—
conservatively,1,2.569082631973775e-06,—
restrained,1,2.569082631973775e-06,—
empt,1,2.569082631973775e-06,—
infeasible,1,2.569082631973775e-06,—
confiscate,1,2.569082631973775e-06,—
malicentives,1,2.569082631973775e-06,—
uneven,1,2.569082631973775e-06,—
discriminate,1,2.569082631973775e-06,—
shock,1,2.569082631973775e-06,—
hurting,1,2.569082631973775e-06,—
epectatio,1,2.569082631973775e-06,—
cartel,1,2.569082631973775e-06,—
irai,1,2.569082631973775e-06,—
profession,1,2.569082631973775e-06,—
onsidering,1,2.569082631973775e-06,—
justifiable,1,2.569082631973775e-06,—
modal,1,2.569082631973775e-06,—
buggy,1,2.569082631973775e-06,—
reccomended,1,2.569082631973775e-06,—
jvbjcduwocyc,1,2.569082631973775e-06,—
ethcore,1,2.569082631973775e-06,—
umerical,1,2.569082631973775e-06,—
crafty,1,2.569082631973775e-06,—
locating,1,2.569082631973775e-06,—
reprice,1,2.569082631973775e-06,—
faq,1,2.569082631973775e-06,—
arisen,1,2.569082631973775e-06,—
inflate,1,2.569082631973775e-06,—
debloated,1,2.569082631973775e-06,—
pbv,1,2.569082631973775e-06,—
nist,1,2.569082631973775e-06,—
ulnerable,1,2.569082631973775e-06,—
dirname,1,2.569082631973775e-06,—
syncinimongo,1,2.569082631973775e-06,—
tintinweb,1,2.569082631973775e-06,—
reproduction,1,2.569082631973775e-06,—
howbecoming,1,2.569082631973775e-06,—
csv,1,2.569082631973775e-06,—
columns,1,2.569082631973775e-06,—
megabyte,1,2.569082631973775e-06,—
ccepting,1,2.569082631973775e-06,—
therefrom,1,2.569082631973775e-06,—
nderpriced,1,2.569082631973775e-06,—
ecompile,1,2.569082631973775e-06,—
eactivate,1,2.569082631973775e-06,—
oveflows,1,2.569082631973775e-06,—
seldomly,1,2.569082631973775e-06,—
escalation,1,2.569082631973775e-06,—
whoa,1,2.569082631973775e-06,—
hardcore,1,2.569082631973775e-06,—
untangling,1,2.569082631973775e-06,—
slide,1,2.569082631973775e-06,—
watchvajg,1,2.569082631973775e-06,—
onatype,1,2.569082631973775e-06,—
ocoaod,1,2.569082631973775e-06,—
influencing,1,2.569082631973775e-06,—
rrelevant,1,2.569082631973775e-06,—
troubles,1,2.569082631973775e-06,—
subscriptio,1,2.569082631973775e-06,—
inordinate,1,2.569082631973775e-06,—
configurability,1,2.569082631973775e-06,—
mapper,1,2.569082631973775e-06,—
reducer,1,2.569082631973775e-06,—
endored,1,2.569082631973775e-06,—
dirtying,1,2.569082631973775e-06,—
workspaces,1,2.569082631973775e-06,—
vendoring,1,2.569082631973775e-06,—
muck,1,2.569082631973775e-06,—
caktu,1,2.569082631973775e-06,—
uildbot,1,2.569082631973775e-06,—
buildbot,1,2.569082631973775e-06,—
crumble,1,2.569082631973775e-06,—
ppeyor,1,2.569082631973775e-06,—
aar,1,2.569082631973775e-06,—
mobiles,1,2.569082631973775e-06,—
ihone,1,2.569082631973775e-06,—
installers,1,2.569082631973775e-06,—
hocolatey,1,2.569082631973775e-06,—
ocoaods,1,2.569082631973775e-06,—
malware,1,2.569082631973775e-06,—
dragon,1,2.569082631973775e-06,—
ruby,1,2.569082631973775e-06,—
debloat,1,2.569082631973775e-06,—
eplay,1,2.569082631973775e-06,—
rebroadcasted,1,2.569082631973775e-06,—
rollover,1,2.569082631973775e-06,—
unaddressed,1,2.569082631973775e-06,—
networkid,1,2.569082631973775e-06,—
unsupported,1,2.569082631973775e-06,—
sweeping,1,2.569082631973775e-06,—
uu,1,2.569082631973775e-06,—
generalizable,1,2.569082631973775e-06,—
iscellanea,1,2.569082631973775e-06,—
simplificatio,1,2.569082631973775e-06,—
zksnarks,1,2.569082631973775e-06,—
enlightened,1,2.569082631973775e-06,—
uccinctness,1,2.569082631973775e-06,—
permutes,1,2.569082631973775e-06,—
picky,1,2.569082631973775e-06,—
sparingly,1,2.569082631973775e-06,—
factored,1,2.569082631973775e-06,—
homomorphicity,1,2.569082631973775e-06,—
acronym,1,2.569082631973775e-06,—
anew,1,2.569082631973775e-06,—
guments,1,2.569082631973775e-06,—
testify,1,2.569082631973775e-06,—
eductions,1,2.569082631973775e-06,—
denote,1,2.569082631973775e-06,—
negation,1,2.569082631973775e-06,—
disjunction,1,2.569082631973775e-06,—
converse,1,2.569082631973775e-06,—
scare,1,2.569082631973775e-06,—
ompleteness,1,2.569082631973775e-06,—
parentheses,1,2.569082631973775e-06,—
reductio,1,2.569082631973775e-06,—
reservatio,1,2.569082631973775e-06,—
reformulations,1,2.569082631973775e-06,—
analogue,1,2.569082631973775e-06,—
poly,1,2.569082631973775e-06,—
etail,1,2.569082631973775e-06,—
uccinctly,1,2.569082631973775e-06,—
additively,1,2.569082631973775e-06,—
radeoff,1,2.569082631973775e-06,—
nput,1,2.569082631973775e-06,—
emarkably,1,2.569082631973775e-06,—
olynomials,1,2.569082631973775e-06,—
nitalik,1,2.569082631973775e-06,—
complained,1,2.569082631973775e-06,—
chronological,1,2.569082631973775e-06,—
recount,1,2.569082631973775e-06,—
reface,1,2.569082631973775e-06,—
dystopian,1,2.569082631973775e-06,—
trollbo,1,2.569082631973775e-06,—
amsay,1,2.569082631973775e-06,—
asteroin,1,2.569082631973775e-06,—
sounded,1,2.569082631973775e-06,—
heretical,1,2.569082631973775e-06,—
voodoo,1,2.569082631973775e-06,—
itcoiner,1,2.569082631973775e-06,—
intellectually,1,2.569082631973775e-06,—
anurary,1,2.569082631973775e-06,—
eburary,1,2.569082631973775e-06,—
ussel,1,2.569082631973775e-06,—
erbeeten,1,2.569082631973775e-06,—
uninitiated,1,2.569082631973775e-06,—
imaginations,1,2.569082631973775e-06,—
planted,1,2.569082631973775e-06,—
squat,1,2.569082631973775e-06,—
internalized,1,2.569082631973775e-06,—
unimpressed,1,2.569082631973775e-06,—
breathlessly,1,2.569082631973775e-06,—
recounted,1,2.569082631973775e-06,—
ona,1,2.569082631973775e-06,—
recounts,1,2.569082631973775e-06,—
quilbrium,1,2.569082631973775e-06,—
offhand,1,2.569082631973775e-06,—
eft,1,2.569082631973775e-06,—
reasonableness,1,2.569082631973775e-06,—
quantifiable,1,2.569082631973775e-06,—
defeated,1,2.569082631973775e-06,—
insistence,1,2.569082631973775e-06,—
liked,1,2.569082631973775e-06,—
defunct,1,2.569082631973775e-06,—
gnoring,1,2.569082631973775e-06,—
chained,1,2.569082631973775e-06,—
hibernating,1,2.569082631973775e-06,—
middled,1,2.569082631973775e-06,—
nails,1,2.569082631973775e-06,—
coffins,1,2.569082631973775e-06,—
struggles,1,2.569082631973775e-06,—
tron,1,2.569082631973775e-06,—
toynet,1,2.569082631973775e-06,—
painpoints,1,2.569082631973775e-06,—
multiprotocol,1,2.569082631973775e-06,—
ittorrent,1,2.569082631973775e-06,—
eronet,1,2.569082631973775e-06,—
caters,1,2.569082631973775e-06,—
underlay,1,2.569082631973775e-06,—
rreversible,1,2.569082631973775e-06,—
chunkstore,1,2.569082631973775e-06,—
constituting,1,2.569082631973775e-06,—
diskspace,1,2.569082631973775e-06,—
keyspace,1,2.569082631973775e-06,—
hopping,1,2.569082631973775e-06,—
flavour,1,2.569082631973775e-06,—
dictates,1,2.569082631973775e-06,—
opportunistic,1,2.569082631973775e-06,—
redundantly,1,2.569082631973775e-06,—
phemon,1,2.569082631973775e-06,—
unburdens,1,2.569082631973775e-06,—
incentivises,1,2.569082631973775e-06,—
epunge,1,2.569082631973775e-06,—
predictor,1,2.569082631973775e-06,—
upshot,1,2.569082631973775e-06,—
utilisation,1,2.569082631973775e-06,—
elastic,1,2.569082631973775e-06,—
merklised,1,2.569082631973775e-06,—
parallelisation,1,2.569082631973775e-06,—
organising,1,2.569082631973775e-06,—
anifest,1,2.569082631973775e-06,—
compacted,1,2.569082631973775e-06,—
merkelised,1,2.569082631973775e-06,—
traversed,1,2.569082631973775e-06,—
bzzr,1,2.569082631973775e-06,—
unpublished,1,2.569082631973775e-06,—
authorise,1,2.569082631973775e-06,—
blissfully,1,2.569082631973775e-06,—
masking,1,2.569082631973775e-06,—
encryrption,1,2.569082631973775e-06,—
multicast,1,2.569082631973775e-06,—
litigation,1,2.569082631973775e-06,—
sername,1,2.569082631973775e-06,—
ashed,1,2.569082631973775e-06,—
bcrypt,1,2.569082631973775e-06,—
ordpress,1,2.569082631973775e-06,—
federated,1,2.569082631973775e-06,—
haveibeenpwned,1,2.569082631973775e-06,—
regret,1,2.569082631973775e-06,—
utshell,1,2.569082631973775e-06,—
evils,1,2.569082631973775e-06,—
zsolt,1,2.569082631973775e-06,—
felföldi,1,2.569082631973775e-06,—
ubprotocol,1,2.569082631973775e-06,—
lightness,1,2.569082631973775e-06,—
pointless,1,2.569082631973775e-06,—
zoe,1,2.569082631973775e-06,—
nembers,1,2.569082631973775e-06,—
coauthored,1,2.569082631973775e-06,—
complements,1,2.569082631973775e-06,—
scipr,1,2.569082631973775e-06,—
usr,1,2.569082631973775e-06,—
bilinear,1,2.569082631973775e-06,—
arreto,1,2.569082631973775e-06,—
aehrig,1,2.569082631973775e-06,—
te,1,2.569082631973775e-06,—
eusing,1,2.569082631973775e-06,—
desiring,1,2.569082631973775e-06,—
equihash,1,2.569082631973775e-06,—
valentine,1,2.569082631973775e-06,—
specter,1,2.569082631973775e-06,—
fdcea,1,2.569082631973775e-06,—
cce,1,2.569082631973775e-06,—
baf,1,2.569082631973775e-06,—
armor,1,2.569082631973775e-06,—
attributable,1,2.569082631973775e-06,—
eponentation,1,2.569082631973775e-06,—
rpmr,1,2.569082631973775e-06,—
fp,1,2.569082631973775e-06,—
timedelta,1,2.569082631973775e-06,—
bytearrays,1,2.569082631973775e-06,—
metal,1,2.569082631973775e-06,—
alentine,1,2.569082631973775e-06,—
javascripters,1,2.569082631973775e-06,—
etrio,1,2.569082631973775e-06,—
eattle,1,2.569082631973775e-06,—
anderer,1,2.569082631973775e-06,—
odson,1,2.569082631973775e-06,—
projections,1,2.569082631973775e-06,—
secondarily,1,2.569082631973775e-06,—
transcompiled,1,2.569082631973775e-06,—
ernel,1,2.569082631973775e-06,—
evamp,1,2.569082631973775e-06,—
uesdays,1,2.569082631973775e-06,—
primamatri,1,2.569082631973775e-06,—
fanatid,1,2.569082631973775e-06,—
tcp,1,2.569082631973775e-06,—
romisevents,1,2.569082631973775e-06,—
disastrous,1,2.569082631973775e-06,—
ethereumrovider,1,2.569082631973775e-06,—
infura,1,2.569082631973775e-06,—
oticeable,1,2.569082631973775e-06,—
undling,1,2.569082631973775e-06,—
unifies,1,2.569082631973775e-06,—
eudes,1,2.569082631973775e-06,—
weeklyriday,1,2.569082631973775e-06,—
unachievable,1,2.569082631973775e-06,—
inghuadongluikou,1,2.569082631973775e-06,—
ongqiao,1,2.569082631973775e-06,—
ocoin,1,2.569082631973775e-06,—
imperialism,1,2.569082631973775e-06,—
uche,1,2.569082631973775e-06,—
immoral,1,2.569082631973775e-06,—
ilderberg,1,2.569082631973775e-06,—
changeable,1,2.569082631973775e-06,—
padded,1,2.569082631973775e-06,—
deceased,1,2.569082631973775e-06,—
umm,1,2.569082631973775e-06,—
eempting,1,2.569082631973775e-06,—
propaganda,1,2.569082631973775e-06,—
alun,1,2.569082631973775e-06,—
afa,1,2.569082631973775e-06,—
tets,1,2.569082631973775e-06,—
infringing,1,2.569082631973775e-06,—
rump,1,2.569082631973775e-06,—
hair,1,2.569082631973775e-06,—
malevolent,1,2.569082631973775e-06,—
fbfcc,1,2.569082631973775e-06,—
efcbbdff,1,2.569082631973775e-06,—
ecab,1,2.569082631973775e-06,—
mechanized,1,2.569082631973775e-06,—
ebfaff,1,2.569082631973775e-06,—
dddae,1,2.569082631973775e-06,—
simplecasper,1,2.569082631973775e-06,—
dae,1,2.569082631973775e-06,—
pow,1,2.569082631973775e-06,protocolaire
acf,1,2.569082631973775e-06,—
agitating,1,2.569082631973775e-06,—
fbeabec,1,2.569082631973775e-06,—
arbonvote,1,2.569082631973775e-06,—
deb,1,2.569082631973775e-06,—
paritytech,1,2.569082631973775e-06,—
nramming,1,2.569082631973775e-06,—
limpsing,1,2.569082631973775e-06,—
oml,1,2.569082631973775e-06,—
pirate,1,2.569082631973775e-06,—
omitted,1,2.569082631973775e-06,—
dumpconfig,1,2.569082631973775e-06,—
yourfile,1,2.569082631973775e-06,—
toml,1,2.569082631973775e-06,—
processors,1,2.569082631973775e-06,—
hurts,1,2.569082631973775e-06,—
unfeasible,1,2.569082631973775e-06,—
lugable,1,2.569082631973775e-06,—
riorities,1,2.569082631973775e-06,—
estarting,1,2.569082631973775e-06,—
conglomerate,1,2.569082631973775e-06,—
techs,1,2.569082631973775e-06,—
onfiguring,1,2.569082631973775e-06,—
faucets,1,2.569082631973775e-06,—
ssh,1,2.569082631973775e-06,—
dial,1,2.569082631973775e-06,—
fuss,1,2.569082631973775e-06,—
tread,1,2.569082631973775e-06,—
revive,1,2.569082631973775e-06,—
furthered,1,2.569082631973775e-06,—
fares,1,2.569082631973775e-06,—
ounting,1,2.569082631973775e-06,—
shortcoming,1,2.569082631973775e-06,—
tarball,1,2.569082631973775e-06,—
listings,1,2.569082631973775e-06,—
ludicrous,1,2.569082631973775e-06,—
puppetheering,1,2.569082631973775e-06,—
uthors,1,2.569082631973775e-06,—
nbug,1,2.569082631973775e-06,—
optimises,1,2.569082631973775e-06,—
invalidly,1,2.569082631973775e-06,—
vigorous,1,2.569082631973775e-06,—
gendas,1,2.569082631973775e-06,—
lockhainests,1,2.569082631973775e-06,—
prognosis,1,2.569082631973775e-06,—
counterattacks,1,2.569082631973775e-06,—
cle,1,2.569082631973775e-06,—
ubstantial,1,2.569082631973775e-06,—
emoved,1,2.569082631973775e-06,—
alleth,1,2.569082631973775e-06,—
ruesec,1,2.569082631973775e-06,—
statediff,1,2.569082631973775e-06,—
praticular,1,2.569082631973775e-06,—
statetests,1,2.569082631973775e-06,—
soad,1,2.569082631973775e-06,—
std,1,2.569082631973775e-06,—
tandardoken,1,2.569082631973775e-06,—
unary,1,2.569082631973775e-06,—
ecouple,1,2.569082631973775e-06,—
clientinaries,1,2.569082631973775e-06,—
efactor,1,2.569082631973775e-06,—
updater,1,2.569082631973775e-06,—
maiavictor,1,2.569082631973775e-06,—
becfafec,1,2.569082631973775e-06,—
watchvunhii,1,2.569082631973775e-06,—
pypi,1,2.569082631973775e-06,—
pypiactiondisplay,1,2.569082631973775e-06,—
nameethereum,1,2.569082631973775e-06,—
effaecddba,1,2.569082631973775e-06,—
fdfcfaafecdbdadd,1,2.569082631973775e-06,—
ouptacular,1,2.569082631973775e-06,—
fdbfaccdbbefaed,1,2.569082631973775e-06,—
rst,1,2.569082631973775e-06,—
benchmaking,1,2.569082631973775e-06,—
befbadadaf,1,2.569082631973775e-06,—
identicons,1,2.569082631973775e-06,—
blackbo,1,2.569082631973775e-06,—
umps,1,2.569082631973775e-06,—
thereumjs,1,2.569082631973775e-06,—
romising,1,2.569082631973775e-06,—
remid,1,2.569082631973775e-06,—
andspecial,1,2.569082631973775e-06,—
noncommiting,1,2.569082631973775e-06,—
implementational,1,2.569082631973775e-06,—
envelopes,1,2.569082631973775e-06,—
eme,1,2.569082631973775e-06,—
james,1,2.569082631973775e-06,—
pitts,1,2.569082631973775e-06,—
crypted,1,2.569082631973775e-06,—
inhibits,1,2.569082631973775e-06,—
opposes,1,2.569082631973775e-06,—
ncrypted,1,2.569082631973775e-06,—
ecryption,1,2.569082631973775e-06,—
curtail,1,2.569082631973775e-06,—
impedes,1,2.569082631973775e-06,—
hinder,1,2.569082631973775e-06,—
opyright,1,2.569082631973775e-06,—
infringers,1,2.569082631973775e-06,—
commenting,1,2.569082631973775e-06,—
otating,1,2.569082631973775e-06,—
disabilities,1,2.569082631973775e-06,—
compels,1,2.569082631973775e-06,—
covenant,1,2.569082631973775e-06,—
aggression,1,2.569082631973775e-06,—
constrains,1,2.569082631973775e-06,—
inhibit,1,2.569082631973775e-06,—
eemptions,1,2.569082631973775e-06,—
egonelbre,1,2.569082631973775e-06,—
uerilla,1,2.569082631973775e-06,—
ynchronizatio,1,2.569082631973775e-06,—
urls,1,2.569082631973775e-06,—
minimising,1,2.569082631973775e-06,—
impersonators,1,2.569082631973775e-06,—
reselling,1,2.569082631973775e-06,—
specifiers,1,2.569082631973775e-06,—
buffers,1,2.569082631973775e-06,—
churning,1,2.569082631973775e-06,—
iffie,1,2.569082631973775e-06,—
elma,1,2.569082631973775e-06,—
eistel,1,2.569082631973775e-06,—
blockcypher,1,2.569082631973775e-06,—
courtroom,1,2.569082631973775e-06,—
resumed,1,2.569082631973775e-06,—
pyrlp,1,2.569082631973775e-06,—
checksummed,1,2.569082631973775e-06,—
ececover,1,2.569082631973775e-06,—
andom,1,2.569082631973775e-06,—
modifiers,1,2.569082631973775e-06,—
bamboo,1,2.569082631973775e-06,—
eparation,1,2.569082631973775e-06,—
shortens,1,2.569082631973775e-06,—
mrsmkl,1,2.569082631973775e-06,—
megara,1,2.569082631973775e-06,—
incarnatio,1,2.569082631973775e-06,—
mbedding,1,2.569082631973775e-06,—
revertals,1,2.569082631973775e-06,—
packs,1,2.569082631973775e-06,—
plugs,1,2.569082631973775e-06,—
urltrezor,1,2.569082631973775e-06,—
invoking,1,2.569082631973775e-06,—
shuffled,1,2.569082631973775e-06,—
protective,1,2.569082631973775e-06,—
blacklisting,1,2.569082631973775e-06,—
headaches,1,2.569082631973775e-06,—
netropolis,1,2.569082631973775e-06,—
impler,1,2.569082631973775e-06,—
collisio,1,2.569082631973775e-06,—
deadlock,1,2.569082631973775e-06,—
conditio,1,2.569082631973775e-06,—
egara,1,2.569082631973775e-06,—
stabler,1,2.569082631973775e-06,—
roadblocks,1,2.569082631973775e-06,—
assembles,1,2.569082631973775e-06,—
bloombits,1,2.569082631973775e-06,—
classical,1,2.569082631973775e-06,—
doests,1,2.569082631973775e-06,—
onsolidated,1,2.569082631973775e-06,—
eplaced,1,2.569082631973775e-06,—
originals,1,2.569082631973775e-06,—
treatment,1,2.569082631973775e-06,—
ugfies,1,2.569082631973775e-06,—
ournaling,1,2.569082631973775e-06,—
thereumesterrovider,1,2.569082631973775e-06,—
ighlight,1,2.569082631973775e-06,—
autocomplete,1,2.569082631973775e-06,—
themable,1,2.569082631973775e-06,—
iulia,1,2.569082631973775e-06,—
spana,1,2.569082631973775e-06,—
aspan,1,2.569082631973775e-06,—
optio,1,2.569082631973775e-06,—
electron,1,2.569082631973775e-06,—
marcgarreau,1,2.569082631973775e-06,—
libuzzer,1,2.569082631973775e-06,—
oonho,1,2.569082631973775e-06,—
visualiser,1,2.569082631973775e-06,—
reassembling,1,2.569082631973775e-06,—
diffie,1,2.569082631973775e-06,—
hellman,1,2.569082631973775e-06,—
keystream,1,2.569082631973775e-06,—
subprojects,1,2.569082631973775e-06,—
gballet,1,2.569082631973775e-06,—
hf,1,2.569082631973775e-06,—
narks,1,2.569082631973775e-06,—
mathemagic,1,2.569082631973775e-06,—
getransactioneceipt,1,2.569082631973775e-06,—
phenomenal,1,2.569082631973775e-06,—
photographers,1,2.569082631973775e-06,—
tall,1,2.569082631973775e-06,—
appily,1,2.569082631973775e-06,—
floors,1,2.569082631973775e-06,—
auditoriums,1,2.569082631973775e-06,—
assoon,1,2.569082631973775e-06,—
immigration,1,2.569082631973775e-06,—
ecursions,1,2.569082631973775e-06,—
ayan,1,2.569082631973775e-06,—
ruins,1,2.569082631973775e-06,—
lodging,1,2.569082631973775e-06,—
amenities,1,2.569082631973775e-06,—
embodies,1,2.569082631973775e-06,—
cohesiveness,1,2.569082631973775e-06,—
communicates,1,2.569082631973775e-06,—
ovating,1,2.569082631973775e-06,—
omicon,1,2.569082631973775e-06,—
topping,1,2.569082631973775e-06,—
residents,1,2.569082631973775e-06,—
ucatan,1,2.569082631973775e-06,—
eninsula,1,2.569082631973775e-06,—
amplifies,1,2.569082631973775e-06,—
cknowlegements,1,2.569082631973775e-06,—
webdev,1,2.569082631973775e-06,—
photography,1,2.569082631973775e-06,—
assistants,1,2.569082631973775e-06,—
tshirt,1,2.569082631973775e-06,—
elucidation,1,2.569082631973775e-06,—
oya,1,2.569082631973775e-06,—
oversubscribed,1,2.569082631973775e-06,—
amerawork,1,2.569082631973775e-06,—
ttn,1,2.569082631973775e-06,—
chromium,1,2.569082631973775e-06,—
everton,1,2.569082631973775e-06,—
nue,1,2.569082631973775e-06,—
alicious,1,2.569082631973775e-06,—
merchantability,1,2.569082631973775e-06,—
fitness,1,2.569082631973775e-06,—
mistat,1,2.569082631973775e-06,—
evertonfraga,1,2.569082631973775e-06,—
engages,1,2.569082631973775e-06,—
watchvoon,1,2.569082631973775e-06,—
ampfeatureyoutu,1,2.569082631973775e-06,—
ampthms,1,2.569082631973775e-06,—
jeffcoleman,1,2.569082631973775e-06,—
raiden,1,2.569082631973775e-06,—
anchored,1,2.569082631973775e-06,—
subsidies,1,2.569082631973775e-06,—
ubsidy,1,2.569082631973775e-06,—
conceive,1,2.569082631973775e-06,—
applyethereumresearch,1,2.569082631973775e-06,—
idney,1,2.569082631973775e-06,—
mani,1,2.569082631973775e-06,—
fillers,1,2.569082631973775e-06,—
ctest,1,2.569082631973775e-06,—
revived,1,2.569082631973775e-06,—
createandomest,1,2.569082631973775e-06,—
multiline,1,2.569082631973775e-06,—
ninabreznik,1,2.569082631973775e-06,—
serapath,1,2.569082631973775e-06,—
ecorder,1,2.569082631973775e-06,—
attributions,1,2.569082631973775e-06,—
usersurge,1,2.569082631973775e-06,—
anache,1,2.569082631973775e-06,—
regardingwith,1,2.569082631973775e-06,—
rustbn,1,2.569082631973775e-06,—
jbaylina,1,2.569082631973775e-06,—
inity,1,2.569082631973775e-06,—
evmwasm,1,2.569082631973775e-06,—
transpiler,1,2.569082631973775e-06,—
transpile,1,2.569082631973775e-06,—
dmakarov,1,2.569082631973775e-06,—
cleaned,1,2.569082631973775e-06,—
multithreading,1,2.569082631973775e-06,—
ontinuous,1,2.569082631973775e-06,—
clang,1,2.569082631973775e-06,—
squad,1,2.569082631973775e-06,—
mocks,1,2.569082631973775e-06,—
sketches,1,2.569082631973775e-06,—
luminosity,1,2.569082631973775e-06,—
chequebook,1,2.569082631973775e-06,—
simulatio,1,2.569082631973775e-06,—
avigating,1,2.569082631973775e-06,—
ffective,1,2.569082631973775e-06,—
warmly,1,2.569082631973775e-06,—
heartfelt,1,2.569082631973775e-06,—
mediaethereum,1,2.569082631973775e-06,—
therheads,1,2.569082631973775e-06,—
rooting,1,2.569082631973775e-06,—
wholeheartedly,1,2.569082631973775e-06,—
waaay,1,2.569082631973775e-06,—
ceberg,1,2.569082631973775e-06,—
tallying,1,2.569082631973775e-06,—
blow,1,2.569082631973775e-06,—
broke,1,2.569082631973775e-06,—
conflicted,1,2.569082631973775e-06,—
firewalls,1,2.569082631973775e-06,—
traversals,1,2.569082631973775e-06,—
stalling,1,2.569082631973775e-06,—
amusing,1,2.569082631973775e-06,—
plots,1,2.569082631973775e-06,—
completes,1,2.569082631973775e-06,—
recomputed,1,2.569082631973775e-06,—
piling,1,2.569082631973775e-06,—
dumps,1,2.569082631973775e-06,—
ottovm,1,2.569082631973775e-06,—
duktape,1,2.569082631973775e-06,—
etracts,1,2.569082631973775e-06,—
prestateracer,1,2.569082631973775e-06,—
byteracer,1,2.569082631973775e-06,—
traceransaction,1,2.569082631973775e-06,—
treaming,1,2.569082631973775e-06,—
reru,1,2.569082631973775e-06,—
temp,1,2.569082631973775e-06,—
tracehain,1,2.569082631973775e-06,—
dbfdffdfbabaedbbeefdbcfdb,1,2.569082631973775e-06,—
edfaddbcefdbfdbdeae,1,2.569082631973775e-06,—
acbaaadbceecedbfebedfea,1,2.569082631973775e-06,—
eaecaccbddfcaeffefaaffb,1,2.569082631973775e-06,—
cfebbcfcffffffffbbfebfebffcbfffffffffffffffffffffffffffffffffffffffffffffffffffffffffffffffffffffffffffffffffbffffdaaffebbaaaabcebdeaaafdfecbcabbefbdaafbe,1,2.569082631973775e-06,—
cffffffffbbfebfebffcbfffffffffffffffffffffffffffffffffffffffffffffffffffffffffffffffffffffffffffffffffbffffdaaffebbaaaabcebdeaaafdfecbcabbefbdaafbe,1,2.569082631973775e-06,—
cfebdefffcd,1,2.569082631973775e-06,—
ccbceeebddacffdefeefdfbfaacb,1,2.569082631973775e-06,—
ilteryvent,1,2.569082631973775e-06,—
atchyvent,1,2.569082631973775e-06,—
dhering,1,2.569082631973775e-06,—
kasha,1,2.569082631973775e-06,—
ublish,1,2.569082631973775e-06,—
entryd,1,2.569082631973775e-06,—
iltering,1,2.569082631973775e-06,—
ilterublish,1,2.569082631973775e-06,—
nil,1,2.569082631973775e-06,—
alas,1,2.569082631973775e-06,—
reeec,1,2.569082631973775e-06,—
regenerating,1,2.569082631973775e-06,—
amortizes,1,2.569082631973775e-06,—
rebind,1,2.569082631973775e-06,—
rpcvhostsyour,1,2.569082631973775e-06,—
domai,1,2.569082631973775e-06,—
beneficiaries,1,2.569082631973775e-06,—
wardee,1,2.569082631973775e-06,—
olium,1,2.569082631973775e-06,—
omarov,1,2.569082631973775e-06,—
eterministic,1,2.569082631973775e-06,—
unauditable,1,2.569082631973775e-06,—
ubits,1,2.569082631973775e-06,—
collapsed,1,2.569082631973775e-06,—
inadequate,1,2.569082631973775e-06,—
tangle,1,2.569082631973775e-06,—
eiwo,1,2.569082631973775e-06,—
ifto,1,2.569082631973775e-06,—
plive,1,2.569082631973775e-06,—
erfect,1,2.569082631973775e-06,—
socialism,1,2.569082631973775e-06,—
hodl,1,2.569082631973775e-06,—
sketchy,1,2.569082631973775e-06,—
endorsed,1,2.569082631973775e-06,—
treaty,1,2.569082631973775e-06,—
libertarians,1,2.569082631973775e-06,—
atalonia,1,2.569082631973775e-06,—
ationy,1,2.569082631973775e-06,—
cationace,1,2.569082631973775e-06,—
arambe,1,2.569082631973775e-06,—
legislative,1,2.569082631973775e-06,—
itallk,1,2.569082631973775e-06,—
arack,1,2.569082631973775e-06,—
bama,1,2.569082631973775e-06,—
oose,1,2.569082631973775e-06,—
scamming,1,2.569082631973775e-06,—
aised,1,2.569082631973775e-06,—
moose,1,2.569082631973775e-06,—
lizardcoins,1,2.569082631973775e-06,—
prites,1,2.569082631973775e-06,—
arsec,1,2.569082631973775e-06,—
ourth,1,2.569082631973775e-06,—
therit,1,2.569082631973775e-06,—
vault,1,2.569082631973775e-06,—
vipnode,1,2.569082631973775e-06,—
rowsth,1,2.569082631973775e-06,—
edille,1,2.569082631973775e-06,—
ecureth,1,2.569082631973775e-06,—
ittauer,1,2.569082631973775e-06,—
paraphrased,1,2.569082631973775e-06,—
celebrations,1,2.569082631973775e-06,—
republic,1,2.569082631973775e-06,—
oct,1,2.569082631973775e-06,—
nov,1,2.569082631973775e-06,—
trón,1,2.569082631973775e-06,—
steroids,1,2.569082631973775e-06,—
webservers,1,2.569082631973775e-06,—
compensating,1,2.569082631973775e-06,—
ostal,1,2.569082631973775e-06,—
slack,1,2.569082631973775e-06,—
utability,1,2.569082631973775e-06,—
ypical,1,2.569082631973775e-06,—
theswarm,1,2.569082631973775e-06,—
cryption,1,2.569082631973775e-06,—
uploads,1,2.569082631973775e-06,—
subdirectory,1,2.569082631973775e-06,—
prerelease,1,2.569082631973775e-06,—
wolk,1,2.569082631973775e-06,—
datafund,1,2.569082631973775e-06,—
jaak,1,2.569082631973775e-06,—
ethergit,1,2.569082631973775e-06,—
epiclabs,1,2.569082631973775e-06,—
transcoding,1,2.569082631973775e-06,—
livepeer,1,2.569082631973775e-06,—
mainframe,1,2.569082631973775e-06,—
enrollment,1,2.569082631973775e-06,—
epediting,1,2.569082631973775e-06,—
scooped,1,2.569082631973775e-06,—
seuality,1,2.569082631973775e-06,—
institutio,1,2.569082631973775e-06,—
ěkuji,1,2.569082631973775e-06,—
entre,1,2.569082631973775e-06,—
replied,1,2.569082631973775e-06,—
toughest,1,2.569082631973775e-06,—
articipatory,1,2.569082631973775e-06,—
galvanize,1,2.569082631973775e-06,—
osc,1,2.569082631973775e-06,—
rece,1,2.569082631973775e-06,—
epedient,1,2.569082631973775e-06,—
dispersal,1,2.569082631973775e-06,—
pplicant,1,2.569082631973775e-06,—
pectations,1,2.569082631973775e-06,—
grease,1,2.569082631973775e-06,—
wheels,1,2.569082631973775e-06,—
fascinating,1,2.569082631973775e-06,—
inalists,1,2.569082631973775e-06,—
yramid,1,2.569082631973775e-06,—
akindu,1,2.569082631973775e-06,—
esolver,1,2.569082631973775e-06,—
theratom,1,2.569082631973775e-06,—
tomized,1,2.569082631973775e-06,—
appode,1,2.569082631973775e-06,—
thath,1,2.569082631973775e-06,—
uidling,1,2.569082631973775e-06,—
ackternhips,1,2.569082631973775e-06,—
seudo,1,2.569082631973775e-06,—
therlinker,1,2.569082631973775e-06,—
nreal,1,2.569082631973775e-06,—
shasper,1,2.569082631973775e-06,—
mmhmm,1,2.569082631973775e-06,—
bugfix,1,2.569082631973775e-06,—
leanup,1,2.569082631973775e-06,—
ponent,1,2.569082631973775e-06,—
ponentiatio,1,2.569082631973775e-06,—
screened,1,2.569082631973775e-06,—
weller,1,2.569082631973775e-06,—
ecoder,1,2.569082631973775e-06,—
jmahhh,1,2.569082631973775e-06,—
pankchai,1,2.569082631973775e-06,—
ocked,1,2.569082631973775e-06,—
yokan,1,2.569082631973775e-06,—
ebit,1,2.569082631973775e-06,—
tomic,1,2.569082631973775e-06,—
aurice,1,2.569082631973775e-06,—
erlihy,1,2.569082631973775e-06,—
thnarks,1,2.569082631973775e-06,—
lintstones,1,2.569082631973775e-06,—
usan,1,2.569082631973775e-06,—
isenbach,1,2.569082631973775e-06,—
thdoc,1,2.569082631973775e-06,—
cuttlebutt,1,2.569082631973775e-06,—
lizabeth,1,2.569082631973775e-06,—
indsey,1,2.569082631973775e-06,—
defragmentation,1,2.569082631973775e-06,—
locksset,1,2.569082631973775e-06,—
lockfolio,1,2.569082631973775e-06,—
olony,1,2.569082631973775e-06,—
parkpool,1,2.569082631973775e-06,—
eler,1,2.569082631973775e-06,—
yber,1,2.569082631973775e-06,—
hapehift,1,2.569082631973775e-06,—
oung,1,2.569082631973775e-06,—
unair,1,2.569082631973775e-06,—
ingular,1,2.569082631973775e-06,—
arbor,1,2.569082631973775e-06,—
dorse,1,2.569082631973775e-06,—
uypher,1,2.569082631973775e-06,—
antander,1,2.569082631973775e-06,—
otle,1,2.569082631973775e-06,—
windingtree,1,2.569082631973775e-06,—
ockaway,1,2.569082631973775e-06,—
tarbase,1,2.569082631973775e-06,—
ventus,1,2.569082631973775e-06,—
sseth,1,2.569082631973775e-06,—
blab,1,2.569082631973775e-06,—
blk,1,2.569082631973775e-06,—
hronologic,1,2.569082631973775e-06,—
oinabrik,1,2.569082631973775e-06,—
ryptium,1,2.569082631973775e-06,—
esty,1,2.569082631973775e-06,—
luence,1,2.569082631973775e-06,—
idas,1,2.569082631973775e-06,—
anagers,1,2.569082631973775e-06,—
anome,1,2.569082631973775e-06,—
egays,1,2.569082631973775e-06,—
ropy,1,2.569082631973775e-06,—
rustlines,1,2.569082631973775e-06,—
inc,1,2.569082631973775e-06,—
dciv,1,2.569082631973775e-06,—
lignment,1,2.569082631973775e-06,—
nelp,1,2.569082631973775e-06,—
aizen,1,2.569082631973775e-06,—
embody,1,2.569082631973775e-06,—
injustice,1,2.569082631973775e-06,—
eampling,1,2.569082631973775e-06,—
pinpointed,1,2.569082631973775e-06,—
contingent,1,2.569082631973775e-06,—
emain,1,2.569082631973775e-06,—
allth,1,2.569082631973775e-06,—
railfits,1,2.569082631973775e-06,—
ethsecurity,1,2.569082631973775e-06,—
chainsecurity,1,2.569082631973775e-06,—
aced,1,2.569082631973775e-06,—
vananess,1,2.569082631973775e-06,—
roductionising,1,2.569082631973775e-06,—
capstone,1,2.569082631973775e-06,—
iuan,1,2.569082631973775e-06,—
ajac,1,2.569082631973775e-06,—
aynes,1,2.569082631973775e-06,—
spyn,1,2.569082631973775e-06,—
alatnick,1,2.569082631973775e-06,—
örlion,1,2.569082631973775e-06,—
prejudiced,1,2.569082631973775e-06,—
wishlists,1,2.569082631973775e-06,—
petersburg,1,2.569082631973775e-06,—
acobs,1,2.569082631973775e-06,—
enk,1,2.569082631973775e-06,—
elon,1,2.569082631973775e-06,—
unoz,1,2.569082631973775e-06,—
errante,1,2.569082631973775e-06,—
olar,1,2.569082631973775e-06,—
detectors,1,2.569082631973775e-06,—
easoning,1,2.569082631973775e-06,—
optimiser,1,2.569082631973775e-06,—
newsletters,1,2.569082631973775e-06,—
evokes,1,2.569082631973775e-06,—
slate,1,2.569082631973775e-06,—
solicit,1,2.569082631973775e-06,—
websiteethereum,1,2.569082631973775e-06,—
lining,1,2.569082631973775e-06,—
understatement,1,2.569082631973775e-06,—
resisting,1,2.569082631973775e-06,—
ncompassing,1,2.569082631973775e-06,—
ubstrate,1,2.569082631973775e-06,—
shikhmin,1,2.569082631973775e-06,—
apeown,1,2.569082631973775e-06,—
ryptophage,1,2.569082631973775e-06,—
ivest,1,2.569082631973775e-06,—
capsule,1,2.569082631973775e-06,—
pera,1,2.569082631973775e-06,—
ttracting,1,2.569082631973775e-06,—
blossoms,1,2.569082631973775e-06,—
sponsorshipsethereum,1,2.569082631973775e-06,—
docks,1,2.569082631973775e-06,—
relaunching,1,2.569082631973775e-06,—
softer,1,2.569082631973775e-06,—
revision,1,2.569082631973775e-06,—
ebsites,1,2.569082631973775e-06,—
netstats,1,2.569082631973775e-06,—
allcoredevs,1,2.569082631973775e-06,—
affinity,1,2.569082631973775e-06,—
mitriy,1,2.569082631973775e-06,—
yajov,1,2.569082631973775e-06,—
ustekala,1,2.569082631973775e-06,—
ainly,1,2.569082631973775e-06,—
modernization,1,2.569082631973775e-06,—
enchmarked,1,2.569082631973775e-06,—
bytecodes,1,2.569082631973775e-06,—
blake,1,2.569082631973775e-06,—
reated,1,2.569082631973775e-06,—
attained,1,2.569082631973775e-06,—
uitable,1,2.569082631973775e-06,—
coeistence,1,2.569082631973775e-06,—
nflu,1,2.569082631973775e-06,—
lockcout,1,2.569082631973775e-06,—
rigging,1,2.569082631973775e-06,—
egistries,1,2.569082631973775e-06,—
thertom,1,2.569082631973775e-06,—
plainer,1,2.569082631973775e-06,—
praise,1,2.569082631973775e-06,—
iteratively,1,2.569082631973775e-06,—
tateests,1,2.569082631973775e-06,—
ollaborations,1,2.569082631973775e-06,—
ntegrated,1,2.569082631973775e-06,—
orkbench,1,2.569082631973775e-06,—
hariah,1,2.569082631973775e-06,—
fatwa,1,2.569082631973775e-06,—
manie,1,2.569082631973775e-06,—
dvisors,1,2.569082631973775e-06,—
slamic,1,2.569082631973775e-06,—
urray,1,2.569082631973775e-06,—
hruti,1,2.569082631973775e-06,—
ppiah,1,2.569082631973775e-06,—
upping,1,2.569082631973775e-06,—
rgo,1,2.569082631973775e-06,—
lakeb,1,2.569082631973775e-06,—
recieving,1,2.569082631973775e-06,—
ocaltore,1,2.569082631973775e-06,—
perception,1,2.569082631973775e-06,—
subteam,1,2.569082631973775e-06,—
consolidated,1,2.569082631973775e-06,—
dmin,1,2.569082631973775e-06,—
ebug,1,2.569082631973775e-06,—
requestccounts,1,2.569082631973775e-06,—
getendingransactions,1,2.569082631973775e-06,—
coeisting,1,2.569082631973775e-06,—
peacefully,1,2.569082631973775e-06,—
evpp,1,2.569082631973775e-06,—
arks,1,2.569082631973775e-06,—
pycrypto,1,2.569082631973775e-06,—
ellman,1,2.569082631973775e-06,—
malfunctions,1,2.569082631973775e-06,—
aenam,1,2.569082631973775e-06,—
urvegrid,1,2.569082631973775e-06,—
nteger,1,2.569082631973775e-06,—
assig,1,2.569082631973775e-06,—
elementary,1,2.569082631973775e-06,—
datatypes,1,2.569082631973775e-06,—
starved,1,2.569082631973775e-06,—
stalled,1,2.569082631973775e-06,—
relentless,1,2.569082631973775e-06,—
prefetching,1,2.569082631973775e-06,—
outliers,1,2.569082631973775e-06,—
alpern,1,2.569082631973775e-06,—
blooms,1,2.569082631973775e-06,—
peaks,1,2.569082631973775e-06,—
accelerations,1,2.569082631973775e-06,—
cutoff,1,2.569082631973775e-06,—
appends,1,2.569082631973775e-06,—
chaindata,1,2.569082631973775e-06,—
subfolder,1,2.569082631973775e-06,—
forbids,1,2.569082631973775e-06,—
guerrilla,1,2.569082631973775e-06,—
reindeing,1,2.569082631973775e-06,—
emote,1,2.569082631973775e-06,—
rocedure,1,2.569082631973775e-06,—
uerying,1,2.569082631973775e-06,—
aúl,1,2.569082631973775e-06,—
ripalani,1,2.569082631973775e-06,—
tops,1,2.569082631973775e-06,—
ashegistered,1,2.569082631973775e-06,—
lbeit,1,2.569082631973775e-06,—
upped,1,2.569082631973775e-06,—
reluctance,1,2.569082631973775e-06,—
keycards,1,2.569082631973775e-06,—
rototyped,1,2.569082631973775e-06,—
martards,1,2.569082631973775e-06,—
smartcard,1,2.569082631973775e-06,—
ndrea,1,2.569082631973775e-06,—
ranz,1,2.569082631973775e-06,—
ermit,1,2.569082631973775e-06,—
bricked,1,2.569082631973775e-06,—
brick,1,2.569082631973775e-06,—
reinitialize,1,2.569082631973775e-06,—
army,1,2.569082631973775e-06,—
knives,1,2.569082631973775e-06,—
anging,1,2.569082631973775e-06,—
deadly,1,2.569082631973775e-06,—
hogging,1,2.569082631973775e-06,—
luggable,1,2.569082631973775e-06,—
sliced,1,2.569082631973775e-06,—
bread,1,2.569082631973775e-06,—
ihingy,1,2.569082631973775e-06,—
tegrated,1,2.569082631973775e-06,—
eycard,1,2.569082631973775e-06,—
rogrammatic,1,2.569082631973775e-06,—
passwordless,1,2.569082631973775e-06,—
pproveignata,1,2.569082631973775e-06,—
dccdfbeedeacfbefaf,1,2.569082631973775e-06,—
indef,1,2.569082631973775e-06,—
bazonk,1,2.569082631973775e-06,—
pprove,1,2.569082631973775e-06,—
murders,1,2.569082631973775e-06,—
cheats,1,2.569082631973775e-06,—
elföldi,1,2.569082631973775e-06,—
faint,1,2.569082631973775e-06,—
ebeedeaccd,1,2.569082631973775e-06,—
dfbeeecfbf,1,2.569082631973775e-06,—
dafbe,1,2.569082631973775e-06,—
ffbab,1,2.569082631973775e-06,—
bebeccaff,1,2.569082631973775e-06,—
cebadbaeccfbfadcadfbbcfbdbef,1,2.569082631973775e-06,—
clef,1,2.569082631973775e-06,—
instructed,1,2.569082631973775e-06,—
epvar,1,2.569082631973775e-06,—
prometheus,1,2.569082631973775e-06,—
infludb,1,2.569082631973775e-06,—
subflags,1,2.569082631973775e-06,—
nton,1,2.569082631973775e-06,—
vangelatov,1,2.569082631973775e-06,—
isualizing,1,2.569082631973775e-06,—
contiguously,1,2.569082631973775e-06,—
aintank,1,2.569082631973775e-06,—
contenders,1,2.569082631973775e-06,—
therchai,1,2.569082631973775e-06,—
meh,1,2.569082631973775e-06,—
yrat,1,2.569082631973775e-06,—
adykov,1,2.569082631973775e-06,—
teeny,1,2.569082631973775e-06,—
idn,1,2.569082631973775e-06,—
outgrew,1,2.569082631973775e-06,—
zendzielarz,1,2.569082631973775e-06,—
ntoine,1,2.569082631973775e-06,—
oulme,1,2.569082631973775e-06,—
ecord,1,2.569082631973775e-06,—
analogously,1,2.569082631973775e-06,—
etras,1,2.569082631973775e-06,—
crawlers,1,2.569082631973775e-06,—
apertrail,1,2.569082631973775e-06,—
dafddeabaffffdbbaaaffbbbbbdbdfefabfdaddeeceeedbf,1,2.569082631973775e-06,—
acabcaaedcbffefbcaaaebbabfddddcedacdfadde,1,2.569082631973775e-06,—
irginia,1,2.569082631973775e-06,—
cadefcefaeaecadaadbecbeeadefbcaefcdbbaeceadfab,1,2.569082631973775e-06,—
ddcddffaafcacaaeebcfafbdfdeacefbccececeabbbfccebd,1,2.569082631973775e-06,—
rankfurt,1,2.569082631973775e-06,—
dacdbeeeeecccaedfecacabeccebdedecbbbdeefddbfaa,1,2.569082631973775e-06,—
bdbcfebebdcbefaddbbfbeccddffbcbfffdadfcfebdabcbcafc,1,2.569082631973775e-06,—
fabaaecdafaaafdbcbcaaacbebbbbfbcfacccbdee,1,2.569082631973775e-06,—
ddcdddabbadcadbdbedfcdfcaeccaabdcbaeffdfcbacbbabf,1,2.569082631973775e-06,—
rigi,1,2.569082631973775e-06,—
gascap,1,2.569082631973775e-06,—
ailing,1,2.569082631973775e-06,—
cmd,1,2.569082631973775e-06,—
alltools,1,2.569082631973775e-06,—
iscellaneous,1,2.569082631973775e-06,—
ignificant,1,2.569082631973775e-06,—
eremy,1,2.569082631973775e-06,—
chlatter,1,2.569082631973775e-06,—
nfu,1,2.569082631973775e-06,—
nicety,1,2.569082631973775e-06,—
orignal,1,2.569082631973775e-06,—
plicit,1,2.569082631973775e-06,—
hisped,1,2.569082631973775e-06,—
ocalppata,1,2.569082631973775e-06,—
ppata,1,2.569082631973775e-06,—
oaming,1,2.569082631973775e-06,—
ygwin,1,2.569082631973775e-06,—
egisterame,1,2.569082631973775e-06,—
overproducing,1,2.569082631973775e-06,—
admirably,1,2.569082631973775e-06,—
allotment,1,2.569082631973775e-06,—
reopened,1,2.569082631973775e-06,—
resenter,1,2.569082631973775e-06,—
reviewer,1,2.569082631973775e-06,—
allotting,1,2.569082631973775e-06,—
accommodations,1,2.569082631973775e-06,—
jumpstart,1,2.569082631973775e-06,—
emographics,1,2.569082631973775e-06,—
gypt,1,2.569082631973775e-06,—
weden,1,2.569082631973775e-06,—
pproimately,1,2.569082631973775e-06,—
ispanic,1,2.569082631973775e-06,—
atino,1,2.569082631973775e-06,—
slander,1,2.569082631973775e-06,—
ethnic,1,2.569082631973775e-06,—
ases,1,2.569082631973775e-06,—
oursera,1,2.569082631973775e-06,—
ebinar,1,2.569082631973775e-06,—
multinational,1,2.569082631973775e-06,—
nationality,1,2.569082631973775e-06,—
aeyeon,1,2.569082631973775e-06,—
yungsuk,1,2.569082631973775e-06,—
eongmoo,1,2.569082631973775e-06,—
umin,1,2.569082631973775e-06,—
angphil,1,2.569082631973775e-06,—
uhun,1,2.569082631973775e-06,—
ethercards,1,2.569082631973775e-06,—
eveal,1,2.569082631973775e-06,—
unrevealed,1,2.569082631973775e-06,—
unredeemed,1,2.569082631973775e-06,—
cryptanalyst,1,2.569082631973775e-06,—
fielded,1,2.569082631973775e-06,—
unclaimed,1,2.569082631973775e-06,—
epire,1,2.569082631973775e-06,—
pens,1,2.569082631973775e-06,—
ds,1,2.569082631973775e-06,—
sincere,1,2.569082631973775e-06,—
therards,1,2.569082631973775e-06,—
rmed,1,2.569082631973775e-06,—
pytho,1,2.569082631973775e-06,—
stablized,1,2.569082631973775e-06,—
elong,1,2.569082631973775e-06,—
pis,1,2.569082631973775e-06,—
visualizers,1,2.569082631973775e-06,—
zcli,1,2.569082631973775e-06,—
pycli,1,2.569082631973775e-06,—
visualizer,1,2.569082631973775e-06,—
solated,1,2.569082631973775e-06,—
airports,1,2.569082631973775e-06,—
ansai,1,2.569082631973775e-06,—
uintessa,1,2.569082631973775e-06,—
adjoined,1,2.569082631973775e-06,—
anko,1,2.569082631973775e-06,—
tudios,1,2.569082631973775e-06,—
yen,1,2.569082631973775e-06,—
kate,1,2.569082631973775e-06,—
timetable,1,2.569082631973775e-06,—
meda,1,2.569082631973775e-06,—
hinsaibashi,1,2.569082631973775e-06,—
hin,1,2.569082631973775e-06,—
idosuji,1,2.569082631973775e-06,—
oji,1,2.569082631973775e-06,—
entencho,1,2.569082631973775e-06,—
osmosquare,1,2.569082631973775e-06,—
domestically,1,2.569082631973775e-06,—
offdevcon,1,2.569082631973775e-06,—
abae,1,2.569082631973775e-06,—
urvival,1,2.569082631973775e-06,—
pierarte,1,2.569082631973775e-06,—
aebd,1,2.569082631973775e-06,—
aps,1,2.569082631973775e-06,—
avitime,1,2.569082631973775e-06,—
navitime,1,2.569082631973775e-06,—
pcstorage,1,2.569082631973775e-06,—
orudan,1,2.569082631973775e-06,—
apple,1,2.569082631973775e-06,—
detailsidjp,1,2.569082631973775e-06,—
jorudan,1,2.569082631973775e-06,—
japantransit,1,2.569082631973775e-06,—
hlja,1,2.569082631973775e-06,—
akishima,1,2.569082631973775e-06,—
gift,1,2.569082631973775e-06,—
ncredible,1,2.569082631973775e-06,—
entryway,1,2.569082631973775e-06,—
tabling,1,2.569082631973775e-06,—
gear,1,2.569082631973775e-06,—
hoodies,1,2.569082631973775e-06,—
adge,1,2.569082631973775e-06,—
reloaded,1,2.569082631973775e-06,—
snack,1,2.569082631973775e-06,—
doze,1,2.569082631973775e-06,—
laze,1,2.569082631973775e-06,—
meditation,1,2.569082631973775e-06,—
monk,1,2.569082631973775e-06,—
urner,1,2.569082631973775e-06,—
leapps,1,2.569082631973775e-06,—
galay,1,2.569082631973775e-06,—
easter,1,2.569082631973775e-06,—
egg,1,2.569082631973775e-06,—
evitalization,1,2.569082631973775e-06,—
spark,1,2.569082631973775e-06,—
complaints,1,2.569082631973775e-06,—
omplaints,1,2.569082631973775e-06,—
hustle,1,2.569082631973775e-06,—
bustle,1,2.569082631973775e-06,—
decompress,1,2.569082631973775e-06,—
artful,1,2.569082631973775e-06,—
veiled,1,2.569082631973775e-06,—
mythologize,1,2.569082631973775e-06,—
backyard,1,2.569082631973775e-06,—
overlooks,1,2.569082631973775e-06,—
mphitheater,1,2.569082631973775e-06,—
amphitheatre,1,2.569082631973775e-06,—
pencil,1,2.569082631973775e-06,—
cheduler,1,2.569082631973775e-06,—
eatime,1,2.569082631973775e-06,—
fluffy,1,2.569082631973775e-06,—
pup,1,2.569082631973775e-06,—
fur,1,2.569082631973775e-06,—
kidding,1,2.569082631973775e-06,—
teatime,1,2.569082631973775e-06,—
selfies,1,2.569082631973775e-06,—
astries,1,2.569082631973775e-06,—
worn,1,2.569082631973775e-06,—
afterparties,1,2.569082631973775e-06,—
applaud,1,2.569082631973775e-06,—
thereumesus,1,2.569082631973775e-06,—
ips,1,2.569082631973775e-06,—
awson,1,2.569082631973775e-06,—
trains,1,2.569082631973775e-06,—
orderly,1,2.569082631973775e-06,—
foods,1,2.569082631973775e-06,—
otonbori,1,2.569082631973775e-06,—
akoyaki,1,2.569082631973775e-06,—
konomiyaki,1,2.569082631973775e-06,—
ushi,1,2.569082631973775e-06,—
jnto,1,2.569082631973775e-06,—
smartapp,1,2.569082631973775e-06,—
luggage,1,2.569082631973775e-06,—
vocabulary,1,2.569082631973775e-06,—
onichiwa,1,2.569082631973775e-06,—
こんにちは,1,2.569082631973775e-06,—
rigatou,1,2.569082631973775e-06,—
ありがとう,1,2.569082631973775e-06,—
cuse,1,2.569082631973775e-06,—
umimasen,1,2.569082631973775e-06,—
すみません,1,2.569082631973775e-06,—
negai,1,2.569082631973775e-06,—
おねがいします,1,2.569082631973775e-06,—
はい,1,2.569082631973775e-06,—
いいえ,1,2.569082631973775e-06,—
nasai,1,2.569082631973775e-06,—
ごめんなさい,1,2.569082631973775e-06,—
akarimasen,1,2.569082631973775e-06,—
わかりません,1,2.569082631973775e-06,—
ayounara,1,2.569082631973775e-06,—
さようなら,1,2.569082631973775e-06,—
yasumi,1,2.569082631973775e-06,—
おやすみ,1,2.569082631973775e-06,—
ihongo,1,2.569082631973775e-06,—
wakarimasen,1,2.569082631973775e-06,—
にほんごわかりません,1,2.569082631973775e-06,—
nandesuka,1,2.569082631973775e-06,—
これはなんですか,1,2.569082631973775e-06,—
restroom,1,2.569082631973775e-06,—
toilet,1,2.569082631973775e-06,—
oilet,1,2.569082631973775e-06,—
トイレはどこですか,1,2.569082631973775e-06,—
tsukae,1,2.569082631973775e-06,—
masuka,1,2.569082631973775e-06,—
クレジットカードはつかえますか,1,2.569082631973775e-06,—
asukete,1,2.569082631973775e-06,—
kudasai,1,2.569082631973775e-06,—
たすけてください,1,2.569082631973775e-06,—
mbulance,1,2.569082631973775e-06,—
imasu,1,2.569082631973775e-06,—
ambulance,1,2.569082631973775e-06,—
inkyu,1,2.569082631973775e-06,—
kyu,1,2.569082631973775e-06,—
onegai,1,2.569082631973775e-06,—
foreigners,1,2.569082631973775e-06,—
oreign,1,2.569082631973775e-06,—
issions,1,2.569082631973775e-06,—
mbassies,1,2.569082631973775e-06,—
onsulates,1,2.569082631973775e-06,—
nbs,1,2.569082631973775e-06,—
whoops,1,2.569082631973775e-06,—
hia,1,2.569082631973775e-06,—
opinionated,1,2.569082631973775e-06,—
edesig,1,2.569082631973775e-06,—
synergizes,1,2.569082631973775e-06,—
ethwaterloo,1,2.569082631973775e-06,—
isualize,1,2.569082631973775e-06,—
viz,1,2.569082631973775e-06,—
eacontate,1,2.569082631973775e-06,—
bones,1,2.569082631973775e-06,—
simpleserialize,1,2.569082631973775e-06,—
checkboes,1,2.569082631973775e-06,—
multiproofs,1,2.569082631973775e-06,—
parametrize,1,2.569082631973775e-06,—
defences,1,2.569082631973775e-06,—
vigilant,1,2.569082631973775e-06,—
ecoy,1,2.569082631973775e-06,—
modificatio,1,2.569082631973775e-06,—
collisions,1,2.569082631973775e-06,—
ntroducing,1,2.569082631973775e-06,—
allendahl,1,2.569082631973775e-06,—
obbie,1,2.569082631973775e-06,—
ellechea,1,2.569082631973775e-06,—
ersona,1,2.569082631973775e-06,—
reorganizatio,1,2.569082631973775e-06,—
uth,1,2.569082631973775e-06,—
pineapple,1,2.569082631973775e-06,—
pineapples,1,2.569082631973775e-06,—
superpowers,1,2.569082631973775e-06,—
nderson,1,2.569082631973775e-06,—
ilin,1,2.569082631973775e-06,—
iou,1,2.569082631973775e-06,—
rainforest,1,2.569082631973775e-06,—
shored,1,2.569082631973775e-06,—
mathematician,1,2.569082631973775e-06,—
ything,1,2.569082631973775e-06,—
epounding,1,2.569082631973775e-06,—
ranslators,1,2.569082631973775e-06,—
catalogs,1,2.569082631973775e-06,—
reacts,1,2.569082631973775e-06,—
inefficiently,1,2.569082631973775e-06,—
arring,1,2.569082631973775e-06,—
transmogrified,1,2.569082631973775e-06,—
eponymous,1,2.569082631973775e-06,—
attestatio,1,2.569082631973775e-06,—
thereupon,1,2.569082631973775e-06,—
attesting,1,2.569082631973775e-06,—
über,1,2.569082631973775e-06,—
alles,1,2.569082631973775e-06,—
precedence,1,2.569082631973775e-06,—
desiderata,1,2.569082631973775e-06,—
surviving,1,2.569082631973775e-06,—
inimally,1,2.569082631973775e-06,—
herever,1,2.569082631973775e-06,—
apocalypse,1,2.569082631973775e-06,—
belt,1,2.569082631973775e-06,—
squeezing,1,2.569082631973775e-06,—
boostmultiprecision,1,2.569082631973775e-06,—
ebuilding,1,2.569082631973775e-06,—
egacyests,1,2.569082631973775e-06,—
orkame,1,2.569082631973775e-06,—
goevmlab,1,2.569082631973775e-06,—
invitations,1,2.569082631973775e-06,—
worzanski,1,2.569082631973775e-06,—
coutne,1,2.569082631973775e-06,—
rototypes,1,2.569082631973775e-06,—
serialise,1,2.569082631973775e-06,—
biturbo,1,2.569082631973775e-06,—
urbooken,1,2.569082631973775e-06,—
ultiproof,1,2.569082631973775e-06,—
esigns,1,2.569082631973775e-06,—
atajainen,1,2.569082631973775e-06,—
akinen,1,2.569082631973775e-06,—
websnark,1,2.569082631973775e-06,—
approimating,1,2.569082631973775e-06,—
augmentation,1,2.569082631973775e-06,—
bisimulation,1,2.569082631973775e-06,—
apphub,1,2.569082631973775e-06,—
affiliation,1,2.569082631973775e-06,—
eclipse,1,2.569082631973775e-06,—
urter,1,2.569082631973775e-06,—
verton,1,2.569082631973775e-06,—
raga,1,2.569082631973775e-06,—
supportsubscriptio,1,2.569082631973775e-06,—
ebsocketrovider,1,2.569082631973775e-06,—
taskbar,1,2.569082631973775e-06,—
jason,1,2.569082631973775e-06,—
carver,1,2.569082631973775e-06,—
afdbea,1,2.569082631973775e-06,—
ethpm,1,2.569082631973775e-06,—
inovcic,1,2.569082631973775e-06,—
iket,1,2.569082631973775e-06,—
iurimatias,1,2.569082631973775e-06,—
onaco,1,2.569082631973775e-06,—
ianahus,1,2.569082631973775e-06,—
ceeee,1,2.569082631973775e-06,—
lianahus,1,2.569082631973775e-06,—
therum,1,2.569082631973775e-06,—
appcon,1,2.569082631973775e-06,—
sgaonkar,1,2.569082631973775e-06,—
abeled,1,2.569082631973775e-06,—
dsizj,1,2.569082631973775e-06,—
atic,1,2.569082631973775e-06,—
lasm,1,2.569082631973775e-06,—
ipig,1,2.569082631973775e-06,—
bfabfeaacaadc,1,2.569082631973775e-06,—
youtu,1,2.569082631973775e-06,—
cryptomental,1,2.569082631973775e-06,—
ssec,1,2.569082631973775e-06,—
hainsecurity,1,2.569082631973775e-06,—
brach,1,2.569082631973775e-06,—
webassembly,1,2.569082631973775e-06,—
equire,1,2.569082631973775e-06,—
isallow,1,2.569082631973775e-06,—
etadata,1,2.569082631973775e-06,—
leonardoalt,1,2.569082631973775e-06,—
smtchecker,1,2.569082631973775e-06,—
sload,1,2.569082631973775e-06,—
ecitingly,1,2.569082631973775e-06,—
ounterfactual,1,2.569082631973775e-06,—
tateha,1,2.569082631973775e-06,—
itten,1,2.569082631973775e-06,—
orceove,1,2.569082631973775e-06,—
zok,1,2.569082631973775e-06,—
nternally,1,2.569082631973775e-06,—
networkings,1,2.569082631973775e-06,—
resentatio,1,2.569082631973775e-06,—
adhoc,1,2.569082631973775e-06,—
illanueva,1,2.569082631973775e-06,—
enshrine,1,2.569082631973775e-06,—
finsihes,1,2.569082631973775e-06,—
modefast,1,2.569082631973775e-06,—
prolonging,1,2.569082631973775e-06,—
pocalypse,1,2.569082631973775e-06,—
degradations,1,2.569082631973775e-06,—
immeditely,1,2.569082631973775e-06,—
unremarkable,1,2.569082631973775e-06,—
utters,1,2.569082631973775e-06,—
ün,1,2.569082631973775e-06,—
elthor,1,2.569082631973775e-06,—
weighs,1,2.569082631973775e-06,—
onstructing,1,2.569082631973775e-06,—
cascading,1,2.569082631973775e-06,—
diminish,1,2.569082631973775e-06,—
magicians,1,2.569082631973775e-06,—
odest,1,2.569082631973775e-06,—
preemptively,1,2.569082631973775e-06,—
pcode,1,2.569082631973775e-06,—
lockups,1,2.569082631973775e-06,—
efunds,1,2.569082631973775e-06,—
destruct,1,2.569082631973775e-06,—
eviction,1,2.569082631973775e-06,—
suspended,1,2.569082631973775e-06,—
impressively,1,2.569082631973775e-06,—
readme,1,2.569082631973775e-06,—
powerhouse,1,2.569082631973775e-06,—
enginering,1,2.569082631973775e-06,—
reboots,1,2.569082631973775e-06,—
verso,1,2.569082631973775e-06,—
sizing,1,2.569082631973775e-06,—
revisited,1,2.569082631973775e-06,—
ptimistically,1,2.569082631973775e-06,—
mold,1,2.569082631973775e-06,—
queen,1,2.569082631973775e-06,—
unas,1,2.569082631973775e-06,—
spillover,1,2.569082631973775e-06,—
complicate,1,2.569082631973775e-06,—
muir,1,2.569082631973775e-06,—
verbose,1,2.569082631973775e-06,—
traverse,1,2.569082631973775e-06,—
prepended,1,2.569082631973775e-06,—
hindsight,1,2.569082631973775e-06,—
crawl,1,2.569082631973775e-06,—
divining,1,2.569082631973775e-06,—
rod,1,2.569082631973775e-06,—
ranch,1,2.569082631973775e-06,—
stuffing,1,2.569082631973775e-06,—
nibbles,1,2.569082631973775e-06,—
hashings,1,2.569082631973775e-06,—
decently,1,2.569082631973775e-06,—
heer,1,2.569082631973775e-06,—
efi,1,2.569082631973775e-06,—
cryptokitty,1,2.569082631973775e-06,—
cheeze,1,2.569082631973775e-06,—
battles,1,2.569082631973775e-06,—
flattens,1,2.569082631973775e-06,—
elses,1,2.569082631973775e-06,—
affiars,1,2.569082631973775e-06,—
statefullness,1,2.569082631973775e-06,—
artial,1,2.569082631973775e-06,—
shades,1,2.569082631973775e-06,—
statefulness,1,2.569082631973775e-06,—
testable,1,2.569082631973775e-06,—
rdinary,1,2.569082631973775e-06,—
friday,1,2.569082631973775e-06,—
implimentation,1,2.569082631973775e-06,—
distilled,1,2.569082631973775e-06,—
predecessor,1,2.569082631973775e-06,—
torch,1,2.569082631973775e-06,—
aways,1,2.569082631973775e-06,—
directionl,1,2.569082631973775e-06,—
inadvertently,1,2.569082631973775e-06,—
effecting,1,2.569082631973775e-06,—
destructive,1,2.569082631973775e-06,—
slashably,1,2.569082631973775e-06,—
accident,1,2.569082631973775e-06,—
burnt,1,2.569082631973775e-06,—
malign,1,2.569082631973775e-06,—
penalised,1,2.569082631973775e-06,—
offine,1,2.569082631973775e-06,—
repercussions,1,2.569082631973775e-06,—
detrimental,1,2.569082631973775e-06,—
emitting,1,2.569082631973775e-06,—
catastrophically,1,2.569082631973775e-06,—
decentralisatio,1,2.569082631973775e-06,—
histleblower,1,2.569082631973775e-06,—
wistleblower,1,2.569082631973775e-06,—
ttester,1,2.569082631973775e-06,—
erratic,1,2.569082631973775e-06,—
suppress,1,2.569082631973775e-06,—
paulhauner,1,2.569082631973775e-06,—
elaunch,1,2.569082631973775e-06,—
epedited,1,2.569082631973775e-06,—
unfreezing,1,2.569082631973775e-06,—
disrupted,1,2.569082631973775e-06,—
ifecycle,1,2.569082631973775e-06,—
caliber,1,2.569082631973775e-06,—
interopability,1,2.569082631973775e-06,—
orchestrate,1,2.569082631973775e-06,—
mbiguities,1,2.569082631973775e-06,—
auner,1,2.569082631973775e-06,—
tweetstorm,1,2.569082631973775e-06,—
pparently,1,2.569082631973775e-06,—
publicized,1,2.569082631973775e-06,—
relaunches,1,2.569082631973775e-06,—
hefty,1,2.569082631973775e-06,—
conversatio,1,2.569082631973775e-06,—
reaping,1,2.569082631973775e-06,—
infrastruture,1,2.569082631973775e-06,—
unifying,1,2.569082631973775e-06,—
reactions,1,2.569082631973775e-06,—
fruition,1,2.569082631973775e-06,—
nanuary,1,2.569082631973775e-06,—
ough,1,2.569082631973775e-06,—
quantifying,1,2.569082631973775e-06,—
erklizing,1,2.569082631973775e-06,—
ransitioning,1,2.569082631973775e-06,—
forevermore,1,2.569082631973775e-06,—
interrupt,1,2.569082631973775e-06,—
wont,1,2.569082631973775e-06,—
thereabouts,1,2.569082631973775e-06,—
chunked,1,2.569082631973775e-06,—
poster,1,2.569082631973775e-06,—
overpayment,1,2.569082631973775e-06,—
merklized,1,2.569082631973775e-06,—
appled,1,2.569082631973775e-06,—
jockying,1,2.569082631973775e-06,—
gossiping,1,2.569082631973775e-06,—
nstarted,1,2.569082631973775e-06,—
eclectic,1,2.569082631973775e-06,—
intricately,1,2.569082631973775e-06,—
paragraphs,1,2.569082631973775e-06,—
spells,1,2.569082631973775e-06,—
arrior,1,2.569082631973775e-06,—
revised,1,2.569082631973775e-06,—
lements,1,2.569082631973775e-06,—
greenish,1,2.569082631973775e-06,—
hue,1,2.569082631973775e-06,—
coalescing,1,2.569082631973775e-06,—
therein,1,2.569082631973775e-06,—
blush,1,2.569082631973775e-06,—
wee,1,2.569082631973775e-06,—
orthogonal,1,2.569082631973775e-06,—
unobservable,1,2.569082631973775e-06,—
disallow,1,2.569082631973775e-06,—
prohibit,1,2.569082631973775e-06,—
awkward,1,2.569082631973775e-06,—
topologies,1,2.569082631973775e-06,—
elivery,1,2.569082631973775e-06,—
proied,1,2.569082631973775e-06,—
orque,1,2.569082631973775e-06,—
los,1,2.569082631973775e-06,—
lightening,1,2.569082631973775e-06,—
snapeshots,1,2.569082631973775e-06,—
elena,1,2.569082631973775e-06,—
gesheva,1,2.569082631973775e-06,—
andling,1,2.569082631973775e-06,—
failsafe,1,2.569082631973775e-06,—
etrieving,1,2.569082631973775e-06,—
mitting,1,2.569082631973775e-06,—
caefdfedf,1,2.569082631973775e-06,—
neep,1,2.569082631973775e-06,—
eibit,1,2.569082631973775e-06,—
aejun,1,2.569082631973775e-06,—
breeze,1,2.569082631973775e-06,—
provisioned,1,2.569082631973775e-06,—
cranking,1,2.569082631973775e-06,—
markedly,1,2.569082631973775e-06,—
alethio,1,2.569082631973775e-06,—
knowingly,1,2.569082631973775e-06,—
ucky,1,2.569082631973775e-06,—
rotolambda,1,2.569082631973775e-06,—
wrt,1,2.569082631973775e-06,—
etted,1,2.569082631973775e-06,—
playgrounds,1,2.569082631973775e-06,—
teeth,1,2.569082631973775e-06,—
followup,1,2.569082631973775e-06,—
stacked,1,2.569082631973775e-06,—
representatio,1,2.569082631973775e-06,—
ework,1,2.569082631973775e-06,—
rilemma,1,2.569082631973775e-06,—
unreasonable,1,2.569082631973775e-06,—
unmade,1,2.569082631973775e-06,—
asynchronus,1,2.569082631973775e-06,—
mpossibility,1,2.569082631973775e-06,—
adaption,1,2.569082631973775e-06,—
olerent,1,2.569082631973775e-06,—
justificatio,1,2.569082631973775e-06,—
finalisatio,1,2.569082631973775e-06,—
favourable,1,2.569082631973775e-06,—
union,1,2.569082631973775e-06,—
nowns,1,2.569082631973775e-06,—
andrige,1,2.569082631973775e-06,—
epositio,1,2.569082631973775e-06,—
irriam,1,2.569082631973775e-06,—
janky,1,2.569082631973775e-06,—
llons,1,2.569082631973775e-06,—
nebruary,1,2.569082631973775e-06,—
breakfast,1,2.569082631973775e-06,—
spectator,1,2.569082631973775e-06,—
homework,1,2.569082631973775e-06,—
interlude,1,2.569082631973775e-06,—
warrants,1,2.569082631973775e-06,—
eminently,1,2.569082631973775e-06,—
backfill,1,2.569082631973775e-06,—
outnumber,1,2.569082631973775e-06,—
kicker,1,2.569082631973775e-06,—
tout,1,2.569082631973775e-06,—
heure,1,2.569082631973775e-06,—
unfolding,1,2.569082631973775e-06,—
fortnight,1,2.569082631973775e-06,—
elopers,1,2.569082631973775e-06,—
ference,1,2.569082631973775e-06,—
honed,1,2.569082631973775e-06,—
crowdflow,1,2.569082631973775e-06,—
diets,1,2.569082631973775e-06,—
fairer,1,2.569082631973775e-06,—
reminiscing,1,2.569082631973775e-06,—
ideographer,1,2.569082631973775e-06,—
inslow,1,2.569082631973775e-06,—
akura,1,2.569082631973775e-06,—
orldwide,1,2.569082631973775e-06,—
mainstage,1,2.569082631973775e-06,—
tages,1,2.569082631973775e-06,—
reakouts,1,2.569082631973775e-06,—
celebrity,1,2.569082631973775e-06,—
abosu,1,2.569082631973775e-06,—
fools,1,2.569082631973775e-06,—
errand,1,2.569082631973775e-06,—
breakouts,1,2.569082631973775e-06,—
articulated,1,2.569082631973775e-06,—
sidelines,1,2.569082631973775e-06,—
encouragingly,1,2.569082631973775e-06,—
momentary,1,2.569082631973775e-06,—
dashed,1,2.569082631973775e-06,—
embellish,1,2.569082631973775e-06,—
ntrange,1,2.569082631973775e-06,—
apologies,1,2.569082631973775e-06,—
clip,1,2.569082631973775e-06,—
crushing,1,2.569082631973775e-06,—
heckout,1,2.569082631973775e-06,—
ariv,1,2.569082631973775e-06,—
layering,1,2.569082631973775e-06,—
hor,1,2.569082631973775e-06,—
amphefner,1,2.569082631973775e-06,—
hiem,1,2.569082631973775e-06,—
uhyeok,1,2.569082631973775e-06,—
stifles,1,2.569082631973775e-06,—
rushing,1,2.569082631973775e-06,—
tyle,1,2.569082631973775e-06,—
figma,1,2.569082631973775e-06,—
skillsets,1,2.569082631973775e-06,—
implificatio,1,2.569082631973775e-06,—
iger,1,2.569082631973775e-06,—
dit,1,2.569082631973775e-06,—
durations,1,2.569082631973775e-06,—
upkeep,1,2.569082631973775e-06,—
ommittees,1,2.569082631973775e-06,—
olerant,1,2.569082631973775e-06,—
relive,1,2.569082631973775e-06,—
spurred,1,2.569082631973775e-06,—
tightening,1,2.569082631973775e-06,—
unge,1,2.569082631973775e-06,—
wrangling,1,2.569082631973775e-06,—
lurk,1,2.569082631973775e-06,—
previewed,1,2.569082631973775e-06,—
debuted,1,2.569082631973775e-06,—
declaration,1,2.569082631973775e-06,—
eatured,1,2.569082631973775e-06,—
warding,1,2.569082631973775e-06,—
amplifier,1,2.569082631973775e-06,—
sigmaprime,1,2.569082631973775e-06,—
prylabs,1,2.569082631973775e-06,—
arz,1,2.569082631973775e-06,—
nrryuya,1,2.569082631973775e-06,—
ayercom,1,2.569082631973775e-06,—
cbc,1,2.569082631973775e-06,—
ryptonet,1,2.569082631973775e-06,—
aggregatable,1,2.569082631973775e-06,—
cryptonet,1,2.569082631973775e-06,—
ryptoanalysis,1,2.569082631973775e-06,—
engendre,1,2.569082631973775e-06,—
herumi,1,2.569082631973775e-06,—
ccountable,1,2.569082631973775e-06,—
lausible,1,2.569082631973775e-06,—
ietrzak,1,2.569082631973775e-06,—
tatement,1,2.569082631973775e-06,—
whiteblock,1,2.569082631973775e-06,—
ital,1,2.569082631973775e-06,—
ormation,1,2.569082631973775e-06,—
ensors,1,2.569082631973775e-06,—
ligning,1,2.569082631973775e-06,—
etroject,1,2.569082631973775e-06,—
indra,1,2.569082631973775e-06,—
enforcer,1,2.569082631973775e-06,—
leapdao,1,2.569082631973775e-06,—
watchtower,1,2.569082631973775e-06,—
pisa,1,2.569082631973775e-06,—
fledapps,1,2.569082631973775e-06,—
irssembly,1,2.569082631973775e-06,—
airassembly,1,2.569082631973775e-06,—
starks,1,2.569082631973775e-06,—
aztecprotocol,1,2.569082631973775e-06,—
nark,1,2.569082631973775e-06,—
offloading,1,2.569082631973775e-06,—
dison,1,2.569082631973775e-06,—
kestrel,1,2.569082631973775e-06,—
rcs,1,2.569082631973775e-06,—
barryhiteat,1,2.569082631973775e-06,—
maci,1,2.569082631973775e-06,—
latnetwork,1,2.569082631973775e-06,—
compositionally,1,2.569082631973775e-06,—
statebo,1,2.569082631973775e-06,—
buidler,1,2.569082631973775e-06,—
certik,1,2.569082631973775e-06,—
userpatches,1,2.569082631973775e-06,—
ockro,1,2.569082631973775e-06,—
runtimes,1,2.569082631973775e-06,—
sunshinecybernetics,1,2.569082631973775e-06,—
ormality,1,2.569082631973775e-06,—
omicabs,1,2.569082631973775e-06,—
prioritization,1,2.569082631973775e-06,—
roadmapping,1,2.569082631973775e-06,—
nomiclabs,1,2.569082631973775e-06,—
playproject,1,2.569082631973775e-06,—
apstone,1,2.569082631973775e-06,—
toolsets,1,2.569082631973775e-06,—
kayagoban,1,2.569082631973775e-06,—
shadowlands,1,2.569082631973775e-06,—
linting,1,2.569082631973775e-06,—
solhint,1,2.569082631973775e-06,—
tenderly,1,2.569082631973775e-06,—
otlin,1,2.569082631973775e-06,—
pelith,1,2.569082631973775e-06,—
eauth,1,2.569082631973775e-06,—
dappsdk,1,2.569082631973775e-06,—
verest,1,2.569082631973775e-06,—
everest,1,2.569082631973775e-06,—
gasstation,1,2.569082631973775e-06,—
ubsidization,1,2.569082631973775e-06,—
poap,1,2.569082631973775e-06,—
piloting,1,2.569082631973775e-06,—
chicago,1,2.569082631973775e-06,—
ethglobal,1,2.569082631973775e-06,—
ethplanet,1,2.569082631973775e-06,—
aechi,1,2.569082631973775e-06,—
haechi,1,2.569082631973775e-06,—
kickback,1,2.569082631973775e-06,—
okamak,1,2.569082631973775e-06,—
whdd,1,2.569082631973775e-06,—
diversify,1,2.569082631973775e-06,—
molochdao,1,2.569082631973775e-06,—
denomintated,1,2.569082631973775e-06,—
pologies,1,2.569082631973775e-06,—
distractions,1,2.569082631973775e-06,—
pray,1,2.569082631973775e-06,—
raphically,1,2.569082631973775e-06,—
uncreated,1,2.569082631973775e-06,—
etodeata,1,2.569082631973775e-06,—
counterproductive,1,2.569082631973775e-06,—
busting,1,2.569082631973775e-06,—
beef,1,2.569082631973775e-06,—
marco,1,2.569082631973775e-06,—
polo,1,2.569082631973775e-06,—
requester,1,2.569082631973775e-06,—
leechers,1,2.569082631973775e-06,—
seeders,1,2.569082631973775e-06,—
verbosely,1,2.569082631973775e-06,—
stitched,1,2.569082631973775e-06,—
firehose,1,2.569082631973775e-06,—
inverts,1,2.569082631973775e-06,—
leecher,1,2.569082631973775e-06,—
molded,1,2.569082631973775e-06,—
alidatio,1,2.569082631973775e-06,—
ompulsory,1,2.569082631973775e-06,—
ccumulators,1,2.569082631973775e-06,—
archived,1,2.569082631973775e-06,—
intermittently,1,2.569082631973775e-06,—
agician,1,2.569082631973775e-06,—
wash,1,2.569082631973775e-06,—
ils,1,2.569082631973775e-06,—
rik,1,2.569082631973775e-06,—
rantzell,1,2.569082631973775e-06,—
hih,1,2.569082631973775e-06,—
repurpose,1,2.569082631973775e-06,—
gnition,1,2.569082631973775e-06,—
multiplicative,1,2.569082631973775e-06,—
recursio,1,2.569082631973775e-06,—
thransfer,1,2.569082631973775e-06,—
ssemblycript,1,2.569082631973775e-06,—
embeddability,1,2.569082631973775e-06,—
countereample,1,2.569082631973775e-06,—
haskell,1,2.569082631973775e-06,—
evaluator,1,2.569082631973775e-06,—
crawling,1,2.569082631973775e-06,—
propagatio,1,2.569082631973775e-06,—
fatdb,1,2.569082631973775e-06,—
hunches,1,2.569082631973775e-06,—
anghans,1,2.569082631973775e-06,—
deepened,1,2.569082631973775e-06,—
ebocketrovider,1,2.569082631973775e-06,—
familiarizing,1,2.569082631973775e-06,—
dryajov,1,2.569082631973775e-06,—
demoed,1,2.569082631973775e-06,—
orkflows,1,2.569082631973775e-06,—
esktop,1,2.569082631973775e-06,—
cmascript,1,2.569082631973775e-06,—
lugins,1,2.569082631973775e-06,—
remiethereum,1,2.569082631973775e-06,—
typescript,1,2.569082631973775e-06,—
reachout,1,2.569082631973775e-06,—
ioedeveloper,1,2.569082631973775e-06,—
tackled,1,2.569082631973775e-06,—
chronicled,1,2.569082631973775e-06,—
digesting,1,2.569082631973775e-06,—
nio,1,2.569082631973775e-06,—
bughunter,1,2.569082631973775e-06,—
necessitated,1,2.569082631973775e-06,—
irchner,1,2.569082631973775e-06,—
mmutable,1,2.569082631973775e-06,—
supplemented,1,2.569082631973775e-06,—
haser,1,2.569082631973775e-06,—
phaser,1,2.569082631973775e-06,—
ipfs,1,2.569082631973775e-06,—
unreleased,1,2.569082631973775e-06,—
zokrates,1,2.569082631973775e-06,—
memoization,1,2.569082631973775e-06,—
unconstrained,1,2.569082631973775e-06,—
tarraft,1,2.569082631973775e-06,—
silico,1,2.569082631973775e-06,—
caterpillars,1,2.569082631973775e-06,—
indisputable,1,2.569082631973775e-06,—
ketch,1,2.569082631973775e-06,—
crib,1,2.569082631973775e-06,—
nibble,1,2.569082631973775e-06,—
ormalities,1,2.569082631973775e-06,—
traditions,1,2.569082631973775e-06,—
aloud,1,2.569082631973775e-06,—
intonation,1,2.569082631973775e-06,—
pump,1,2.569082631973775e-06,—
oam,1,2.569082631973775e-06,—
mbiguous,1,2.569082631973775e-06,—
grammatically,1,2.569082631973775e-06,—
adjective,1,2.569082631973775e-06,—
substitutio,1,2.569082631973775e-06,—
mad,1,2.569082631973775e-06,—
intimidating,1,2.569082631973775e-06,—
precedes,1,2.569082631973775e-06,—
curiously,1,2.569082631973775e-06,—
sneakily,1,2.569082631973775e-06,—
ackus,1,2.569082631973775e-06,—
np,1,2.569082631973775e-06,—
illustrated,1,2.569082631973775e-06,—
anthropomorphic,1,2.569082631973775e-06,—
glossed,1,2.569082631973775e-06,—
eposition,1,2.569082631973775e-06,—
wikipedia,1,2.569082631973775e-06,—
anish,1,2.569082631973775e-06,—
kranian,1,2.569082631973775e-06,—
localizations,1,2.569082631973775e-06,—
aring,1,2.569082631973775e-06,—
ueress,1,2.569082631973775e-06,—
shoutouts,1,2.569082631973775e-06,—
rantly,1,2.569082631973775e-06,—
illegan,1,2.569082631973775e-06,—
lgolia,1,2.569082631973775e-06,—
schlesi,1,2.569082631973775e-06,—
scorched,1,2.569082631973775e-06,—
corched,1,2.569082631973775e-06,—
mocking,1,2.569082631973775e-06,—
rbitrary,1,2.569082631973775e-06,—
poa,1,2.569082631973775e-06,—
enewed,1,2.569082631973775e-06,—
tasitlabs,1,2.569082631973775e-06,—
tasitsdk,1,2.569082631973775e-06,—
earing,1,2.569082631973775e-06,—
theorist,1,2.569082631973775e-06,—
unbiasable,1,2.569082631973775e-06,—
eponentiations,1,2.569082631973775e-06,—
unds,1,2.569082631973775e-06,—
breathtaking,1,2.569082631973775e-06,—
eplode,1,2.569082631973775e-06,—
imaging,1,2.569082631973775e-06,—
ecurring,1,2.569082631973775e-06,—
sway,1,2.569082631973775e-06,—
digs,1,2.569082631973775e-06,—
forecasts,1,2.569082631973775e-06,—
unfulfilled,1,2.569082631973775e-06,—
elegated,1,2.569082631973775e-06,—
llocations,1,2.569082631973775e-06,—
blindspots,1,2.569082631973775e-06,—
edistribution,1,2.569082631973775e-06,—
redistributes,1,2.569082631973775e-06,—
diversifying,1,2.569082631973775e-06,—
groupthink,1,2.569082631973775e-06,—
symbiotic,1,2.569082631973775e-06,—
nquiry,1,2.569082631973775e-06,—
trending,1,2.569082631973775e-06,—
firmer,1,2.569082631973775e-06,—
rimer,1,2.569082631973775e-06,—
enveloping,1,2.569082631973775e-06,—
tent,1,2.569082631973775e-06,—
sausage,1,2.569082631973775e-06,—
clown,1,2.569082631973775e-06,—
impulse,1,2.569082631973775e-06,—
efafccfedefedbabdacecbccba,1,2.569082631973775e-06,—
eriving,1,2.569082631973775e-06,—
drumbeat,1,2.569082631973775e-06,—
louder,1,2.569082631973775e-06,—
frank,1,2.569082631973775e-06,—
ockdowns,1,2.569082631973775e-06,—
bated,1,2.569082631973775e-06,—
defaulting,1,2.569082631973775e-06,—
nhuge,1,2.569082631973775e-06,—
fielding,1,2.569082631973775e-06,—
bulb,1,2.569082631973775e-06,—
conversational,1,2.569082631973775e-06,—
concerningly,1,2.569082631973775e-06,—
snippets,1,2.569082631973775e-06,—
kay,1,2.569082631973775e-06,—
migrates,1,2.569082631973775e-06,—
horizons,1,2.569082631973775e-06,—
unappealing,1,2.569082631973775e-06,—
believers,1,2.569082631973775e-06,—
disjointedness,1,2.569082631973775e-06,—
improbable,1,2.569082631973775e-06,—
subsections,1,2.569082631973775e-06,—
erculean,1,2.569082631973775e-06,—
bite,1,2.569082631973775e-06,—
corte,1,2.569082631973775e-06,—
snowballs,1,2.569082631973775e-06,—
gravitational,1,2.569082631973775e-06,—
inching,1,2.569082631973775e-06,—
mult,1,2.569082631973775e-06,—
uncorrelated,1,2.569082631973775e-06,—
itti,1,2.569082631973775e-06,—
mimics,1,2.569082631973775e-06,—
thstats,1,2.569082631973775e-06,—
rrkl,1,2.569082631973775e-06,—
umor,1,2.569082631973775e-06,—
yrum,1,2.569082631973775e-06,—
tethoscope,1,2.569082631973775e-06,—
ethdo,1,2.569082631973775e-06,—
slinging,1,2.569082631973775e-06,—
reativity,1,2.569082631973775e-06,—
statelessly,1,2.569082631973775e-06,—
undertaking,1,2.569082631973775e-06,—
instill,1,2.569082631973775e-06,—
apocalyptic,1,2.569082631973775e-06,—
wastelands,1,2.569082631973775e-06,—
ury,1,2.569082631973775e-06,—
captors,1,2.569082631973775e-06,—
harlize,1,2.569082631973775e-06,—
heron,1,2.569082631973775e-06,—
climbs,1,2.569082631973775e-06,—
cab,1,2.569082631973775e-06,—
film,1,2.569082631973775e-06,—
octane,1,2.569082631973775e-06,—
drama,1,2.569082631973775e-06,—
badlands,1,2.569082631973775e-06,—
marauding,1,2.569082631973775e-06,—
aphorisms,1,2.569082631973775e-06,—
methodical,1,2.569082631973775e-06,—
minutia,1,2.569082631973775e-06,—
ncle,1,2.569082631973775e-06,—
whim,1,2.569082631973775e-06,—
anyways,1,2.569082631973775e-06,—
escalators,1,2.569082631973775e-06,—
urgently,1,2.569082631973775e-06,—
implementer,1,2.569082631973775e-06,—
deftly,1,2.569082631973775e-06,—
eploratio,1,2.569082631973775e-06,—
teed,1,2.569082631973775e-06,—
chrome,1,2.569082631973775e-06,—
riding,1,2.569082631973775e-06,—
alhalla,1,2.569082631973775e-06,—
criticizing,1,2.569082631973775e-06,—
amending,1,2.569082631973775e-06,—
supportsnterface,1,2.569082631973775e-06,—
reusing,1,2.569082631973775e-06,—
ugrara,1,2.569082631973775e-06,—
imultaneously,1,2.569082631973775e-06,—
investigative,1,2.569082631973775e-06,—
shred,1,2.569082631973775e-06,—
tighten,1,2.569082631973775e-06,—
constituent,1,2.569082631973775e-06,—
prefies,1,2.569082631973775e-06,—
uaranteed,1,2.569082631973775e-06,—
saturating,1,2.569082631973775e-06,—
ultiply,1,2.569082631973775e-06,—
horrible,1,2.569082631973775e-06,—
cryptograhically,1,2.569082631973775e-06,—
amplifications,1,2.569082631973775e-06,—
retrieves,1,2.569082631973775e-06,—
topmost,1,2.569082631973775e-06,—
syncers,1,2.569082631973775e-06,—
destructs,1,2.569082631973775e-06,—
deduping,1,2.569082631973775e-06,—
llocate,1,2.569082631973775e-06,—
posterity,1,2.569082631973775e-06,—
nestnets,1,2.569082631973775e-06,—
toes,1,2.569082631973775e-06,—
hrz,1,2.569082631973775e-06,—
purposefully,1,2.569082631973775e-06,—
dicussion,1,2.569082631973775e-06,—
marriage,1,2.569082631973775e-06,—
defers,1,2.569082631973775e-06,—
inescapable,1,2.569082631973775e-06,—
reversible,1,2.569082631973775e-06,—
instructs,1,2.569082631973775e-06,—
italian,1,2.569082631973775e-06,—
korea,1,2.569082631973775e-06,—
epeat,1,2.569082631973775e-06,—
confirmatio,1,2.569082631973775e-06,—
orrectly,1,2.569082631973775e-06,—
nemonic,1,2.569082631973775e-06,—
crater,1,2.569082631973775e-06,—
zoo,1,2.569082631973775e-06,—
steak,1,2.569082631973775e-06,—
spoo,1,2.569082631973775e-06,—
frog,1,2.569082631973775e-06,—
raccoon,1,2.569082631973775e-06,—
successfuly,1,2.569082631973775e-06,—
underpin,1,2.569082631973775e-06,—
zoomed,1,2.569082631973775e-06,—
erklization,1,2.569082631973775e-06,—
lgebra,1,2.569082631973775e-06,—
kids,1,2.569082631973775e-06,—
placeholder,1,2.569082631973775e-06,—
canon,1,2.569082631973775e-06,—
figuratively,1,2.569082631973775e-06,—
boed,1,2.569082631973775e-06,—
teampunk,1,2.569082631973775e-06,—
cartoon,1,2.569082631973775e-06,—
adua,1,2.569082631973775e-06,—
fantastically,1,2.569082631973775e-06,—
hypothetically,1,2.569082631973775e-06,—
kin,1,2.569082631973775e-06,—
punches,1,2.569082631973775e-06,—
hiss,1,2.569082631973775e-06,—
spitting,1,2.569082631973775e-06,—
punched,1,2.569082631973775e-06,—
booklet,1,2.569082631973775e-06,—
figurative,1,2.569082631973775e-06,—
humerously,1,2.569082631973775e-06,—
fictitious,1,2.569082631973775e-06,—
tabulations,1,2.569082631973775e-06,—
impossibly,1,2.569082631973775e-06,—
ady,1,2.569082631973775e-06,—
erkleized,1,2.569082631973775e-06,—
springs,1,2.569082631973775e-06,—
pneumatic,1,2.569082631973775e-06,—
chambers,1,2.569082631973775e-06,—
harge,1,2.569082631973775e-06,—
magining,1,2.569082631973775e-06,—
stroke,1,2.569082631973775e-06,—
allocates,1,2.569082631973775e-06,—
fanciful,1,2.569082631973775e-06,—
hrilling,1,2.569082631973775e-06,—
dventures,1,2.569082631973775e-06,—
disappointed,1,2.569082631973775e-06,—
fanfictions,1,2.569082631973775e-06,—
tongues,1,2.569082631973775e-06,—
alayalam,1,2.569082631973775e-06,—
gbo,1,2.569082631973775e-06,—
lovenian,1,2.569082631973775e-06,—
unlisted,1,2.569082631973775e-06,—
cknowledgment,1,2.569082631973775e-06,—
appreciative,1,2.569082631973775e-06,—
nicknames,1,2.569082631973775e-06,—
concious,1,2.569082631973775e-06,—
nickname,1,2.569082631973775e-06,—
ettings,1,2.569082631973775e-06,—
ickname,1,2.569082631973775e-06,—
thub,1,2.569082631973775e-06,—
ndonesian,1,2.569082631973775e-06,—
lovak,1,2.569082631973775e-06,—
reethi,1,2.569082631973775e-06,—
asireddy,1,2.569082631973775e-06,—
nive,1,2.569082631973775e-06,—
unbelievably,1,2.569082631973775e-06,—
waited,1,2.569082631973775e-06,—
unmapped,1,2.569082631973775e-06,—
nll,1,2.569082631973775e-06,—
hardwork,1,2.569082631973775e-06,—
tipjars,1,2.569082631973775e-06,—
fledgling,1,2.569082631973775e-06,—
skew,1,2.569082631973775e-06,—
mending,1,2.569082631973775e-06,—
nods,1,2.569082631973775e-06,—
confuse,1,2.569082631973775e-06,—
sowing,1,2.569082631973775e-06,—
dips,1,2.569082631973775e-06,—
bookings,1,2.569082631973775e-06,—
critically,1,2.569082631973775e-06,—
ysticyuuji,1,2.569082631973775e-06,—
atthews,1,2.569082631973775e-06,—
pyn,1,2.569082631973775e-06,—
esley,1,2.569082631973775e-06,—
motivational,1,2.569082631973775e-06,—
inquirer,1,2.569082631973775e-06,—
learner,1,2.569082631973775e-06,—
athlete,1,2.569082631973775e-06,—
likeness,1,2.569082631973775e-06,—
fullest,1,2.569082631973775e-06,—
ufficorn,1,2.569082631973775e-06,—
ikeness,1,2.569082631973775e-06,—
collegiatebilus,1,2.569082631973775e-06,—
ajat,1,2.569082631973775e-06,—
epns,1,2.569082631973775e-06,—
epnsproject,1,2.569082631973775e-06,—
reap,1,2.569082631973775e-06,—
timeserver,1,2.569082631973775e-06,—
enworsening,1,2.569082631973775e-06,—
buckle,1,2.569082631973775e-06,—
worsened,1,2.569082631973775e-06,—
incentived,1,2.569082631973775e-06,—
regenesis,1,2.569082631973775e-06,—
ransitio,1,2.569082631973775e-06,—
nework,1,2.569082631973775e-06,—
snapshotting,1,2.569082631973775e-06,—
suspend,1,2.569082631973775e-06,—
functiond,1,2.569082631973775e-06,—
mandrigi,1,2.569082631973775e-06,—
realedgerwatch,1,2.569082631973775e-06,—
eriodically,1,2.569082631973775e-06,—
elevates,1,2.569082631973775e-06,—
sidesteps,1,2.569082631973775e-06,—
unchanging,1,2.569082631973775e-06,—
narmer,1,2.569082631973775e-06,—
aflame,1,2.569082631973775e-06,—
technicals,1,2.569082631973775e-06,—
stressors,1,2.569082631973775e-06,—
wildest,1,2.569082631973775e-06,—
chugged,1,2.569082631973775e-06,—
consciously,1,2.569082631973775e-06,—
inacivity,1,2.569082631973775e-06,—
horses,1,2.569082631973775e-06,—
dockerized,1,2.569082631973775e-06,—
eyeballing,1,2.569082631973775e-06,—
asses,1,2.569082631973775e-06,—
nook,1,2.569082631973775e-06,—
cra,1,2.569082631973775e-06,—
pinboard,1,2.569082631973775e-06,—
accredited,1,2.569082631973775e-06,—
akomba,1,2.569082631973775e-06,—
esponders,1,2.569082631973775e-06,—
fossresponders,1,2.569082631973775e-06,—
istaff,1,2.569082631973775e-06,—
uildfeavers,1,2.569082631973775e-06,—
distaff,1,2.569082631973775e-06,—
thehubbleproject,1,2.569082631973775e-06,—
nonrepudiable,1,2.569082631973775e-06,—
zkzkrollup,1,2.569082631973775e-06,—
awkes,1,2.569082631973775e-06,—
zeropoolnetwork,1,2.569082631973775e-06,—
fawkes,1,2.569082631973775e-06,—
rithmetization,1,2.569082631973775e-06,—
riented,1,2.569082631973775e-06,—
iphers,1,2.569082631973775e-06,—
inet,1,2.569082631973775e-06,—
hem,1,2.569082631973775e-06,—
atzenpost,1,2.569082631973775e-06,—
hashcloak,1,2.569082631973775e-06,—
ethswarm,1,2.569082631973775e-06,—
datahop,1,2.569082631973775e-06,—
ligeroinc,1,2.569082631973775e-06,—
igero,1,2.569082631973775e-06,—
iogenes,1,2.569082631973775e-06,—
ctopus,1,2.569082631973775e-06,—
professor,1,2.569082631973775e-06,—
uper,1,2.569082631973775e-06,—
bsc,1,2.569082631973775e-06,—
prysmaticlabs,1,2.569082631973775e-06,—
perun,1,2.569082631973775e-06,—
eborrent,1,2.569082631973775e-06,—
torrented,1,2.569082631973775e-06,—
opengsn,1,2.569082631973775e-06,—
nan,1,2.569082631973775e-06,—
iss,1,2.569082631973775e-06,—
motions,1,2.569082631973775e-06,—
shortlived,1,2.569082631973775e-06,—
peace,1,2.569082631973775e-06,—
auchpad,1,2.569082631973775e-06,—
whiz,1,2.569082631973775e-06,—
blast,1,2.569082631973775e-06,—
tbd,1,2.569082631973775e-06,—
ostmortem,1,2.569082631973775e-06,—
sailing,1,2.569082631973775e-06,—
disincentives,1,2.569082631973775e-06,—
iscords,1,2.569082631973775e-06,—
bearings,1,2.569082631973775e-06,—
tide,1,2.569082631973775e-06,—
wade,1,2.569082631973775e-06,—
scour,1,2.569082631973775e-06,—
updatable,1,2.569082631973775e-06,—
categorise,1,2.569082631973775e-06,—
upgradeability,1,2.569082631973775e-06,—
eploying,1,2.569082631973775e-06,—
onkikh,1,2.569082631973775e-06,—
ontijo,1,2.569082631973775e-06,—
ogzhan,1,2.569082631973775e-06,—
arakbayeva,1,2.569082631973775e-06,—
elipe,1,2.569082631973775e-06,—
arragi,1,2.569082631973775e-06,—
ameson,1,2.569082631973775e-06,—
riffiths,1,2.569082631973775e-06,—
esich,1,2.569082631973775e-06,—
luer,1,2.569082631973775e-06,—
arkus,1,2.569082631973775e-06,—
aas,1,2.569082631973775e-06,—
igelow,1,2.569082631973775e-06,—
oodfiotit,1,2.569082631973775e-06,—
dson,1,2.569082631973775e-06,—
llyon,1,2.569082631973775e-06,—
ranco,1,2.569082631973775e-06,—
eoli,1,2.569082631973775e-06,—
ato,1,2.569082631973775e-06,—
hepherd,1,2.569082631973775e-06,—
nontract,1,2.569082631973775e-06,—
depositcontract,1,2.569082631973775e-06,—
deffecaceecef,1,2.569082631973775e-06,—
previosly,1,2.569082631973775e-06,—
orczynski,1,2.569082631973775e-06,—
ogics,1,2.569082631973775e-06,—
rash,1,2.569082631973775e-06,—
nvestigation,1,2.569082631973775e-06,—
securitygolang,1,2.569082631973775e-06,—
kaeupqh,1,2.569082631973775e-06,—
otified,1,2.569082631973775e-06,—
oungseok,1,2.569082631973775e-06,—
dataopy,1,2.569082631973775e-06,—
regio,1,2.569082631973775e-06,—
overwrites,1,2.569082631973775e-06,—
invokes,1,2.569082631973775e-06,—
mimicking,1,2.569082631973775e-06,—
testbed,1,2.569082631973775e-06,—
ejection,1,2.569082631973775e-06,—
intail,1,2.569082631973775e-06,—
hekhar,1,2.569082631973775e-06,—
lias,1,2.569082631973775e-06,—
imos,1,2.569082631973775e-06,—
vgeny,1,2.569082631973775e-06,—
edvedev,1,2.569082631973775e-06,—
ansen,1,2.569082631973775e-06,—
etl,1,2.569082631973775e-06,—
iguery,1,2.569082631973775e-06,—
cervey,1,2.569082631973775e-06,—
plunk,1,2.569082631973775e-06,—
osley,1,2.569082631973775e-06,—
segmenting,1,2.569082631973775e-06,—
etclippy,1,2.569082631973775e-06,—
ashuark,1,2.569082631973775e-06,—
laborne,1,2.569082631973775e-06,—
itquery,1,2.569082631973775e-06,—
locklockata,1,2.569082631973775e-06,—
multitasking,1,2.569082631973775e-06,—
bake,1,2.569082631973775e-06,—
evamped,1,2.569082631973775e-06,—
withdraws,1,2.569082631973775e-06,—
itro,1,2.569082631973775e-06,—
knocked,1,2.569082631973775e-06,—
aolo,1,2.569082631973775e-06,—
lockchainsorchools,1,2.569082631973775e-06,—
lockchainsoracks,1,2.569082631973775e-06,—
theorietic,1,2.569082631973775e-06,—
ethod,1,2.569082631973775e-06,—
uildler,1,2.569082631973775e-06,—
ntelli,1,2.569082631973775e-06,—
imbalanced,1,2.569082631973775e-06,—
gobitfly,1,2.569082631973775e-06,—
microgrants,1,2.569082631973775e-06,—
wherein,1,2.569082631973775e-06,—
auctioned,1,2.569082631973775e-06,—
cruise,1,2.569082631973775e-06,—
nhile,1,2.569082631973775e-06,—
shadows,1,2.569082631973775e-06,—
wondered,1,2.569082631973775e-06,—
comprise,1,2.569082631973775e-06,—
ardforks,1,2.569082631973775e-06,—
spuriousragon,1,2.569082631973775e-06,—
holistically,1,2.569082631973775e-06,—
sigh,1,2.569082631973775e-06,—
indentation,1,2.569082631973775e-06,—
unreadable,1,2.569082631973775e-06,—
hell,1,2.569082631973775e-06,—
efactorings,1,2.569082631973775e-06,—
miles,1,2.569082631973775e-06,—
fullsync,1,2.569082631973775e-06,—
contemplative,1,2.569082631973775e-06,—
ninimum,1,2.569082631973775e-06,—
cyszh,1,2.569082631973775e-06,—
kyky,1,2.569082631973775e-06,—
hv,1,2.569082631973775e-06,—
smile,1,2.569082631973775e-06,—
erkelization,1,2.569082631973775e-06,—
num,1,2.569082631973775e-06,—
complied,1,2.569082631973775e-06,—
unruly,1,2.569082631973775e-06,—
heidecimal,1,2.569082631973775e-06,—
ompare,1,2.569082631973775e-06,—
eclaim,1,2.569082631973775e-06,—
limb,1,2.569082631973775e-06,—
anticlima,1,2.569082631973775e-06,—
merkleize,1,2.569082631973775e-06,—
ijail,1,2.569082631973775e-06,—
sunsetting,1,2.569082631973775e-06,—
nithin,1,2.569082631973775e-06,—
eaves,1,2.569082631973775e-06,—
jolliest,1,2.569082631973775e-06,—
ribery,1,2.569082631973775e-06,—
ropste,1,2.569082631973775e-06,—
urrito,1,2.569082631973775e-06,—
pipe,1,2.569082631973775e-06,—
blogging,1,2.569082631973775e-06,—
ordell,1,2.569082631973775e-06,—
goodness,1,2.569082631973775e-06,—
headlines,1,2.569082631973775e-06,—
tros,1,2.569082631973775e-06,—
cs,1,2.569082631973775e-06,—
br,1,2.569082631973775e-06,—
ja,1,2.569082631973775e-06,—
ritten,1,2.569082631973775e-06,—
motivator,1,2.569082631973775e-06,—
embarked,1,2.569082631973775e-06,—
epectedly,1,2.569082631973775e-06,—
naïve,1,2.569082631973775e-06,—
uweni,1,2.569082631973775e-06,—
merkleizatio,1,2.569082631973775e-06,—
inarificatio,1,2.569082631973775e-06,—
bottlenecked,1,2.569082631973775e-06,—
postille,1,2.569082631973775e-06,—
resisted,1,2.569082631973775e-06,—
wat,1,2.569082631973775e-06,—
spectest,1,2.569082631973775e-06,—
nductive,1,2.569082631973775e-06,—
epressiveness,1,2.569082631973775e-06,—
quivalence,1,2.569082631973775e-06,—
symbolically,1,2.569082631973775e-06,—
ecompilation,1,2.569082631973775e-06,—
prints,1,2.569082631973775e-06,—
positives,1,2.569082631973775e-06,—
reentrant,1,2.569082631973775e-06,—
reruns,1,2.569082631973775e-06,—
chilles,1,2.569082631973775e-06,—
anding,1,2.569082631973775e-06,—
surgery,1,2.569082631973775e-06,—
prepped,1,2.569082631973775e-06,—
jaggedy,1,2.569082631973775e-06,—
leanest,1,2.569082631973775e-06,—
nailed,1,2.569082631973775e-06,—
romise,1,2.569082631973775e-06,—
contentash,1,2.569082631973775e-06,—
modicum,1,2.569082631973775e-06,—
loveliness,1,2.569082631973775e-06,—
handiwork,1,2.569082631973775e-06,—
fortified,1,2.569082631973775e-06,—
yoyo,1,2.569082631973775e-06,—
heia,1,2.569082631973775e-06,—
backstory,1,2.569082631973775e-06,—
leandria,1,2.569082631973775e-06,—
practicalities,1,2.569082631973775e-06,—
testcases,1,2.569082631973775e-06,—
hecked,1,2.569082631973775e-06,—
afeath,1,2.569082631973775e-06,—
ummits,1,2.569082631973775e-06,—
omains,1,2.569082631973775e-06,—
tidied,1,2.569082631973775e-06,—
ubmissions,1,2.569082631973775e-06,—
incompressible,1,2.569082631973775e-06,—
eedo,1,2.569082631973775e-06,—
preventative,1,2.569082631973775e-06,—
encryptions,1,2.569082631973775e-06,—
beaco,1,2.569082631973775e-06,—
irewalls,1,2.569082631973775e-06,—
galore,1,2.569082631973775e-06,—
redundancies,1,2.569082631973775e-06,—
omplicated,1,2.569082631973775e-06,—
fantasies,1,2.569082631973775e-06,—
unwise,1,2.569082631973775e-06,—
dependant,1,2.569082631973775e-06,—
sideways,1,2.569082631973775e-06,—
maimising,1,2.569082631973775e-06,—
eaks,1,2.569082631973775e-06,—
orrelatio,1,2.569082631973775e-06,—
auses,1,2.569082631973775e-06,—
econoar,1,2.569082631973775e-06,—
esidential,1,2.569082631973775e-06,—
spotty,1,2.569082631973775e-06,—
regaining,1,2.569082631973775e-06,—
ersonally,1,2.569082631973775e-06,—
whale,1,2.569082631973775e-06,—
insistent,1,2.569082631973775e-06,—
thereumodes,1,2.569082631973775e-06,—
ouch,1,2.569082631973775e-06,—
swans,1,2.569082631973775e-06,—
cenarios,1,2.569082631973775e-06,—
pectre,1,2.569082631973775e-06,—
eltdow,1,2.569082631973775e-06,—
leedingooth,1,2.569082631973775e-06,—
hazards,1,2.569082631973775e-06,—
omparing,1,2.569082631973775e-06,—
prevail,1,2.569082631973775e-06,—
iding,1,2.569082631973775e-06,—
rowd,1,2.569082631973775e-06,—
rowdn,1,2.569082631973775e-06,—
vrsions,1,2.569082631973775e-06,—
peaceful,1,2.569082631973775e-06,—
hurrah,1,2.569082631973775e-06,—
pledging,1,2.569082631973775e-06,—
ollections,1,2.569082631973775e-06,—
oughgarde,1,2.569082631973775e-06,—
acknowledging,1,2.569082631973775e-06,—
jan,1,2.569082631973775e-06,—
misnomers,1,2.569082631973775e-06,—
toss,1,2.569082631973775e-06,—
designations,1,2.569082631973775e-06,—
belabor,1,2.569082631973775e-06,—
oundationally,1,2.569082631973775e-06,—
blasting,1,2.569082631973775e-06,—
habitat,1,2.569082631973775e-06,—
spacious,1,2.569082631973775e-06,—
openethereum,1,2.569082631973775e-06,—
lions,1,2.569082631973775e-06,—
misunderstanding,1,2.569082631973775e-06,—
hotswap,1,2.569082631973775e-06,—
harded,1,2.569082631973775e-06,—
abundantly,1,2.569082631973775e-06,—
outstrip,1,2.569082631973775e-06,—
italiks,1,2.569082631973775e-06,—
entric,1,2.569082631973775e-06,—
directionally,1,2.569082631973775e-06,—
concerted,1,2.569082631973775e-06,—
optimistically,1,2.569082631973775e-06,—
chuck,1,2.569082631973775e-06,—
tangibly,1,2.569082631973775e-06,—
tudymaster,1,2.569082631973775e-06,—
umerable,1,2.569082631973775e-06,—
unbelievable,1,2.569082631973775e-06,—
vaccines,1,2.569082631973775e-06,—
afar,1,2.569082631973775e-06,—
intrepid,1,2.569082631973775e-06,—
loudlare,1,2.569082631973775e-06,—
ensdomains,1,2.569082631973775e-06,—
ormalized,1,2.569082631973775e-06,—
carsonfarmer,1,2.569082631973775e-06,—
oed,1,2.569082631973775e-06,—
tetileio,1,2.569082631973775e-06,—
tetile,1,2.569082631973775e-06,—
bodb,1,2.569082631973775e-06,—
trackers,1,2.569082631973775e-06,—
etherchai,1,2.569082631973775e-06,—
bodes,1,2.569082631973775e-06,—
esa,1,2.569082631973775e-06,—
uides,1,2.569082631973775e-06,—
ths,1,2.569082631973775e-06,—
necesssary,1,2.569082631973775e-06,—
ashew,1,2.569082631973775e-06,—
grafana,1,2.569082631973775e-06,—
mpire,1,2.569082631973775e-06,—
academy,1,2.569082631973775e-06,—
butta,1,2.569082631973775e-06,—
lamboshi,1,2.569082631973775e-06,—
superphiz,1,2.569082631973775e-06,—
unvetica,1,2.569082631973775e-06,—
worthalter,1,2.569082631973775e-06,—
ilewski,1,2.569082631973775e-06,—
oody,1,2.569082631973775e-06,—
udy,1,2.569082631973775e-06,—
iriou,1,2.569082631973775e-06,—
echtec,1,2.569082631973775e-06,—
oebel,1,2.569082631973775e-06,—
validr,1,2.569082631973775e-06,—
treit,1,2.569082631973775e-06,—
emonic,1,2.569082631973775e-06,—
gudo,1,2.569082631973775e-06,—
akub,1,2.569082631973775e-06,—
omanik,1,2.569082631973775e-06,—
acteak,1,2.569082631973775e-06,—
chmiedt,1,2.569082631973775e-06,—
lon,1,2.569082631973775e-06,—
uroch,1,2.569082631973775e-06,—
ollin,1,2.569082631973775e-06,—
udited,1,2.569082631973775e-06,—
ealth,1,2.569082631973775e-06,—
rumor,1,2.569082631973775e-06,—
osada,1,2.569082631973775e-06,—
ollado,1,2.569082631973775e-06,—
ommunty,1,2.569082631973775e-06,—
pecializing,1,2.569082631973775e-06,—
convened,1,2.569082631973775e-06,—
commmunity,1,2.569082631973775e-06,—
terakoya,1,2.569082631973775e-06,—
lama,1,2.569082631973775e-06,—
indful,1,2.569082631973775e-06,—
averaging,1,2.569082631973775e-06,—
ubstack,1,2.569082631973775e-06,—
adrenaline,1,2.569082631973775e-06,—
horribly,1,2.569082631973775e-06,—
hate,1,2.569082631973775e-06,—
hitter,1,2.569082631973775e-06,—
apshots,1,2.569082631973775e-06,—
hoa,1,2.569082631973775e-06,—
abusing,1,2.569082631973775e-06,—
repelled,1,2.569082631973775e-06,—
lingers,1,2.569082631973775e-06,—
stopgap,1,2.569082631973775e-06,—
omitting,1,2.569082631973775e-06,—
hosing,1,2.569082631973775e-06,—
equesting,1,2.569082631973775e-06,—
oubt,1,2.569082631973775e-06,—
ownloads,1,2.569082631973775e-06,—
averages,1,2.569082631973775e-06,—
whopping,1,2.569082631973775e-06,—
reconstructs,1,2.569082631973775e-06,—
grieved,1,2.569082631973775e-06,—
ignoring,1,2.569082631973775e-06,—
flinch,1,2.569082631973775e-06,—
mutates,1,2.569082631973775e-06,—
ushing,1,2.569082631973775e-06,—
leftovers,1,2.569082631973775e-06,—
compacting,1,2.569082631973775e-06,—
reclaim,1,2.569082631973775e-06,—
deadbeef,1,2.569082631973775e-06,—
unindeer,1,2.569082631973775e-06,—
linger,1,2.569082631973775e-06,—
reindeed,1,2.569082631973775e-06,—
reimage,1,2.569082631973775e-06,—
glipmse,1,2.569082631973775e-06,—
reeecuting,1,2.569082631973775e-06,—
compactions,1,2.569082631973775e-06,—
disables,1,2.569082631973775e-06,—
retai,1,2.569082631973775e-06,—
bidirectional,1,2.569082631973775e-06,—
downloader,1,2.569082631973775e-06,—
fetcher,1,2.569082631973775e-06,—
deliveries,1,2.569082631973775e-06,—
peeks,1,2.569082631973775e-06,—
onsuming,1,2.569082631973775e-06,—
discontinuing,1,2.569082631973775e-06,—
stagnation,1,2.569082631973775e-06,—
accidents,1,2.569082631973775e-06,—
stranded,1,2.569082631973775e-06,—
scattering,1,2.569082631973775e-06,—
constructors,1,2.569082631973775e-06,—
dissection,1,2.569082631973775e-06,—
introspection,1,2.569082631973775e-06,—
nspect,1,2.569082631973775e-06,—
ompact,1,2.569082631973775e-06,—
etrieve,1,2.569082631973775e-06,—
rpcport,1,2.569082631973775e-06,—
rpccorsdomai,1,2.569082631973775e-06,—
corsdomai,1,2.569082631973775e-06,—
rpcvhosts,1,2.569082631973775e-06,—
vhosts,1,2.569082631973775e-06,—
hostnames,1,2.569082631973775e-06,—
rpcapi,1,2.569082631973775e-06,—
wsaddr,1,2.569082631973775e-06,—
wsport,1,2.569082631973775e-06,—
websockets,1,2.569082631973775e-06,—
wsapi,1,2.569082631973775e-06,—
gpoblocks,1,2.569082631973775e-06,—
gpopercentile,1,2.569082631973775e-06,—
ercentile,1,2.569082631973775e-06,—
pprofport,1,2.569082631973775e-06,—
pprofaddr,1,2.569082631973775e-06,—
quirky,1,2.569082631973775e-06,—
nosub,1,2.569082631973775e-06,—
nousb,1,2.569082631973775e-06,—
airly,1,2.569082631973775e-06,—
abrupt,1,2.569082631973775e-06,—
operatos,1,2.569082631973775e-06,—
misconfigured,1,2.569082631973775e-06,—
shutdow,1,2.569082631973775e-06,—
wdh,1,2.569082631973775e-06,—
apologize,1,2.569082631973775e-06,—
inconveniences,1,2.569082631973775e-06,—
persisting,1,2.569082631973775e-06,—
reenable,1,2.569082631973775e-06,—
honduras,1,2.569082631973775e-06,—
uñez,1,2.569082631973775e-06,—
rafts,1,2.569082631973775e-06,—
crafts,1,2.569082631973775e-06,—
animal,1,2.569082631973775e-06,—
roductio,1,2.569082631973775e-06,—
scar,1,2.569082631973775e-06,—
onseca,1,2.569082631973775e-06,—
odimiro,1,2.569082631973775e-06,—
errato,1,2.569082631973775e-06,—
spinal,1,2.569082631973775e-06,—
esteur,1,2.569082631973775e-06,—
aribe,1,2.569082631973775e-06,—
azo,1,2.569082631973775e-06,—
escrubiendo,1,2.569082631973775e-06,—
diplomas,1,2.569082631973775e-06,—
áez,1,2.569082631973775e-06,—
ram,1,2.569082631973775e-06,—
ufour,1,2.569082631973775e-06,—
allejo,1,2.569082631973775e-06,—
dwin,1,2.569082631973775e-06,—
alencia,1,2.569082631973775e-06,—
spinoza,1,2.569082631973775e-06,—
ocalrantsethereum,1,2.569082631973775e-06,—
availabe,1,2.569082631973775e-06,—
yped,1,2.569082631973775e-06,—
nvelope,1,2.569082631973775e-06,—
erder,1,2.569082631973775e-06,—
shying,1,2.569082631973775e-06,—
whirl,1,2.569082631973775e-06,—
nis,1,2.569082631973775e-06,—
ruffleon,1,2.569082631973775e-06,—
colleges,1,2.569082631973775e-06,—
selectors,1,2.569082631973775e-06,—
scaffold,1,2.569082631973775e-06,—
undan,1,2.569082631973775e-06,—
irebase,1,2.569082631973775e-06,—
fuctions,1,2.569082631973775e-06,—
iya,1,2.569082631973775e-06,—
ogin,1,2.569082631973775e-06,—
ickson,1,2.569082631973775e-06,—
reaffirming,1,2.569082631973775e-06,—
oco,1,2.569082631973775e-06,—
yerc,1,2.569082631973775e-06,—
mm,1,2.569082631973775e-06,—
overstated,1,2.569082631973775e-06,—
prereleases,1,2.569082631973775e-06,—
cleanups,1,2.569082631973775e-06,—
fort,1,2.569082631973775e-06,—
confidential,1,2.569082631973775e-06,—
overseen,1,2.569082631973775e-06,—
baselining,1,2.569082631973775e-06,—
alesforce,1,2.569082631973775e-06,—
appuite,1,2.569082631973775e-06,—
baselineproto,1,2.569082631973775e-06,—
trails,1,2.569082631973775e-06,—
ltralonk,1,2.569082631973775e-06,—
cryptocurtai,1,2.569082631973775e-06,—
aztecnetwork,1,2.569082631973775e-06,—
ztecrotocol,1,2.569082631973775e-06,—
rayonism,1,2.569082631973775e-06,—
advistory,1,2.569082631973775e-06,—
aibhav,1,2.569082631973775e-06,—
speccing,1,2.569082631973775e-06,—
evi,1,2.569082631973775e-06,—
eiie,1,2.569082631973775e-06,—
orey,1,2.569082631973775e-06,—
erome,1,2.569082631973775e-06,—
urrogeth,1,2.569082631973775e-06,—
arbitrum,1,2.569082631973775e-06,infrastructurel
surrogate,1,2.569082631973775e-06,—
oeff,1,2.569082631973775e-06,—
mods,1,2.569082631973775e-06,—
violation,1,2.569082631973775e-06,—
curatem,1,2.569082631973775e-06,—
ama,1,2.569082631973775e-06,—
audiofile,1,2.569082631973775e-06,—
lrfund,1,2.569082631973775e-06,—
ransparent,1,2.569082631973775e-06,—
clrfund,1,2.569082631973775e-06,—
localizatio,1,2.569082631973775e-06,—
healthier,1,2.569082631973775e-06,—
localisation,1,2.569082631973775e-06,—
nft,1,2.569082631973775e-06,defi_finance
evmcurves,1,2.569082631973775e-06,—
evmche,1,2.569082631973775e-06,—
synthetic,1,2.569082631973775e-06,—
pivoted,1,2.569082631973775e-06,—
fastssz,1,2.569082631973775e-06,—
verkleization,1,2.569082631973775e-06,—
upstreaming,1,2.569082631973775e-06,—
sideline,1,2.569082631973775e-06,—
tm,1,2.569082631973775e-06,—
wit,1,2.569082631973775e-06,—
arver,1,2.569082631973775e-06,—
atomo,1,2.569082631973775e-06,—
orkspace,1,2.569082631973775e-06,—
ustaceans,1,2.569082631973775e-06,—
djusting,1,2.569082631973775e-06,—
consumptions,1,2.569082631973775e-06,—
unbreak,1,2.569082631973775e-06,—
callers,1,2.569082631973775e-06,—
guesswork,1,2.569082631973775e-06,—
lossiness,1,2.569082631973775e-06,—
crasher,1,2.569082631973775e-06,—
olov,1,2.569082631973775e-06,—
unchecked,1,2.569082631973775e-06,—
abicoder,1,2.569082631973775e-06,—
natspec,1,2.569082631973775e-06,—
aching,1,2.569082631973775e-06,—
nclusive,1,2.569082631973775e-06,—
loser,1,2.569082631973775e-06,—
ocalization,1,2.569082631973775e-06,—
inference,1,2.569082631973775e-06,—
intensively,1,2.569082631973775e-06,—
implentations,1,2.569082631973775e-06,—
veterans,1,2.569082631973775e-06,—
therunk,1,2.569082631973775e-06,—
ethindiaco,1,2.569082631973775e-06,—
onor,1,2.569082631973775e-06,—
vensson,1,2.569082631973775e-06,—
greener,1,2.569082631973775e-06,—
men,1,2.569082631973775e-06,—
proverb,1,2.569082631973775e-06,—
outlives,1,2.569082631973775e-06,—
babies,1,2.569082631973775e-06,—
andhu,1,2.569082631973775e-06,—
ually,1,2.569082631973775e-06,—
unco,1,2.569082631973775e-06,—
infrastructures,1,2.569082631973775e-06,—
ongrats,1,2.569082631973775e-06,—
aira,1,2.569082631973775e-06,—
shikura,1,2.569082631973775e-06,—
erena,1,2.569082631973775e-06,—
procotol,1,2.569082631973775e-06,—
mpacting,1,2.569082631973775e-06,—
lever,1,2.569082631973775e-06,—
lapis,1,2.569082631973775e-06,—
averaged,1,2.569082631973775e-06,—
stimating,1,2.569082631973775e-06,—
infrustructure,1,2.569082631973775e-06,—
gross,1,2.569082631973775e-06,—
igiconomist,1,2.569082631973775e-06,—
gigawatt,1,2.569082631973775e-06,—
avg,1,2.569082631973775e-06,—
overtime,1,2.569082631973775e-06,—
dodging,1,2.569082631973775e-06,—
holst,1,2.569082631973775e-06,—
peter,1,2.569082631973775e-06,—
szilagyi,1,2.569082631973775e-06,—
roken,1,2.569082631973775e-06,—
etre,1,2.569082631973775e-06,—
atthias,1,2.569082631973775e-06,—
gli,1,2.569082631973775e-06,—
weaponized,1,2.569082631973775e-06,—
arkou,1,2.569082631973775e-06,—
blocktimes,1,2.569082631973775e-06,—
woes,1,2.569082631973775e-06,—
hade,1,2.569082631973775e-06,—
sorely,1,2.569082631973775e-06,—
itching,1,2.569082631973775e-06,—
unpaid,1,2.569082631973775e-06,—
unconditionally,1,2.569082631973775e-06,—
ying,1,2.569082631973775e-06,—
deteriorate,1,2.569082631973775e-06,—
bursts,1,2.569082631973775e-06,—
trumps,1,2.569082631973775e-06,—
zilagyi,1,2.569082631973775e-06,—
stranger,1,2.569082631973775e-06,—
piels,1,2.569082631973775e-06,—
lite,1,2.569082631973775e-06,—
anvas,1,2.569082631973775e-06,—
epositor,1,2.569082631973775e-06,—
raffles,1,2.569082631973775e-06,—
ahoot,1,2.569082631973775e-06,—
viewer,1,2.569082631973775e-06,—
nteady,1,2.569082631973775e-06,—
rotostellar,1,2.569082631973775e-06,—
octurne,1,2.569082631973775e-06,—
ozens,1,2.569082631973775e-06,—
relayers,1,2.569082631973775e-06,—
ustomizable,1,2.569082631973775e-06,—
opengs,1,2.569082631973775e-06,—
ksaitor,1,2.569082631973775e-06,—
argetlockasimit,1,2.569082631973775e-06,—
ignups,1,2.569082631973775e-06,—
evspace,1,2.569082631973775e-06,—
formational,1,2.569082631973775e-06,—
eacher,1,2.569082631973775e-06,—
opological,1,2.569082631973775e-06,—
amaga,1,2.569082631973775e-06,—
topological,1,2.569082631973775e-06,—
ansom,1,2.569082631973775e-06,—
eontfort,1,2.569082631973775e-06,—
illustrating,1,2.569082631973775e-06,—
hainuardia,1,2.569082631973775e-06,—
odeactory,1,2.569082631973775e-06,—
echberger,1,2.569082631973775e-06,—
fnd,1,2.569082631973775e-06,—
automoderator,1,2.569082631973775e-06,—
itivity,1,2.569082631973775e-06,—
denomination,1,2.569082631973775e-06,—
enablig,1,2.569082631973775e-06,—
minified,1,2.569082631973775e-06,—
detailling,1,2.569082631973775e-06,—
imovsk,1,2.569082631973775e-06,—
ntro,1,2.569082631973775e-06,—
iprimality,1,2.569082631973775e-06,—
detailled,1,2.569082631973775e-06,—
doubly,1,2.569082631973775e-06,—
maeeeras,1,2.569082631973775e-06,—
nommunity,1,2.569082631973775e-06,—
wandering,1,2.569082631973775e-06,—
forest,1,2.569082631973775e-06,—
kindred,1,2.569082631973775e-06,—
spirits,1,2.569082631973775e-06,—
telltale,1,2.569082631973775e-06,—
indefinable,1,2.569082631973775e-06,—
cryptocool,1,2.569082631973775e-06,—
halfway,1,2.569082631973775e-06,—
restrospective,1,2.569082631973775e-06,—
acuay,1,2.569082631973775e-06,—
utto,1,2.569082631973775e-06,—
composites,1,2.569082631973775e-06,—
ahn,1,2.569082631973775e-06,—
cotty,1,2.569082631973775e-06,—
rapup,1,2.569082631973775e-06,—
incidentals,1,2.569082631973775e-06,—
esta,1,2.569082631973775e-06,—
página,1,2.569082631973775e-06,—
español,1,2.569082631973775e-06,—
用中文阅读本页,1,2.569082631973775e-06,—
hemisphere,1,2.569082631973775e-06,—
lukassim,1,2.569082631973775e-06,—
copywriters,1,2.569082631973775e-06,—
minimalsm,1,2.569082631973775e-06,—
rebranded,1,2.569082631973775e-06,—
struction,1,2.569082631973775e-06,—
ourcemap,1,2.569082631973775e-06,—
mmett,1,2.569082631973775e-06,—
abriel,1,2.569082631973775e-06,—
aihain,1,2.569082631973775e-06,—
witnessing,1,2.569082631973775e-06,—
tau,1,2.569082631973775e-06,—
nire,1,2.569082631973775e-06,—
kovan,1,2.569082631973775e-06,—
cryptorelief,1,2.569082631973775e-06,—
refocused,1,2.569082631973775e-06,—
ptimisim,1,2.569082631973775e-06,—
validatio,1,2.569082631973775e-06,—
issuesqis,1,2.569082631973775e-06,—
concat,1,2.569082631973775e-06,—
conversions,1,2.569082631973775e-06,—
unreachable,1,2.569082631973775e-06,—
nteractions,1,2.569082631973775e-06,—
conditionals,1,2.569082631973775e-06,—
circuiting,1,2.569082631973775e-06,—
steadfast,1,2.569082631973775e-06,—
yntheti,1,2.569082631973775e-06,—
supplement,1,2.569082631973775e-06,—
eemplified,1,2.569082631973775e-06,—
lessen,1,2.569082631973775e-06,—
ringer,1,2.569082631973775e-06,—
uneventful,1,2.569082631973775e-06,—
noes,1,2.569082631973775e-06,—
fundemental,1,2.569082631973775e-06,—
ately,1,2.569082631973775e-06,—
warts,1,2.569082631973775e-06,—
ranha,1,2.569082631973775e-06,—
airings,1,2.569082631973775e-06,—
prophetic,1,2.569082631973775e-06,—
ashing,1,2.569082631973775e-06,—
plitting,1,2.569082631973775e-06,—
nverse,1,2.569082631973775e-06,—
dst,1,2.569082631973775e-06,—
augmentatio,1,2.569082631973775e-06,—
possessio,1,2.569082631973775e-06,—
peculiarity,1,2.569082631973775e-06,—
quoting,1,2.569082631973775e-06,—
modulus,1,2.569082631973775e-06,—
imaginary,1,2.569082631973775e-06,—
eserialization,1,2.569082631973775e-06,—
mismatches,1,2.569082631973775e-06,—
strumentation,1,2.569082631973775e-06,—
nltair,1,2.569082631973775e-06,—
cleans,1,2.569082631973775e-06,—
superceding,1,2.569082631973775e-06,—
luka,1,2.569082631973775e-06,—
kropec,1,2.569082631973775e-06,—
tripled,1,2.569082631973775e-06,—
navigatio,1,2.569082631973775e-06,—
translationsethereum,1,2.569082631973775e-06,—
ranslator,1,2.569082631973775e-06,—
recognitio,1,2.569082631973775e-06,—
playbook,1,2.569082631973775e-06,—
altair,1,2.569082631973775e-06,—
asterisk,1,2.569082631973775e-06,—
emoji,1,2.569082631973775e-06,—
twelfth,1,2.569082631973775e-06,—
rotates,1,2.569082631973775e-06,—
equatorial,1,2.569082631973775e-06,—
km,1,2.569082631973775e-06,—
orbidden,1,2.569082631973775e-06,—
amphora,1,2.569082631973775e-06,—
protoype,1,2.569082631973775e-06,—
refered,1,2.569082631973775e-06,—
epresentatives,1,2.569082631973775e-06,—
conforming,1,2.569082631973775e-06,—
emphemeral,1,2.569082631973775e-06,—
asting,1,2.569082631973775e-06,—
ithos,1,2.569082631973775e-06,—
dditionaly,1,2.569082631973775e-06,—
dgingto,1,2.569082631973775e-06,—
eriali,1,2.569082631973775e-06,—
erialization,1,2.569082631973775e-06,—
etendable,1,2.569082631973775e-06,—
ecosytem,1,2.569082631973775e-06,—
consolidates,1,2.569082631973775e-06,—
serializer,1,2.569082631973775e-06,—
lockcience,1,2.569082631973775e-06,—
spun,1,2.569082631973775e-06,—
rad,1,2.569082631973775e-06,—
ethmodel,1,2.569082631973775e-06,—
ensuing,1,2.569082631973775e-06,—
unmitigated,1,2.569082631973775e-06,—
ntuitively,1,2.569082631973775e-06,—
congruous,1,2.569082631973775e-06,—
oachim,1,2.569082631973775e-06,—
eu,1,2.569082631973775e-06,—
usret,1,2.569082631973775e-06,—
aş,1,2.569082631973775e-06,—
remedying,1,2.569082631973775e-06,—
influ,1,2.569082631973775e-06,—
playbacks,1,2.569082631973775e-06,—
serendipitous,1,2.569082631973775e-06,—
iscoverable,1,2.569082631973775e-06,—
asily,1,2.569082631973775e-06,—
biography,1,2.569082631973775e-06,—
deplatforming,1,2.569082631973775e-06,—
arson,1,2.569082631973775e-06,—
ietrich,1,2.569082631973775e-06,—
din,1,2.569082631973775e-06,—
laylists,1,2.569082631973775e-06,—
discerned,1,2.569082631973775e-06,—
mergence,1,2.569082631973775e-06,—
supplementary,1,2.569082631973775e-06,—
eung,1,2.569082631973775e-06,—
herese,1,2.569082631973775e-06,—
resalia,1,2.569082631973775e-06,—
umedha,1,2.569082631973775e-06,—
eshmukh,1,2.569082631973775e-06,—
libert,1,2.569082631973775e-06,—
ible,1,2.569082631973775e-06,—
urkhardt,1,2.569082631973775e-06,—
raphical,1,2.569082631973775e-06,—
ystematic,1,2.569082631973775e-06,—
ransformations,1,2.569082631973775e-06,—
concurrency,1,2.569082631973775e-06,—
chema,1,2.569082631973775e-06,—
otki,1,2.569082631973775e-06,—
classifying,1,2.569082631973775e-06,—
ymfoni,1,2.569082631973775e-06,—
ettler,1,2.569082631973775e-06,—
warded,1,2.569082631973775e-06,—
arrow,1,2.569082631973775e-06,—
lacir,1,2.569082631973775e-06,—
nomenclature,1,2.569082631973775e-06,—
retreating,1,2.569082631973775e-06,—
arshil,1,2.569082631973775e-06,—
udka,1,2.569082631973775e-06,—
constituents,1,2.569082631973775e-06,—
defending,1,2.569082631973775e-06,—
clique,1,2.569082631973775e-06,—
defuse,1,2.569082631973775e-06,—
mindedness,1,2.569082631973775e-06,—
doubts,1,2.569082631973775e-06,—
blew,1,2.569082631973775e-06,—
elecommunications,1,2.569082631973775e-06,—
nion,1,2.569082631973775e-06,—
unita,1,2.569082631973775e-06,—
enture,1,2.569082631973775e-06,—
hristina,1,2.569082631973775e-06,—
omazzo,1,2.569082631973775e-06,—
ydary,1,2.569082631973775e-06,—
ecilia,1,2.569082631973775e-06,—
hapiro,1,2.569082631973775e-06,—
evolutio,1,2.569082631973775e-06,—
superseding,1,2.569082631973775e-06,—
contai,1,2.569082631973775e-06,—
mmer,1,2.569082631973775e-06,—
onstant,1,2.569082631973775e-06,—
omment,1,2.569082631973775e-06,—
dccdedecdaabbbccdadbafafdd,1,2.569082631973775e-06,—
pseudorandomness,1,2.569082631973775e-06,—
elatedly,1,2.569082631973775e-06,—
biasable,1,2.569082631973775e-06,—
ecutionayload,1,2.569082631973775e-06,—
attested,1,2.569082631973775e-06,—
tremely,1,2.569082631973775e-06,—
alinin,1,2.569082631973775e-06,—
guillaume,1,2.569082631973775e-06,—
ballet,1,2.569082631973775e-06,—
dankrad,1,2.569082631973775e-06,—
feist,1,2.569082631973775e-06,—
rgumentss,1,2.569082631973775e-06,—
andersnatch,1,2.569082631973775e-06,—
bandersnatch,1,2.569082631973775e-06,—
overflows,1,2.569082631973775e-06,—
suffies,1,2.569082631973775e-06,—
feabcd,1,2.569082631973775e-06,—
abcd,1,2.569082631973775e-06,—
nternal,1,2.569082631973775e-06,—
subtrees,1,2.569082631973775e-06,—
sertion,1,2.569082631973775e-06,—
collide,1,2.569082631973775e-06,—
hallower,1,2.569082631973775e-06,—
kenya,1,2.569082631973775e-06,—
benson,1,2.569082631973775e-06,—
wning,1,2.569082631973775e-06,—
characterize,1,2.569082631973775e-06,—
mallholder,1,2.569082631973775e-06,—
drought,1,2.569082631973775e-06,—
spiraling,1,2.569082631973775e-06,—
oadblocks,1,2.569082631973775e-06,—
usinesses,1,2.569082631973775e-06,—
preconception,1,2.569082631973775e-06,—
unaccustomed,1,2.569082631973775e-06,—
cro,1,2.569082631973775e-06,—
erco,1,2.569082631973775e-06,—
sres,1,2.569082631973775e-06,—
fertilizers,1,2.569082631973775e-06,—
premiums,1,2.569082631973775e-06,—
mbu,1,2.569082631973775e-06,—
supplier,1,2.569082631973775e-06,—
planting,1,2.569082631973775e-06,—
triangulation,1,2.569082631973775e-06,—
germination,1,2.569082631973775e-06,—
vegetation,1,2.569082631973775e-06,—
flowering,1,2.569082631973775e-06,—
maize,1,2.569082631973775e-06,—
anzania,1,2.569082631973775e-06,—
ayouts,1,2.569082631973775e-06,—
regulator,1,2.569082631973775e-06,—
customised,1,2.569082631973775e-06,—
revitalize,1,2.569082631973775e-06,—
cooped,1,2.569082631973775e-06,—
eeccctttttt,1,2.569082631973775e-06,—
alphabetically,1,2.569082631973775e-06,—
transactionm,1,2.569082631973775e-06,—
onfiguratio,1,2.569082631973775e-06,—
incentivizatio,1,2.569082631973775e-06,—
consultation,1,2.569082631973775e-06,—
pubkeys,1,2.569082631973775e-06,—
transfered,1,2.569082631973775e-06,—
verbally,1,2.569082631973775e-06,—
pgp,1,2.569082631973775e-06,—
reformulate,1,2.569082631973775e-06,—
robatio,1,2.569082631973775e-06,—
negligent,1,2.569082631973775e-06,—
ependencies,1,2.569082631973775e-06,—
decorrelated,1,2.569082631973775e-06,—
rerequisites,1,2.569082631973775e-06,—
restructure,1,2.569082631973775e-06,—
eparate,1,2.569082631973775e-06,—
ceasing,1,2.569082631973775e-06,—
kintsugi,1,2.569082631973775e-06,—
testingthemerge,1,2.569082631973775e-06,—
sofware,1,2.569082631973775e-06,—
interops,1,2.569082631973775e-06,—
enaming,1,2.569082631973775e-06,—
fabulous,1,2.569082631973775e-06,—
psilo,1,2.569082631973775e-06,—
codifies,1,2.569082631973775e-06,—
thresear,1,2.569082631973775e-06,—
eird,1,2.569082631973775e-06,—
fmr,1,2.569082631973775e-06,—
rrowlacier,1,2.569082631973775e-06,—
mpower,1,2.569082631973775e-06,—
ubgraph,1,2.569082631973775e-06,—
whistleblowing,1,2.569082631973775e-06,—
semaphore,1,2.569082631973775e-06,—
productionalizing,1,2.569082631973775e-06,—
nterrep,1,2.569082631973775e-06,—
unscrewed,1,2.569082631973775e-06,—
rewiring,1,2.569082631973775e-06,—
dialing,1,2.569082631973775e-06,—
jammed,1,2.569082631973775e-06,—
maed,1,2.569082631973775e-06,—
oceanic,1,2.569082631973775e-06,—
reinforcement,1,2.569082631973775e-06,—
oneymoon,1,2.569082631973775e-06,—
onth,1,2.569082631973775e-06,—
nake,1,2.569082631973775e-06,—
squashing,1,2.569082631973775e-06,—
arlite,1,2.569082631973775e-06,—
ade,1,2.569082631973775e-06,—
ridium,1,2.569082631973775e-06,—
aonite,1,2.569082631973775e-06,—
alsa,1,2.569082631973775e-06,—
alaite,1,2.569082631973775e-06,—
eldspar,1,2.569082631973775e-06,—
mmutables,1,2.569082631973775e-06,—
efined,1,2.569082631973775e-06,—
parsers,1,2.569082631973775e-06,—
ternary,1,2.569082631973775e-06,—
terminologies,1,2.569082631973775e-06,—
revival,1,2.569082631973775e-06,—
hortly,1,2.569082631973775e-06,—
ental,1,2.569082631973775e-06,—
broadest,1,2.569082631973775e-06,—
cam,1,2.569082631973775e-06,—
preventio,1,2.569082631973775e-06,—
dividual,1,2.569082631973775e-06,—
rebrand,1,2.569082631973775e-06,—
nderstandably,1,2.569082631973775e-06,—
ookit,1,2.569082631973775e-06,—
integratable,1,2.569082631973775e-06,—
proliferated,1,2.569082631973775e-06,—
researches,1,2.569082631973775e-06,—
toggle,1,2.569082631973775e-06,—
concisely,1,2.569082631973775e-06,—
anaylsis,1,2.569082631973775e-06,—
beatcom,1,2.569082631973775e-06,—
bubbling,1,2.569082631973775e-06,—
gineers,1,2.569082631973775e-06,—
harmoniously,1,2.569082631973775e-06,—
budged,1,2.569082631973775e-06,—
makeup,1,2.569082631973775e-06,—
amsterdam,1,2.569082631973775e-06,—
volving,1,2.569082631973775e-06,—
mmerse,1,2.569082631973775e-06,—
hainhot,1,2.569082631973775e-06,—
perienced,1,2.569082631973775e-06,—
sorce,1,2.569082631973775e-06,—
uildpace,1,2.569082631973775e-06,—
manifesting,1,2.569082631973775e-06,—
solarpunk,1,2.569082631973775e-06,—
lore,1,2.569082631973775e-06,—
onquest,1,2.569082631973775e-06,—
acilitate,1,2.569082631973775e-06,—
ela,1,2.569082631973775e-06,—
omfy,1,2.569082631973775e-06,—
ergize,1,2.569082631973775e-06,—
multicultural,1,2.569082631973775e-06,—
eorgia,1,2.569082631973775e-06,—
urin,1,2.569082631973775e-06,—
uri,1,2.569082631973775e-06,—
orino,1,2.569082631973775e-06,—
ison,1,2.569082631973775e-06,—
isbon,1,2.569082631973775e-06,—
centives,1,2.569082631973775e-06,—
aggregatability,1,2.569082631973775e-06,—
ylon,1,2.569082631973775e-06,—
ogev,1,2.569082631973775e-06,—
comprehensiveness,1,2.569082631973775e-06,—
dethcrypto,1,2.569082631973775e-06,—
deth,1,2.569082631973775e-06,—
ypehai,1,2.569082631973775e-06,—
igille,1,2.569082631973775e-06,—
enezes,1,2.569082631973775e-06,—
iago,1,2.569082631973775e-06,—
ampos,1,2.569082631973775e-06,—
cgooha,1,2.569082631973775e-06,—
arun,1,2.569082631973775e-06,—
achdeva,1,2.569082631973775e-06,—
ohamed,1,2.569082631973775e-06,—
ansour,1,2.569082631973775e-06,—
offee,1,2.569082631973775e-06,—
egion,1,2.569082631973775e-06,—
ickstarting,1,2.569082631973775e-06,—
uba,1,2.569082631973775e-06,—
demonstrations,1,2.569082631973775e-06,—
ybernetics,1,2.569082631973775e-06,—
curatio,1,2.569082631973775e-06,—
lectric,1,2.569082631973775e-06,—
aci,1,2.569082631973775e-06,—
ertora,1,2.569082631973775e-06,—
peneppelin,1,2.569082631973775e-06,—
yoda,1,2.569082631973775e-06,—
ptimized,1,2.569082631973775e-06,—
appraisal,1,2.569082631973775e-06,—
onfidential,1,2.569082631973775e-06,—
zkonfidential,1,2.569082631973775e-06,—
tallies,1,2.569082631973775e-06,—
runoff,1,2.569082631973775e-06,—
ranked,1,2.569082631973775e-06,—
eona,1,2.569082631973775e-06,—
ioki,1,2.569082631973775e-06,—
rtwork,1,2.569082631973775e-06,—
aihei,1,2.569082631973775e-06,—
contemporary,1,2.569082631973775e-06,—
gallerists,1,2.569082631973775e-06,—
collectors,1,2.569082631973775e-06,—
evices,1,2.569082631973775e-06,—
mothers,1,2.569082631973775e-06,—
flywheel,1,2.569082631973775e-06,—
rearchitecting,1,2.569082631973775e-06,—
systematic,1,2.569082631973775e-06,—
catalogues,1,2.569082631973775e-06,—
receipient,1,2.569082631973775e-06,—
familiarise,1,2.569082631973775e-06,—
tithesis,1,2.569082631973775e-06,—
cans,1,2.569082631973775e-06,—
semgrep,1,2.569082631973775e-06,—
rrorrone,1,2.569082631973775e-06,—
surfaces,1,2.569082631973775e-06,—
arser,1,2.569082631973775e-06,—
environmets,1,2.569082631973775e-06,—
segregation,1,2.569082631973775e-06,—
nfrastucture,1,2.569082631973775e-06,—
anomaly,1,2.569082631973775e-06,—
focuse,1,2.569082631973775e-06,—
misinformation,1,2.569082631973775e-06,—
scenrios,1,2.569082631973775e-06,—
cident,1,2.569082631973775e-06,—
lue,1,2.569082631973775e-06,—
usd,1,2.569082631973775e-06,—
nifying,1,2.569082631973775e-06,—
vu,1,2.569082631973775e-06,—
sco,1,2.569082631973775e-06,—
df,1,2.569082631973775e-06,—
sosco,1,2.569082631973775e-06,—
hm,1,2.569082631973775e-06,—
epositories,1,2.569082631973775e-06,—
iberal,1,2.569082631973775e-06,—
adicalism,1,2.569082631973775e-06,—
citingly,1,2.569082631973775e-06,—
valu,1,2.569082631973775e-06,—
amping,1,2.569082631973775e-06,—
ecapping,1,2.569082631973775e-06,—
walkability,1,2.569082631973775e-06,—
olhuistuin,1,2.569082631973775e-06,—
otel,1,2.569082631973775e-06,—
rasnapolsky,1,2.569082631973775e-06,—
biked,1,2.569082631973775e-06,—
ferry,1,2.569082631973775e-06,—
sunshine,1,2.569082631973775e-06,—
tulips,1,2.569082631973775e-06,—
tream,1,2.569082631973775e-06,—
nopsten,1,2.569082631973775e-06,—
longstanding,1,2.569082631973775e-06,—
harblu,1,2.569082631973775e-06,—
eriodic,1,2.569082631973775e-06,—
ethnimbus,1,2.569082631973775e-06,—
troublesome,1,2.569082631973775e-06,—
gyp,1,2.569082631973775e-06,—
relieved,1,2.569082631973775e-06,—
hokidar,1,2.569082631973775e-06,—
subjecting,1,2.569082631973775e-06,—
boosts,1,2.569082631973775e-06,—
irectory,1,2.569082631973775e-06,—
uncached,1,2.569082631973775e-06,—
ttd,1,2.569082631973775e-06,—
yaml,1,2.569082631973775e-06,—
amigos,1,2.569082631973775e-06,—
dreamed,1,2.569082631973775e-06,—
dmissio,1,2.569082631973775e-06,—
econdary,1,2.569082631973775e-06,—
equired,1,2.569082631973775e-06,—
profoundly,1,2.569082631973775e-06,—
inquire,1,2.569082631973775e-06,—
ocatio,1,2.569082631973775e-06,—
weighed,1,2.569082631973775e-06,—
flavours,1,2.569082631973775e-06,—
latam,1,2.569082631973775e-06,—
govtech,1,2.569082631973775e-06,—
chuy,1,2.569082631973775e-06,—
cepeda,1,2.569082631973775e-06,—
onterrey,1,2.569082631973775e-06,—
husband,1,2.569082631973775e-06,—
lover,1,2.569082631973775e-06,—
hitchhiker,1,2.569082631973775e-06,—
eicans,1,2.569082631973775e-06,—
erception,1,2.569082631973775e-06,—
agility,1,2.569082631973775e-06,—
erodes,1,2.569082631973775e-06,—
digitize,1,2.569082631973775e-06,—
ureaucracy,1,2.569082631973775e-06,—
stonian,1,2.569082631973775e-06,—
resides,1,2.569082631973775e-06,—
printers,1,2.569082631973775e-06,—
stuffy,1,2.569082631973775e-06,—
cabinets,1,2.569082631973775e-06,—
stamped,1,2.569082631973775e-06,—
trapped,1,2.569082631973775e-06,—
snowball,1,2.569082631973775e-06,—
distress,1,2.569082631973775e-06,—
bureaucratized,1,2.569082631973775e-06,—
painless,1,2.569082631973775e-06,—
inspector,1,2.569082631973775e-06,—
inertial,1,2.569082631973775e-06,—
prosperous,1,2.569082631973775e-06,—
suppliers,1,2.569082631973775e-06,—
amaron,1,2.569082631973775e-06,—
almer,1,2.569082631973775e-06,—
entertainers,1,2.569082631973775e-06,—
wiring,1,2.569082631973775e-06,—
oundup,1,2.569082631973775e-06,—
campaig,1,2.569082631973775e-06,—
conceptualizing,1,2.569082631973775e-06,—
neminder,1,2.569082631973775e-06,—
npla,1,2.569082631973775e-06,—
sunsetted,1,2.569082631973775e-06,—
hutdown,1,2.569082631973775e-06,—
nhree,1,2.569082631973775e-06,—
settles,1,2.569082631973775e-06,—
rgent,1,2.569082631973775e-06,—
fret,1,2.569082631973775e-06,—
nmigos,1,2.569082631973775e-06,—
amigas,1,2.569082631973775e-06,—
timezone,1,2.569082631973775e-06,—
alarms,1,2.569082631973775e-06,—
sparkles,1,2.569082631973775e-06,—
suspense,1,2.569082631973775e-06,—
thlobal,1,2.569082631973775e-06,—
eturns,1,2.569082631973775e-06,—
trigerred,1,2.569082631973775e-06,—
eardude,1,2.569082631973775e-06,—
lockberg,1,2.569082631973775e-06,—
nfluence,1,2.569082631973775e-06,—
gmb,1,2.569082631973775e-06,—
interrelate,1,2.569082631973775e-06,—
penea,1,2.569082631973775e-06,—
icroeconomic,1,2.569082631973775e-06,—
attributing,1,2.569082631973775e-06,—
achma,1,2.569082631973775e-06,—
onders,1,2.569082631973775e-06,—
ognitio,1,2.569082631973775e-06,—
coalitional,1,2.569082631973775e-06,—
unobtrusive,1,2.569082631973775e-06,—
illis,1,2.569082631973775e-06,—
ingyan,1,2.569082631973775e-06,—
dependable,1,2.569082631973775e-06,—
shield,1,2.569082631973775e-06,—
obstruct,1,2.569082631973775e-06,—
outperforms,1,2.569082631973775e-06,—
liquidations,1,2.569082631973775e-06,—
empirically,1,2.569082631973775e-06,—
anesa,1,2.569082631973775e-06,—
sequencing,1,2.569082631973775e-06,—
econometric,1,2.569082631973775e-06,—
mra,1,2.569082631973775e-06,—
checkable,1,2.569082631973775e-06,—
acquisition,1,2.569082631973775e-06,—
ubject,1,2.569082631973775e-06,—
onstitutional,1,2.569082631973775e-06,—
iyuan,1,2.569082631973775e-06,—
onghai,1,2.569082631973775e-06,—
winburne,1,2.569082631973775e-06,—
catalyzing,1,2.569082631973775e-06,—
upgrded,1,2.569082631973775e-06,—
upcomming,1,2.569082631973775e-06,—
dilligently,1,2.569082631973775e-06,—
reassessed,1,2.569082631973775e-06,—
stimates,1,2.569082631973775e-06,—
themerge,1,2.569082631973775e-06,—
rep,1,2.569082631973775e-06,—
custodied,1,2.569082631973775e-06,—
additonal,1,2.569082631973775e-06,—
loooong,1,2.569082631973775e-06,—
indeable,1,2.569082631973775e-06,—
ternationalization,1,2.569082631973775e-06,—
ml,1,2.569082631973775e-06,—
ekyll,1,2.569082631973775e-06,—
keyboard,1,2.569082631973775e-06,—
esearched,1,2.569082631973775e-06,—
caring,1,2.569082631973775e-06,—
locksplit,1,2.569082631973775e-06,—
etagovernance,1,2.569082631973775e-06,—
ootcamps,1,2.569082631973775e-06,—
ducators,1,2.569082631973775e-06,—
nvironmental,1,2.569082631973775e-06,—
eya,1,2.569082631973775e-06,—
aralelni,1,2.569082631973775e-06,—
careers,1,2.569082631973775e-06,—
acobo,1,2.569082631973775e-06,—
lando,1,2.569082631973775e-06,—
uti,1,2.569082631973775e-06,—
onghyun,1,2.569082631973775e-06,—
eohee,1,2.569082631973775e-06,—
uadrating,1,2.569082631973775e-06,—
asi,1,2.569082631973775e-06,—
ofche,1,2.569082631973775e-06,—
sinui,1,2.569082631973775e-06,—
webserver,1,2.569082631973775e-06,—
ilip,1,2.569082631973775e-06,—
azovic,1,2.569082631973775e-06,—
alden,1,2.569082631973775e-06,—
proying,1,2.569082631973775e-06,—
pruce,1,2.569082631973775e-06,—
stimation,1,2.569082631973775e-06,—
ynamical,1,2.569082631973775e-06,—
enri,1,2.569082631973775e-06,—
epressly,1,2.569082631973775e-06,—
procuring,1,2.569082631973775e-06,—
akland,1,2.569082631973775e-06,—
ryptist,1,2.569082631973775e-06,—
elé,1,2.569082631973775e-06,—
rca,1,2.569082631973775e-06,—
residential,1,2.569082631973775e-06,—
eetaipei,1,2.569082631973775e-06,—
latzi,1,2.569082631973775e-06,—
itimes,1,2.569082631973775e-06,—
orshtat,1,2.569082631973775e-06,—
hahaf,1,2.569082631973775e-06,—
acso,1,2.569082631973775e-06,—
ror,1,2.569082631973775e-06,—
irosh,1,2.569082631973775e-06,—
ntry,1,2.569082631973775e-06,—
battleship,1,2.569082631973775e-06,—
ettelkasten,1,2.569082631973775e-06,—
onzalo,1,2.569082631973775e-06,—
unilla,1,2.569082631973775e-06,—
arrido,1,2.569082631973775e-06,—
ttersca,1,2.569082631973775e-06,—
ccuracy,1,2.569082631973775e-06,—
classifications,1,2.569082631973775e-06,—
detections,1,2.569082631973775e-06,—
ombination,1,2.569082631973775e-06,—
auncher,1,2.569082631973775e-06,—
olidie,1,2.569082631973775e-06,—
halmers,1,2.569082631973775e-06,—
uruprasad,1,2.569082631973775e-06,—
amath,1,2.569082631973775e-06,—
prioritizes,1,2.569082631973775e-06,—
arewell,1,2.569082631973775e-06,—
ookmark,1,2.569082631973775e-06,—
rriving,1,2.569082631973775e-06,—
accination,1,2.569082631973775e-06,—
embassy,1,2.569082631973775e-06,—
airline,1,2.569082631973775e-06,—
tering,1,2.569082631973775e-06,—
riceline,1,2.569082631973775e-06,—
igración,1,2.569082631973775e-06,—
dar,1,2.569082631973775e-06,—
thieves,1,2.569082631973775e-06,—
flashy,1,2.569082631973775e-06,—
plated,1,2.569082631973775e-06,—
valuables,1,2.569082631973775e-06,—
plates,1,2.569082631973775e-06,—
ip,1,2.569082631973775e-06,—
altitude,1,2.569082631973775e-06,—
hovers,1,2.569082631973775e-06,—
jackets,1,2.569082631973775e-06,—
raincoats,1,2.569082631973775e-06,—
hapinero,1,2.569082631973775e-06,—
arkway,1,2.569082631973775e-06,—
oledad,1,2.569082631973775e-06,—
iscorddiscord,1,2.569082631973775e-06,—
lectricity,1,2.569082631973775e-06,—
ict,1,2.569082631973775e-06,—
cabify,1,2.569082631973775e-06,—
bers,1,2.569082631973775e-06,—
safest,1,2.569082631973775e-06,—
rrivals,1,2.569082631973775e-06,—
logistics,1,2.569082631973775e-06,—
clothing,1,2.569082631973775e-06,—
arpa,1,2.569082631973775e-06,—
méricas,1,2.569082631973775e-06,—
ágora,1,2.569082631973775e-06,—
weatshirts,1,2.569082631973775e-06,—
ards,1,2.569082631973775e-06,—
respectful,1,2.569082631973775e-06,—
evconogota,1,2.569082631973775e-06,—
runafullnode,1,2.569082631973775e-06,—
parked,1,2.569082631973775e-06,—
jamming,1,2.569082631973775e-06,—
ituals,1,2.569082631973775e-06,—
shamanism,1,2.569082631973775e-06,—
mystery,1,2.569082631973775e-06,—
evoked,1,2.569082631973775e-06,—
oding,1,2.569082631973775e-06,—
atinamerica,1,2.569082631973775e-06,—
cosmos,1,2.569082631973775e-06,—
performances,1,2.569082631973775e-06,—
asement,1,2.569082631973775e-06,—
beats,1,2.569082631973775e-06,—
reservable,1,2.569082631973775e-06,—
ushering,1,2.569082631973775e-06,—
roum,1,2.569082631973775e-06,—
een,1,2.569082631973775e-06,—
undreds,1,2.569082631973775e-06,—
örl,1,2.569082631973775e-06,—
zds,1,2.569082631973775e-06,—
arbon,1,2.569082631973775e-06,—
ffsetting,1,2.569082631973775e-06,—
limate,1,2.569082631973775e-06,—
dioide,1,2.569082631973775e-06,—
emission,1,2.569082631973775e-06,—
digneous,1,2.569082631973775e-06,—
eservation,1,2.569082631973775e-06,—
atavén,1,2.569082631973775e-06,—
ryptomurals,1,2.569082631973775e-06,—
oinud,1,2.569082631973775e-06,—
cryptomurals,1,2.569082631973775e-06,—
raffiti,1,2.569082631973775e-06,—
inting,1,2.569082631973775e-06,—
souvenir,1,2.569082631973775e-06,—
gluten,1,2.569082631973775e-06,—
sadly,1,2.569082631973775e-06,—
dietary,1,2.569082631973775e-06,—
bogota,1,2.569082631973775e-06,—
vaccinations,1,2.569082631973775e-06,—
warmer,1,2.569082631973775e-06,—
touristic,1,2.569082631973775e-06,—
neighbor,1,2.569082631973775e-06,—
ecuse,1,2.569082631973775e-06,—
edelli,1,2.569082631973775e-06,—
tropical,1,2.569082631973775e-06,—
anamanian,1,2.569082631973775e-06,—
surf,1,2.569082631973775e-06,—
adventurous,1,2.569082631973775e-06,—
emergencydevcon,1,2.569082631973775e-06,—
attlezips,1,2.569082631973775e-06,—
uidluild,1,2.569082631973775e-06,—
thereumnrm,1,2.569082631973775e-06,—
elated,1,2.569082631973775e-06,—
martcontract,1,2.569082631973775e-06,—
ashkey,1,2.569082631973775e-06,—
adicle,1,2.569082631973775e-06,—
pshot,1,2.569082631973775e-06,—
lpha,1,2.569082631973775e-06,—
artesi,1,2.569082631973775e-06,—
vmos,1,2.569082631973775e-06,—
enbushi,1,2.569082631973775e-06,—
ireeyes,1,2.569082631973775e-06,—
etis,1,2.569082631973775e-06,—
okt,1,2.569082631973775e-06,—
pacemesh,1,2.569082631973775e-06,—
rapesys,1,2.569082631973775e-06,—
bloud,1,2.569082631973775e-06,—
ratitude,1,2.569082631973775e-06,—
ogotà,1,2.569082631973775e-06,—
nhings,1,2.569082631973775e-06,—
skeptics,1,2.569082631973775e-06,—
equitably,1,2.569082631973775e-06,—
ntroductions,1,2.569082631973775e-06,—
hattacharya,1,2.569082631973775e-06,—
harvest,1,2.569082631973775e-06,—
overseeing,1,2.569082631973775e-06,—
uerra,1,2.569082631973775e-06,—
loi,1,2.569082631973775e-06,—
tandas,1,2.569082631973775e-06,—
cundinas,1,2.569082631973775e-06,—
susu,1,2.569082631973775e-06,—
hui,1,2.569082631973775e-06,—
arisan,1,2.569082631973775e-06,—
quiniela,1,2.569082631973775e-06,—
stokvel,1,2.569082631973775e-06,—
unbanked,1,2.569082631973775e-06,—
loin,1,2.569082631973775e-06,—
oko,1,2.569082631973775e-06,—
entrepreneurial,1,2.569082631973775e-06,—
visionary,1,2.569082631973775e-06,—
culturally,1,2.569082631973775e-06,—
understandings,1,2.569082631973775e-06,—
lburez,1,2.569082631973775e-06,—
uatemalan,1,2.569082631973775e-06,—
accelerator,1,2.569082631973775e-06,—
ntrepreneur,1,2.569082631973775e-06,—
marginalized,1,2.569082631973775e-06,—
technologist,1,2.569082631973775e-06,—
slands,1,2.569082631973775e-06,—
tanackovic,1,2.569082631973775e-06,—
digitalising,1,2.569082631973775e-06,—
crossover,1,2.569082631973775e-06,—
unwritten,1,2.569082631973775e-06,—
asmi,1,2.569082631973775e-06,—
biochemist,1,2.569082631973775e-06,—
iro,1,2.569082631973775e-06,—
techie,1,2.569082631973775e-06,—
empest,1,2.569082631973775e-06,—
terviews,1,2.569082631973775e-06,—
nya,1,2.569082631973775e-06,—
aso,1,2.569082631973775e-06,—
reminisce,1,2.569082631973775e-06,—
livestreams,1,2.569082631973775e-06,—
cacao,1,2.569082631973775e-06,—
mask,1,2.569082631973775e-06,—
decentralizatio,1,2.569082631973775e-06,—
llegedly,1,2.569082631973775e-06,—
plushie,1,2.569082631973775e-06,—
urt,1,2.569082631973775e-06,—
psahl,1,2.569082631973775e-06,—
ancini,1,2.569082631973775e-06,—
rdering,1,2.569082631973775e-06,—
anted,1,2.569082631973775e-06,—
equencers,1,2.569082631973775e-06,—
fraid,1,2.569082631973775e-06,—
offsetter,1,2.569082631973775e-06,—
iscarbo,1,2.569082631973775e-06,—
oters,1,2.569082631973775e-06,—
zul,1,2.569082631973775e-06,—
erú,1,2.569082631973775e-06,—
owerful,1,2.569082631973775e-06,—
ukarkin,1,2.569082631973775e-06,—
layfulness,1,2.569082631973775e-06,—
animated,1,2.569082631973775e-06,—
panda,1,2.569082631973775e-06,—
adult,1,2.569082631973775e-06,—
enga,1,2.569082631973775e-06,—
hells,1,2.569082631973775e-06,—
osendo,1,2.569082631973775e-06,—
erel,1,2.569082631973775e-06,—
hoy,1,2.569082631973775e-06,—
hillout,1,2.569082631973775e-06,—
usicians,1,2.569082631973775e-06,—
istrtion,1,2.569082631973775e-06,—
daedalus,1,2.569082631973775e-06,—
puzzled,1,2.569082631973775e-06,—
emale,1,2.569082631973775e-06,—
ransgender,1,2.569082631973775e-06,—
genders,1,2.569082631973775e-06,—
male,1,2.569082631973775e-06,—
phrasing,1,2.569082631973775e-06,—
icael,1,2.569082631973775e-06,—
idell,1,2.569082631973775e-06,—
combing,1,2.569082631973775e-06,—
elays,1,2.569082631973775e-06,—
ltrasound,1,2.569082631973775e-06,—
ultrasound,1,2.569082631973775e-06,—
fmrmf,1,2.569082631973775e-06,—
onverging,1,2.569082631973775e-06,—
irubakumaresh,1,2.569082631973775e-06,—
ajendran,1,2.569082631973775e-06,—
thooker,1,2.569082631973775e-06,—
nified,1,2.569082631973775e-06,—
petclippy,1,2.569082631973775e-06,—
dams,1,2.569082631973775e-06,—
igalabs,1,2.569082631973775e-06,—
rices,1,2.569082631973775e-06,—
productionizing,1,2.569082631973775e-06,—
rowdsourcing,1,2.569082631973775e-06,—
esponsible,1,2.569082631973775e-06,—
ypher,1,2.569082631973775e-06,—
junior,1,2.569082631973775e-06,—
enezuelans,1,2.569082631973775e-06,—
rogra,1,2.569082631973775e-06,—
olds,1,2.569082631973775e-06,—
nglia,1,2.569082631973775e-06,—
thanama,1,2.569082631973775e-06,—
ilifi,1,2.569082631973775e-06,—
rasil,1,2.569082631973775e-06,—
ettep,1,2.569082631973775e-06,—
acklpha,1,2.569082631973775e-06,—
aged,1,2.569082631973775e-06,—
ateway,1,2.569082631973775e-06,—
fm,1,2.569082631973775e-06,—
lmansa,1,2.569082631973775e-06,—
essica,1,2.569082631973775e-06,—
opp,1,2.569082631973775e-06,—
uffy,1,2.569082631973775e-06,—
lockdemy,1,2.569082631973775e-06,—
waived,1,2.569082631973775e-06,—
webbeach,1,2.569082631973775e-06,—
tila,1,2.569082631973775e-06,—
ntioquia,1,2.569082631973775e-06,—
socioeconomic,1,2.569082631973775e-06,—
fulfil,1,2.569082631973775e-06,—
roperties,1,2.569082631973775e-06,—
ohoon,1,2.569082631973775e-06,—
oowon,1,2.569082631973775e-06,—
adgets,1,2.569082631973775e-06,—
özgür,1,2.569082631973775e-06,—
rmanc,1,2.569082631973775e-06,—
igit,1,2.569082631973775e-06,—
oreu,1,2.569082631973775e-06,—
omantas,1,2.569082631973775e-06,—
elaitis,1,2.569082631973775e-06,—
iragaya,1,2.569082631973775e-06,—
ogundas,1,2.569082631973775e-06,—
rmaitis,1,2.569082631973775e-06,—
atas,1,2.569082631973775e-06,—
ovilauskas,1,2.569082631973775e-06,—
rigorev,1,2.569082631973775e-06,—
etr,1,2.569082631973775e-06,—
orolev,1,2.569082631973775e-06,—
oolchain,1,2.569082631973775e-06,—
decompiling,1,2.569082631973775e-06,—
reimagining,1,2.569082631973775e-06,—
heasant,1,2.569082631973775e-06,—
favors,1,2.569082631973775e-06,—
ique,1,2.569082631973775e-06,—
urprise,1,2.569082631973775e-06,—
iqueness,1,2.569082631973775e-06,—
uality,1,2.569082631973775e-06,—
larity,1,2.569082631973775e-06,—
conciseness,1,2.569082631973775e-06,—
wizards,1,2.569082631973775e-06,—
aggregations,1,2.569082631973775e-06,—
otable,1,2.569082631973775e-06,—
raits,1,2.569082631973775e-06,—
ums,1,2.569082631973775e-06,—
mut,1,2.569082631973775e-06,—
vuvoth,1,2.569082631973775e-06,—
plotchy,1,2.569082631973775e-06,—
eceived,1,2.569082631973775e-06,—
decompiles,1,2.569082631973775e-06,—
ldarica,1,2.569082631973775e-06,—
olyolver,1,2.569082631973775e-06,—
tad,1,2.569082631973775e-06,—
ticks,1,2.569082631973775e-06,—
murdered,1,2.569082631973775e-06,—
babysit,1,2.569082631973775e-06,—
indefinite,1,2.569082631973775e-06,—
essie,1,2.569082631973775e-06,—
downs,1,2.569082631973775e-06,—
uryandaru,1,2.569082631973775e-06,—
riandana,1,2.569082631973775e-06,—
unfied,1,2.569082631973775e-06,—
adger,1,2.569082631973775e-06,—
ostgres,1,2.569082631973775e-06,—
memo,1,2.569082631973775e-06,—
threw,1,2.569082631973775e-06,—
aand,1,2.569082631973775e-06,—
modernize,1,2.569082631973775e-06,—
uncluttered,1,2.569082631973775e-06,—
ajinder,1,2.569082631973775e-06,—
colloquially,1,2.569082631973775e-06,—
dups,1,2.569082631973775e-06,—
deprecates,1,2.569082631973775e-06,—
ccompanying,1,2.569082631973775e-06,—
tri,1,2.569082631973775e-06,—
glados,1,2.569082631973775e-06,—
appliedzkp,1,2.569082631973775e-06,—
fascinated,1,2.569082631973775e-06,—
rypt,1,2.569082631973775e-06,—
kitter,1,2.569082631973775e-06,—
eperimenters,1,2.569082631973775e-06,—
guild,1,2.569082631973775e-06,—
birthed,1,2.569082631973775e-06,—
vesting,1,2.569082631973775e-06,—
wraps,1,2.569082631973775e-06,—
aligning,1,2.569082631973775e-06,—
markdown,1,2.569082631973775e-06,—
ocky,1,2.569082631973775e-06,—
ountain,1,2.569082631973775e-06,—
marton,1,2.569082631973775e-06,—
hafari,1,2.569082631973775e-06,—
onversations,1,2.569082631973775e-06,—
acroeconomics,1,2.569082631973775e-06,—
ispute,1,2.569082631973775e-06,—
ebastien,1,2.569082631973775e-06,—
ropping,1,2.569082631973775e-06,—
eprecating,1,2.569082631973775e-06,—
camelase,1,2.569082631973775e-06,—
syncrovider,1,2.569082631973775e-06,—
ychain,1,2.569082631973775e-06,—
tegrate,1,2.569082631973775e-06,—
spotted,1,2.569082631973775e-06,—
ntithesis,1,2.569082631973775e-06,—
appliances,1,2.569082631973775e-06,—
hitehats,1,2.569082631973775e-06,—
ulnerability,1,2.569082631973775e-06,—
isclosures,1,2.569082631973775e-06,—
encodeall,1,2.569082631973775e-06,—
nheritance,1,2.569082631973775e-06,—
inlining,1,2.569082631973775e-06,—
opying,1,2.569082631973775e-06,—
irty,1,2.569082631973775e-06,—
verflow,1,2.569082631973775e-06,—
uple,1,2.569082631973775e-06,—
onditional,1,2.569082631973775e-06,—
erminatio,1,2.569082631973775e-06,—
derhanded,1,2.569082631973775e-06,—
ipeline,1,2.569082631973775e-06,—
utures,1,2.569082631973775e-06,—
irvan,1,2.569082631973775e-06,—
yagi,1,2.569082631973775e-06,—
shadowing,1,2.569082631973775e-06,—
endif,1,2.569082631973775e-06,—
vintage,1,2.569082631973775e-06,—
lonk,1,2.569082631973775e-06,—
nigh,1,2.569082631973775e-06,—
orests,1,2.569082631973775e-06,—
clouded,1,2.569082631973775e-06,—
clarified,1,2.569082631973775e-06,—
egends,1,2.569082631973775e-06,—
subsisting,1,2.569082631973775e-06,—
nourishing,1,2.569082631973775e-06,—
nutrient,1,2.569082631973775e-06,—
summon,1,2.569082631973775e-06,—
abroad,1,2.569082631973775e-06,—
famously,1,2.569082631973775e-06,—
conceals,1,2.569082631973775e-06,—
impersonation,1,2.569082631973775e-06,—
apling,1,2.569082631973775e-06,—
ierce,1,2.569082631973775e-06,—
geiger,1,2.569082631973775e-06,—
hernobyl,1,2.569082631973775e-06,—
airplane,1,2.569082631973775e-06,—
ont,1,2.569082631973775e-06,—
hiali,1,2.569082631973775e-06,—
akamichi,1,2.569082631973775e-06,—
emco,1,2.569082631973775e-06,—
loeme,1,2.569082631973775e-06,—
arcin,1,2.569082631973775e-06,—
ostrzewa,1,2.569082631973775e-06,—
rzegorz,1,2.569082631973775e-06,—
świrski,1,2.569082631973775e-06,—
ippl,1,2.569082631973775e-06,—
arithosh,1,2.569082631973775e-06,—
ayanthi,1,2.569082631973775e-06,—
edderbur,1,2.569082631973775e-06,—
ijde,1,2.569082631973775e-06,—
agopia,1,2.569082631973775e-06,—
anso,1,2.569082631973775e-06,—
ackerow,1,2.569082631973775e-06,—
nrom,1,2.569082631973775e-06,—
surging,1,2.569082631973775e-06,—
migratio,1,2.569082631973775e-06,—
demystifies,1,2.569082631973775e-06,—
consumptio,1,2.569082631973775e-06,—
overwhelmed,1,2.569082631973775e-06,—
doubtedly,1,2.569082631973775e-06,—
internationalizatio,1,2.569082631973775e-06,—
safekeep,1,2.569082631973775e-06,—
mesaging,1,2.569082631973775e-06,—
itab,1,2.569082631973775e-06,—
ncouraging,1,2.569082631973775e-06,—
motto,1,2.569082631973775e-06,—
twin,1,2.569082631973775e-06,—
roundtables,1,2.569082631973775e-06,—
steadfastly,1,2.569082631973775e-06,—
counterbalancing,1,2.569082631973775e-06,—
automates,1,2.569082631973775e-06,—
esistant,1,2.569082631973775e-06,—
inalist,1,2.569082631973775e-06,—
aboratory,1,2.569082631973775e-06,—
crypo,1,2.569082631973775e-06,—
latin,1,2.569082631973775e-06,—
america,1,2.569082631973775e-06,—
marcus,1,2.569082631973775e-06,—
optimist,1,2.569082631973775e-06,—
hallenging,1,2.569082631973775e-06,—
weekends,1,2.569082631973775e-06,—
townships,1,2.569082631973775e-06,—
mangrove,1,2.569082631973775e-06,—
forests,1,2.569082631973775e-06,—
jungle,1,2.569082631973775e-06,—
stablished,1,2.569082631973775e-06,—
massacres,1,2.569082631973775e-06,—
civilians,1,2.569082631973775e-06,—
chlesinger,1,2.569082631973775e-06,—
inzer,1,2.569082631973775e-06,—
ruit,1,2.569082631973775e-06,—
dental,1,2.569082631973775e-06,—
clinic,1,2.569082631973775e-06,—
solar,1,2.569082631973775e-06,—
landscapes,1,2.569082631973775e-06,—
helicopters,1,2.569082631973775e-06,—
onset,1,2.569082631973775e-06,—
violent,1,2.569082631973775e-06,—
indigenous,1,2.569082631973775e-06,—
untarena,1,2.569082631973775e-06,—
tarts,1,2.569082631973775e-06,—
stoves,1,2.569082631973775e-06,—
sanitation,1,2.569082631973775e-06,—
afterthought,1,2.569082631973775e-06,—
patented,1,2.569082631973775e-06,—
abitat,1,2.569082631973775e-06,—
umanity,1,2.569082631973775e-06,—
wellbeing,1,2.569082631973775e-06,—
tractive,1,2.569082631973775e-06,—
bstacle,1,2.569082631973775e-06,—
purview,1,2.569082631973775e-06,—
predatory,1,2.569082631973775e-06,—
populations,1,2.569082631973775e-06,—
rippling,1,2.569082631973775e-06,—
deeds,1,2.569082631973775e-06,—
delinquency,1,2.569082631973775e-06,—
revolutionize,1,2.569082631973775e-06,—
creditworthiness,1,2.569082631973775e-06,—
edelweiss,1,2.569082631973775e-06,—
rotoanksharding,1,2.569082631973775e-06,—
looding,1,2.569082631973775e-06,—
queueing,1,2.569082631973775e-06,—
blobless,1,2.569082631973775e-06,—
conditionally,1,2.569082631973775e-06,—
diverged,1,2.569082631973775e-06,—
ban,1,2.569082631973775e-06,—
resumes,1,2.569082631973775e-06,—
carve,1,2.569082631973775e-06,—
orbit,1,2.569082631973775e-06,—
stifle,1,2.569082631973775e-06,—
andidelabs,1,2.569082631973775e-06,—
overviews,1,2.569082631973775e-06,—
zkallet,1,2.569082631973775e-06,—
shields,1,2.569082631973775e-06,—
unda,1,2.569082631973775e-06,—
ptimizors,1,2.569082631973775e-06,—
estinprod,1,2.569082631973775e-06,—
olders,1,2.569082631973775e-06,—
ristof,1,2.569082631973775e-06,—
azso,1,2.569082631973775e-06,—
oul,1,2.569082631973775e-06,—
asy,1,2.569082631973775e-06,—
igueroa,1,2.569082631973775e-06,—
yirstayer,1,2.569082631973775e-06,—
fterward,1,2.569082631973775e-06,—
ompression,1,2.569082631973775e-06,—
overlooked,1,2.569082631973775e-06,—
eplicate,1,2.569082631973775e-06,—
iablobench,1,2.569082631973775e-06,—
olana,1,2.569082631973775e-06,—
iem,1,2.569082631973775e-06,—
urosys,1,2.569082631973775e-06,—
iablo,1,2.569082631973775e-06,—
ashboards,1,2.569082631973775e-06,—
eats,1,2.569082631973775e-06,—
oinecko,1,2.569082631973775e-06,—
hottest,1,2.569082631973775e-06,—
rbiscan,1,2.569082631973775e-06,—
isualizatio,1,2.569082631973775e-06,—
porers,1,2.569082631973775e-06,—
lossom,1,2.569082631973775e-06,—
lobsca,1,2.569082631973775e-06,—
jval,1,2.569082631973775e-06,—
isra,1,2.569082631973775e-06,—
magnifying,1,2.569082631973775e-06,—
monocolture,1,2.569082631973775e-06,—
complicating,1,2.569082631973775e-06,—
haler,1,2.569082631973775e-06,—
reen,1,2.569082631973775e-06,—
oncrete,1,2.569082631973775e-06,—
conjectured,1,2.569082631973775e-06,—
asserts,1,2.569082631973775e-06,—
thstorage,1,2.569082631973775e-06,—
atasets,1,2.569082631973775e-06,—
replicas,1,2.569082631973775e-06,—
reuses,1,2.569082631973775e-06,—
appended,1,2.569082631973775e-06,—
ryptotats,1,2.569082631973775e-06,—
rujillo,1,2.569082631973775e-06,—
eoples,1,2.569082631973775e-06,—
ronteras,1,2.569082631973775e-06,—
migrant,1,2.569082631973775e-06,—
echemocracy,1,2.569082631973775e-06,—
howcasing,1,2.569082631973775e-06,—
uriosas,1,2.569082631973775e-06,—
competitions,1,2.569082631973775e-06,—
eppelin,1,2.569082631973775e-06,—
equivocation,1,2.569082631973775e-06,—
odulus,1,2.569082631973775e-06,—
elaborating,1,2.569082631973775e-06,—
embership,1,2.569082631973775e-06,—
lake,1,2.569082631973775e-06,—
clevey,1,2.569082631973775e-06,—
curr,1,2.569082631973775e-06,—
leandrovich,1,2.569082631973775e-06,—
oukhanov,1,2.569082631973775e-06,—
ebenko,1,2.569082631973775e-06,—
lekseevich,1,2.569082631973775e-06,—
aylee,1,2.569082631973775e-06,—
athie,1,2.569082631973775e-06,—
ensorflow,1,2.569082631973775e-06,—
yorch,1,2.569082631973775e-06,—
azim,1,2.569082631973775e-06,—
umali,1,2.569082631973775e-06,—
akita,1,2.569082631973775e-06,—
drea,1,2.569082631973775e-06,—
anidio,1,2.569082631973775e-06,—
anos,1,2.569082631973775e-06,—
aptics,1,2.569082631973775e-06,—
eca,1,2.569082631973775e-06,—
eorgy,1,2.569082631973775e-06,—
shmaev,1,2.569082631973775e-06,—
artijn,1,2.569082631973775e-06,—
ammy,1,2.569082631973775e-06,—
iceode,1,2.569082631973775e-06,—
reater,1,2.569082631973775e-06,—
ignificance,1,2.569082631973775e-06,—
cheduling,1,2.569082631973775e-06,—
mbracing,1,2.569082631973775e-06,—
western,1,2.569082631973775e-06,—
huket,1,2.569082631973775e-06,—
majestic,1,2.569082631973775e-06,—
strucutures,1,2.569082631973775e-06,—
intertwined,1,2.569082631973775e-06,—
glimpses,1,2.569082631973775e-06,—
levers,1,2.569082631973775e-06,—
fulcrum,1,2.569082631973775e-06,—
techno,1,2.569082631973775e-06,—
optimists,1,2.569082631973775e-06,—
mysteries,1,2.569082631973775e-06,—
pragmatists,1,2.569082631973775e-06,—
spiral,1,2.569082631973775e-06,—
misaligned,1,2.569082631973775e-06,—
earnesty,1,2.569082631973775e-06,—
toured,1,2.569082631973775e-06,—
joyful,1,2.569082631973775e-06,—
earthquakes,1,2.569082631973775e-06,—
northwest,1,2.569082631973775e-06,—
backdrop,1,2.569082631973775e-06,—
mihajlo,1,2.569082631973775e-06,—
atanackovic,1,2.569082631973775e-06,—
gangs,1,2.569082631973775e-06,—
searched,1,2.569082631973775e-06,—
zviđači,1,2.569082631973775e-06,—
certifications,1,2.569082631973775e-06,—
scio,1,2.569082631973775e-06,—
crashed,1,2.569082631973775e-06,—
locksyange,1,2.569082631973775e-06,—
rv,1,2.569082631973775e-06,—
wningth,1,2.569082631973775e-06,—
catalogue,1,2.569082631973775e-06,—
inflow,1,2.569082631973775e-06,—
lashbots,1,2.569082631973775e-06,—
standup,1,2.569082631973775e-06,—
ful,1,2.569082631973775e-06,—
ompliant,1,2.569082631973775e-06,—
ewrite,1,2.569082631973775e-06,—
evocatio,1,2.569082631973775e-06,—
evocation,1,2.569082631973775e-06,—
erform,1,2.569082631973775e-06,—
utilizatio,1,2.569082631973775e-06,—
itigatio,1,2.569082631973775e-06,—
thenver,1,2.569082631973775e-06,—
nicking,1,2.569082631973775e-06,—
cologies,1,2.569082631973775e-06,—
mirates,1,2.569082631973775e-06,—
eoulound,1,2.569082631973775e-06,—
ongyi,1,2.569082631973775e-06,—
heet,1,2.569082631973775e-06,—
onymity,1,2.569082631973775e-06,—
righto,1,2.569082631973775e-06,—
ilcrest,1,2.569082631973775e-06,—
ashistower,1,2.569082631973775e-06,—
uoh,1,2.569082631973775e-06,—
ashist,1,2.569082631973775e-06,—
avarro,1,2.569082631973775e-06,—
uñoz,1,2.569082631973775e-06,—
indifferentiability,1,2.569082631973775e-06,—
amu,1,2.569082631973775e-06,—
emakula,1,2.569082631973775e-06,—
uorong,1,2.569082631973775e-06,—
ttestationtatio,1,2.569082631973775e-06,—
zkhield,1,2.569082631973775e-06,—
utsider,1,2.569082631973775e-06,—
alytics,1,2.569082631973775e-06,—
arjalaine,1,2.569082631973775e-06,—
uuso,1,2.569082631973775e-06,—
aavisto,1,2.569082631973775e-06,—
teroperable,1,2.569082631973775e-06,—
anube,1,2.569082631973775e-06,—
egistrar,1,2.569082631973775e-06,—
ifferentiable,1,2.569082631973775e-06,—
differentiable,1,2.569082631973775e-06,—
ovimento,1,2.569082631973775e-06,—
ransformers,1,2.569082631973775e-06,—
ayaditya,1,2.569082631973775e-06,—
rimitive,1,2.569082631973775e-06,—
odeet,1,2.569082631973775e-06,—
osco,1,2.569082631973775e-06,—
revoking,1,2.569082631973775e-06,—
hygiene,1,2.569082631973775e-06,—
ogner,1,2.569082631973775e-06,—
demographically,1,2.569082631973775e-06,—
eographic,1,2.569082631973775e-06,—
emographic,1,2.569082631973775e-06,—
ethnicity,1,2.569082631973775e-06,—
trong,1,2.569082631973775e-06,—
ominate,1,2.569082631973775e-06,—
shortlisted,1,2.569082631973775e-06,—
orrecting,1,2.569082631973775e-06,—
enkatesan,1,2.569082631973775e-06,—
uruswami,1,2.569082631973775e-06,—
imkin,1,2.569082631973775e-06,—
attices,1,2.569082631973775e-06,—
onstructions,1,2.569082631973775e-06,—
usti,1,2.569082631973775e-06,—
cryptanalytic,1,2.569082631973775e-06,—
isch,1,2.569082631973775e-06,—
eyu,1,2.569082631973775e-06,—
esely,1,2.569082631973775e-06,—
asymptotically,1,2.569082631973775e-06,—
raud,1,2.569082631973775e-06,—
ehyuk,1,2.569082631973775e-06,—
oonhyeong,1,2.569082631973775e-06,—
amie,1,2.569082631973775e-06,—
udd,1,2.569082631973775e-06,—
eungjin,1,2.569082631973775e-06,—
onghwa,1,2.569082631973775e-06,—
eevashwer,1,2.569082631973775e-06,—
athee,1,2.569082631973775e-06,—
ivshits,1,2.569082631973775e-06,—
zkollup,1,2.569082631973775e-06,—
akers,1,2.569082631973775e-06,—
rongillo,1,2.569082631973775e-06,—
kaki,1,2.569082631973775e-06,—
amageishvili,1,2.569082631973775e-06,—
elto,1,2.569082631973775e-06,—
aluca,1,2.569082631973775e-06,—
iuga,1,2.569082631973775e-06,—
inclair,1,2.569082631973775e-06,—
avidso,1,2.569082631973775e-06,—
situates,1,2.569082631973775e-06,—
oase,1,2.569082631973775e-06,—
uantifying,1,2.569082631973775e-06,—
earcher,1,2.569082631973775e-06,—
entralization,1,2.569082631973775e-06,—
ontet,1,2.569082631973775e-06,—
riority,1,2.569082631973775e-06,—
andra,1,2.569082631973775e-06,—
errie,1,2.569082631973775e-06,—
engerse,1,2.569082631973775e-06,—
allagha,1,2.569082631973775e-06,—
overpopulation,1,2.569082631973775e-06,—
precompiling,1,2.569082631973775e-06,—
aprika,1,2.569082631973775e-06,—
distinctive,1,2.569082631973775e-06,—
anju,1,2.569082631973775e-06,—
dy,1,2.569082631973775e-06,—
optimizatio,1,2.569082631973775e-06,—
lejando,1,2.569082631973775e-06,—
omá,1,2.569082631973775e-06,—
lberto,1,2.569082631973775e-06,—
deducing,1,2.569082631973775e-06,—
emonstrations,1,2.569082631973775e-06,—
earce,1,2.569082631973775e-06,—
assez,1,2.569082631973775e-06,—
uiles,1,2.569082631973775e-06,—
uller,1,2.569082631973775e-06,—
deductive,1,2.569082631973775e-06,—
ános,1,2.569082631973775e-06,—
apolcai,1,2.569082631973775e-06,—
adóczki,1,2.569082631973775e-06,—
ajos,1,2.569082631973775e-06,—
ónyai,1,2.569082631973775e-06,—
nsecurity,1,2.569082631973775e-06,—
hihua,1,2.569082631973775e-06,—
iscovering,1,2.569082631973775e-06,—
hiuan,1,2.569082631973775e-06,—
hun,1,2.569082631973775e-06,—
mpowered,1,2.569082631973775e-06,—
llicit,1,2.569082631973775e-06,—
etectio,1,2.569082631973775e-06,—
iapu,1,2.569082631973775e-06,—
ihao,1,2.569082631973775e-06,—
unsong,1,2.569082631973775e-06,—
inan,1,2.569082631973775e-06,—
assively,1,2.569082631973775e-06,—
umitrel,1,2.569082631973775e-06,—
oghi,1,2.569082631973775e-06,—
rung,1,2.569082631973775e-06,—
eecutor,1,2.569082631973775e-06,—
instrumented,1,2.569082631973775e-06,—
haracteristics,1,2.569082631973775e-06,—
inquan,1,2.569082631973775e-06,—
hiquiang,1,2.569082631973775e-06,—
undertake,1,2.569082631973775e-06,—
andscape,1,2.569082631973775e-06,—
roy,1,2.569082631973775e-06,—
hiqiang,1,2.569082631973775e-06,—
engya,1,2.569082631973775e-06,—
reksha,1,2.569082631973775e-06,—
hukla,1,2.569082631973775e-06,—
arriers,1,2.569082631973775e-06,—
liza,1,2.569082631973775e-06,—
ikins,1,2.569082631973775e-06,—
bakah,1,2.569082631973775e-06,—
bdullah,1,2.569082631973775e-06,—
discern,1,2.569082631973775e-06,—
surveys,1,2.569082631973775e-06,—
scraping,1,2.569082631973775e-06,—
ttitudes,1,2.569082631973775e-06,—
harstätter,1,2.569082631973775e-06,—
ebastian,1,2.569082631973775e-06,—
teinhorst,1,2.569082631973775e-06,—
avor,1,2.569082631973775e-06,—
vetinovic,1,2.569082631973775e-06,—
hristin,1,2.569082631973775e-06,—
urrey,1,2.569082631973775e-06,—
dissecting,1,2.569082631973775e-06,—
orshed,1,2.569082631973775e-06,—
ilke,1,2.569082631973775e-06,—
lrifai,1,2.569082631973775e-06,—
atemah,1,2.569082631973775e-06,—
izadeh,1,2.569082631973775e-06,—
onstance,1,2.569082631973775e-06,—
udley,1,2.569082631973775e-06,—
oalition,1,2.569082631973775e-06,—
tah,1,2.569082631973775e-06,—
hazim,1,2.569082631973775e-06,—
halid,1,2.569082631973775e-06,—
wok,1,2.569082631973775e-06,—
perceptions,1,2.569082631973775e-06,—
nraveled,1,2.569082631973775e-06,—
ommunicatio,1,2.569082631973775e-06,—
ilvia,1,2.569082631973775e-06,—
artolucci,1,2.569082631973775e-06,—
iuseppi,1,2.569082631973775e-06,—
estefanis,1,2.569082631973775e-06,—
umanya,1,2.569082631973775e-06,—
eykova,1,2.569082631973775e-06,—
arco,1,2.569082631973775e-06,—
rtu,1,2.569082631973775e-06,—
runel,1,2.569082631973775e-06,—
agliari,1,2.569082631973775e-06,—
ostdoctoral,1,2.569082631973775e-06,—
graduates,1,2.569082631973775e-06,—
comprehension,1,2.569082631973775e-06,—
aliese,1,2.569082631973775e-06,—
nthropologists,1,2.569082631973775e-06,—
rectify,1,2.569082631973775e-06,—
misconceptions,1,2.569082631973775e-06,—
archaeology,1,2.569082631973775e-06,—
chneider,1,2.569082631973775e-06,—
ederica,1,2.569082631973775e-06,—
arugati,1,2.569082631973775e-06,—
rchaeology,1,2.569082631973775e-06,—
editable,1,2.569082631973775e-06,—
egally,1,2.569082631973775e-06,—
liabilities,1,2.569082631973775e-06,—
discretionary,1,2.569082631973775e-06,—
ultures,1,2.569082631973775e-06,—
issing,1,2.569082631973775e-06,—
uzzle,1,2.569082631973775e-06,—
ocialware,1,2.569082631973775e-06,—
ujin,1,2.569082631973775e-06,—
twinfi,1,2.569082631973775e-06,—
unghooon,1,2.569082631973775e-06,—
reciprocal,1,2.569082631973775e-06,—
diachronic,1,2.569082631973775e-06,—
championing,1,2.569082631973775e-06,—
steer,1,2.569082631973775e-06,—
metaphorical,1,2.569082631973775e-06,—
communicators,1,2.569082631973775e-06,—
trent,1,2.569082631973775e-06,—
epps,1,2.569082631973775e-06,—
befabdafac,1,2.569082631973775e-06,—
bfdaddaabfdabdafcfdccdabeecbccfcebbbbbdedbebbecaeffffdfbfdeddbfcbacddf,1,2.569082631973775e-06,—
aabccbffddacaebceebafbdeaeeaebcdcecbbadfddebcefffdcbbcdeafbbffbdbbac,1,2.569082631973775e-06,—
acbdfedffcaafecbcdcbceecfeadcedaabafdebceeefbebfccbcbebfbedaebdabcafeacdadefe,1,2.569082631973775e-06,—
afdfdcbbafecbcfaaeecebbfeddddeececcdbfafabcbfdadfabbadfbfdabcab,1,2.569082631973775e-06,—
asdaq,1,2.569082631973775e-06,—
ipanks,1,2.569082631973775e-06,—
enzinga,1,2.569082631973775e-06,—
artworkcontraption,1,2.569082631973775e-06,—
sensors,1,2.569082631973775e-06,—
bccdeabffaaaa,1,2.569082631973775e-06,—
ccacadfeeeabeccdebcebefcabaeadeddffeafcdefacfbbcbfccbcfcecaccefacefebbabedad,1,2.569082631973775e-06,—
aedfaffdddfbaeeaadbdebadfbfeeeebdbcddfecccbefcefbfeafedcdbcbdfdafdbacd,1,2.569082631973775e-06,—
afbebbeeffebbbdccaadfdaafedcacbdadcdfacebecbcbbfddafcfbedfdaabdbffbcbcebeecbbbb,1,2.569082631973775e-06,—
bafaceedaabaceabffbaefeacabaafccfdbddaebebccbadbebbcdffdebedbabfeaadcf,1,2.569082631973775e-06,—
smartcontracts,1,2.569082631973775e-06,—
microphones,1,2.569082631973775e-06,—
adadaefbfdddbff,1,2.569082631973775e-06,—
cdcffccfcceb,1,2.569082631973775e-06,—
deaaebbbbeeed,1,2.569082631973775e-06,—
acadcbacefcfbddbaf,1,2.569082631973775e-06,—
ichter,1,2.569082631973775e-06,—
eaddcdafeacaedeaecedfceebbffeddccefacbcbcfdbbdcfbeacfcecbffaedaeaae,1,2.569082631973775e-06,—
acebafdbbfbfaafaaedfadffbfcfbaaabaffdfeabfcbfdcabbdbcebdabbcfebdecefbbcebdef,1,2.569082631973775e-06,—
ebadcffbdfbccbbcefbeadbdacdbbffdbabeabedbfddfcfadfaeadcceebeaafbeafcecafdfdcbdbec,1,2.569082631973775e-06,—
bababadfeffdeacecefeaadcbdedcebaadeeefeaacfaaecfeeededfbefefcbaedecbceaad,1,2.569082631973775e-06,—
abdebebcfddedcfafcfcffacabfcccdbeeeeceeffbaaefcabcddfcacccfdecfeadbfccfa,1,2.569082631973775e-06,—
dbbfcefffbfbfbaeeedeaeffdcedbaabdecffbabedfbbafccaebcfbadbabccece,1,2.569082631973775e-06,—
bbbaebccaaddeaddbebdcdfcfcbcaecbdfeacbfcbbcbfdeafdbbcacddfacefedbadba,1,2.569082631973775e-06,—
addeaefadefebbffbddffabccdbdadbbdbcfbdbecbecfddbbebceffcdcafcafddddcaafb,1,2.569082631973775e-06,—
dbedffecdcfebcdbbdcffdcbfbfacaabefcafafababdacfefaaebcfabecedbbebebafffcebdaacf,1,2.569082631973775e-06,—
afadcbfdaeccdbfddcbabfabfabfdadccffaaeebbdaddcecdddaacbdeeadecfdfeeec,1,2.569082631973775e-06,—
beeccffffdaedbcdddfbafbfefadbedfeaceeaacedcdcfbbedbefdcdffacbfbcafaabedceebab,1,2.569082631973775e-06,—
bcbcfbbeccffbdcfcfafffccfbfcbfabaabafceddcdcafabdcecccbacfeedddccd,1,2.569082631973775e-06,—
abebcdeedaafbcadcbbbedbafbebcdfcfebdcfbadbefedaebbebbcfdcceebcebeaec,1,2.569082631973775e-06,—
cbdedabbaddfeedfcafcefadccefdfcefbecaccefeeabbccdafbdcecccfdbaddcffcaaaaadd,1,2.569082631973775e-06,—
bddbcfbbbcfabfaafdffbeedffbdcbfebedbdfaabdefcfcfddbeebcfefcddefebbedcabcfcfe,1,2.569082631973775e-06,—
accbcdeedabdeeecdeaadefdacaebddbaefaebfdbeafeffbfbcfcdacbaaefbfecbc,1,2.569082631973775e-06,—
scatted,1,2.569082631973775e-06,—
folded,1,2.569082631973775e-06,—
fbeadeccc,1,2.569082631973775e-06,—
beeaeeedadeafedfcdbcedbfebededabdaabccfffcfbfebcdfdfcabffbefbe,1,2.569082631973775e-06,—
cbdcaeebefefcafddbbdbcebffdfeccfcdaddfeceaabbfcccaedfbabfacedcddbdfcd,1,2.569082631973775e-06,—
beeececadbcbaafdeebdedafdbefcbeeccebcfdebccddcfbedbeffbcbddbdacfcbeafded,1,2.569082631973775e-06,—
ecbfdbcacacbebeebcfadcbebfaeefaedeeadfcdebedefdfccebafbcedbfbedcceeeafbcf,1,2.569082631973775e-06,—
destructio,1,2.569082631973775e-06,—
aspberryi,1,2.569082631973775e-06,—
acbdfaadcbedddc,1,2.569082631973775e-06,—
afdebcfddcadbcffbbcbccbdcfefdbfbfedffedfbecdcabafdccdeffdbeedcfeeafeccbebbb,1,2.569082631973775e-06,—
becbfbcaceababacbcffdefdceedffabbdeabbbafbfaebdaecddccbeedebbcfcbacafdbfffcea,1,2.569082631973775e-06,—
abaaaacfcdeabbfbecfbaddbeaebdfffbdfaeceacfcbbeeecfccedfefcbccdbdba,1,2.569082631973775e-06,—
bfdbabbeccbddcecdccebbecbecdebaaeedabaddacaeebfdcdeabdeeddccfcefeabdcadceafabffe,1,2.569082631973775e-06,—
indhoven,1,2.569082631973775e-06,—
oppio,1,2.569082631973775e-06,—
imporv,1,2.569082631973775e-06,—
soap,1,2.569082631973775e-06,—
opera,1,2.569082631973775e-06,—
baadbdfcaacedbfebdbdc,1,2.569082631973775e-06,—
dbacdfbfdbddeaaddceeeefaadcbcdbeccdafacfdbccfeacebceffcccfdfbabbac,1,2.569082631973775e-06,—
eddffabacfabcddceefcfeebccaaecbebcfaaedfdcddcdfdfedcfcbceeafecfcbdafbfdfdeb,1,2.569082631973775e-06,—
cceeeafaeceaabfffdedafeededdebcaaefecbacfacccfecbbeddbffbfcfaaeeffcbbf,1,2.569082631973775e-06,—
bcecafdbfbcdeccbdddcecfbcefedaebacacccafbccbedfdbffceebafbcdacbbebfbefa,1,2.569082631973775e-06,—
tephen,1,2.569082631973775e-06,—
drove,1,2.569082631973775e-06,—
omma,1,2.569082631973775e-06,—
ccacdddaeeaeaacde,1,2.569082631973775e-06,—
abaddfdfafaceddcfadafecfbedeebdaeaccefaaddfeedeabfeafafddddebdca,1,2.569082631973775e-06,—
badbcdbaafefcdaeeaedebfdecdaecedadffecaadcdffbadcfecbbeebbfaafee,1,2.569082631973775e-06,—
beadfdceabdefabdcdbfddaaceddbadfbbabeeafbfbdbafefecaedefdfdcfebbaaeccca,1,2.569082631973775e-06,—
afbebcceeaddedeaeaafebabefcfaccafaefbdbcfdcdcfbfcfecdafabfcacedcfefbe,1,2.569082631973775e-06,—
afcfecceebaeeacbcecdeaadecfefcfcaf,1,2.569082631973775e-06,—
afccaabcdebcbffbacddbfcaebfffcadeacfecf,1,2.569082631973775e-06,—
ffbfededbfedbadacefbbbdebdadbeeddeaadced,1,2.569082631973775e-06,—
bcaaedceffadadcedafb,1,2.569082631973775e-06,—
ordin,1,2.569082631973775e-06,—
balcony,1,2.569082631973775e-06,—
ffadeceaf,1,2.569082631973775e-06,—
aadebedabbefaeaeeadaccaebcecdfdfeddffeddbcabefaabecafdabcdeafbdb,1,2.569082631973775e-06,—
bebbcdfdbcebffcdbfcbbbabaceeffdcfcbfadeebeeccfcdcddddaaccaccadbcbbbc,1,2.569082631973775e-06,—
accabcbeccccbfcfecefdeaccbcedcefcdfdbbcbaeebbffefbeedfaaeebfbdbeafdcabdfdbefcb,1,2.569082631973775e-06,—
afaaebcdeccffdbefbecdebbfafcafaafcdfdadaefbabcfaceaecfddfaebacebadebea,1,2.569082631973775e-06,—
detonated,1,2.569082631973775e-06,—
pounds,1,2.569082631973775e-06,—
eplosive,1,2.569082631973775e-06,—
erite,1,2.569082631973775e-06,—
aspberryhake,1,2.569082631973775e-06,—
seismic,1,2.569082631973775e-06,—
rifle,1,2.569082631973775e-06,—
escapades,1,2.569082631973775e-06,—
daafbedaccaceec,1,2.569082631973775e-06,—
outsideranalytics,1,2.569082631973775e-06,—
bdefbfbeaecbbeefefcaaddcfccadbacdfeacbfdafdbafdbacffbbeddacbaceafbddadc,1,2.569082631973775e-06,—
acedadfccbacffeddbcabbadcebafbceecadeccfeebefcccdbecccfbabbdcaaabebbbbfabece,1,2.569082631973775e-06,—
aedcfcadfcbfbbafbcbfbbdffcaacbdfaecdfcbcefeaadfaadaaeccbfaffcaaecfbfaddd,1,2.569082631973775e-06,—
bbfffaafaccfcccedcbafafebcabfffffacfccdbffcecfefbcbdffeaacffceddcdbbffbaabdfff,1,2.569082631973775e-06,—
requency,1,2.569082631973775e-06,—
kz,1,2.569082631973775e-06,—
coast,1,2.569082631973775e-06,—
atmospheric,1,2.569082631973775e-06,—
sferics,1,2.569082631973775e-06,—
cdbfcaefca,1,2.569082631973775e-06,—
bbdcecadbdcbadeceddacecfeadfbdcbeefccaafcdaaacbfceeebfaeaaddebbbeafafbafcddf,1,2.569082631973775e-06,—
ccadafeeefddefcbebbaadeccdafcfdfaabeaccacdddeccfabbbdfffbcbee,1,2.569082631973775e-06,—
fcbdfaebbcafacfdbaafcebfdbdeefccdaaeedbceeadecffeeaffbdfdcacaccaffdbbcc,1,2.569082631973775e-06,—
abbbfdaadbcdefedfbbcfefefaeafedfdacfacccddeedbbeeafbcbbcbadeebacffba,1,2.569082631973775e-06,—
heeckhau,1,2.569082631973775e-06,—
spo,1,2.569082631973775e-06,—
fizzing,1,2.569082631973775e-06,—
beers,1,2.569082631973775e-06,—
webcam,1,2.569082631973775e-06,—
booting,1,2.569082631973775e-06,—
ddeddfafdaeaec,1,2.569082631973775e-06,—
bdfcabfbcaafbfadfaaaefabffceddaaffcdcedfebafbfefebeebdddbfdbaebeceaccafddadde,1,2.569082631973775e-06,—
aaaaeebeacfaffbfbbfacecfdaceeafbbafdcadeceabbcaeafaacecdcccad,1,2.569082631973775e-06,—
ccfbbeabededdfaecafddbfbafacfbbbaeeacfadeedbaecddeaddbcabfdaafbcdaeaea,1,2.569082631973775e-06,—
aacdeadaffebeeabcaacbafedceadaedcbeffedeefccccbbdbffeefdddedbfccceeceefc,1,2.569082631973775e-06,—
lorentine,1,2.569082631973775e-06,—
chamber,1,2.569082631973775e-06,—
photographed,1,2.569082631973775e-06,—
trapdoor,1,2.569082631973775e-06,—
fdeabbfbcbacbbb,1,2.569082631973775e-06,—
bfddefcdaaacfeefabacccceadecbaadbcedebaafdaddaefccdbadffbdfcdfffccfcaffbcdbe,1,2.569082631973775e-06,—
aebbaedcfaeacdbdadfdbbdaebebdfbfeeaddffaddcfaffacadebefacedafeddbeeaaffccfbfc,1,2.569082631973775e-06,—
bcbbaecdacfaecfefffbbcafaebfdbceccbbbaefafefcdfdfbaeeacd,1,2.569082631973775e-06,—
aacfdcffefaedabbeabdddeafbbdbdafcbafbaaddacebbbeebdebeaddadcfbeedfce,1,2.569082631973775e-06,—
microcontroller,1,2.569082631973775e-06,—
knitted,1,2.569082631973775e-06,—
handing,1,2.569082631973775e-06,—
accelerometers,1,2.569082631973775e-06,—
gyroscopes,1,2.569082631973775e-06,—
shelters,1,2.569082631973775e-06,—
dbcefbffccfddeeaf,1,2.569082631973775e-06,—
bbdbfedacfedcdecefdadedadedeecbddbcccbddbeecdfadaadcebceadfeeceeaaabed,1,2.569082631973775e-06,—
eeabdcdececbffbeecaeadeafdebbafeecdeaceaefeafdcbedfbafefacfdedbabddfcdeccae,1,2.569082631973775e-06,—
bfecbfaefdacebbdcbbfeefdcbeabbbdfadbfaafaabfbdbbccbbdffbfbeaadbadcaeadac,1,2.569082631973775e-06,—
bceffbdfdffdfaecfafbbfacfcbfffedfefbbbaaebceeccfcfdadbfecdecafdecfceaacbaddc,1,2.569082631973775e-06,—
srikrishnamurthy,1,2.569082631973775e-06,—
vishady,1,2.569082631973775e-06,—
dfcdeceddebadafeabb,1,2.569082631973775e-06,—
bcaebbaccfcadbadbedbbddaebebcdbecccaafefbbdabedbdebeffefaefbadaeafdfb,1,2.569082631973775e-06,—
baceaeeeefffbeafbfbcfffabdebcacfcddfedeeffefdabbdcbfbfccffbcedecdcbeef,1,2.569082631973775e-06,—
bdcedeebecddfbcafccaefdfaeecaaecdfccfeadfaedadcbfdfffafeedeedadcaefebfcbfebbdbfbabd,1,2.569082631973775e-06,—
aedcaeafdbabddcdefbcbfbfbccbddabbaabddbfbcccdcedcdbfbecebeaabdedafced,1,2.569082631973775e-06,—
margins,1,2.569082631973775e-06,—
scrolling,1,2.569082631973775e-06,—
captivate,1,2.569082631973775e-06,—
ria,1,2.569082631973775e-06,—
imiardi,1,2.569082631973775e-06,—
opra,1,2.569082631973775e-06,—
invoicing,1,2.569082631973775e-06,—
ehta,1,2.569082631973775e-06,—
oiceeck,1,2.569082631973775e-06,—
wanders,1,2.569082631973775e-06,—
nvestigative,1,2.569082631973775e-06,—
newsrooms,1,2.569082631973775e-06,—
hypercerts,1,2.569082631973775e-06,—
asahiro,1,2.569082631973775e-06,—
ukuhara,1,2.569082631973775e-06,—
恩返し,1,2.569082631973775e-06,—
practiced,1,2.569082631973775e-06,—
ingenuity,1,2.569082631973775e-06,—
tenacity,1,2.569082631973775e-06,—
pragmatism,1,2.569082631973775e-06,—
afé,1,2.569082631973775e-06,—
tinkering,1,2.569082631973775e-06,—
makeover,1,2.569082631973775e-06,—
egendary,1,2.569082631973775e-06,—
hesitating,1,2.569082631973775e-06,—
dition,1,2.569082631973775e-06,—
cho,1,2.569082631973775e-06,—
literature,1,2.569082631973775e-06,—
obias,1,2.569082631973775e-06,—
ohland,1,2.569082631973775e-06,—
stevez,1,2.569082631973775e-06,—
nforced,1,2.569082631973775e-06,—
protocolized,1,2.569082631973775e-06,—
ompensating,1,2.569082631973775e-06,—
yon,1,2.569082631973775e-06,—
eziane,1,2.569082631973775e-06,—
ambdadelta,1,2.569082631973775e-06,—
reilgu,1,2.569082631973775e-06,—
multiwriter,1,2.569082631973775e-06,—
eightless,1,2.569082631973775e-06,—
sokratia,1,2.569082631973775e-06,—
olous,1,2.569082631973775e-06,—
pand,1,2.569082631973775e-06,—
erret,1,2.569082631973775e-06,—
lasencia,1,2.569082631973775e-06,—
quotients,1,2.569082631973775e-06,—
zkit,1,2.569082631973775e-06,—
ungry,1,2.569082631973775e-06,—
ats,1,2.569082631973775e-06,—
zkemory,1,2.569082631973775e-06,—
rochi,1,2.569082631973775e-06,—
samados,1,2.569082631973775e-06,—
onstanti,1,2.569082631973775e-06,—
rishnavanshi,1,2.569082631973775e-06,—
rpcvm,1,2.569082631973775e-06,—
eonard,1,2.569082631973775e-06,—
ittma,1,2.569082631973775e-06,—
ssuer,1,2.569082631973775e-06,—
pherity,1,2.569082631973775e-06,—
issuer,1,2.569082631973775e-06,—
pk,1,2.569082631973775e-06,—
émy,1,2.569082631973775e-06,—
sam,1,2.569082631973775e-06,—
wilson,1,2.569082631973775e-06,—
fills,1,2.569082631973775e-06,—
ntended,1,2.569082631973775e-06,—
spiritual,1,2.569082631973775e-06,—
codepath,1,2.569082631973775e-06,—
decipher,1,2.569082631973775e-06,—
cryptic,1,2.569082631973775e-06,—
arcane,1,2.569082631973775e-06,—
runes,1,2.569082631973775e-06,—
rawing,1,2.569082631973775e-06,—
resent,1,2.569082631973775e-06,—
pytest,1,2.569082631973775e-06,—
howing,1,2.569082631973775e-06,—
ifferences,1,2.569082631973775e-06,—
dataclass,1,2.569082631973775e-06,—
istash,1,2.569082631973775e-06,—
etddress,1,2.569082631973775e-06,—
selfdestruct,1,2.569082631973775e-06,—
guerilla,1,2.569082631973775e-06,—
mazing,1,2.569082631973775e-06,—
endurance,1,2.569082631973775e-06,—
storages,1,2.569082631973775e-06,—
utating,1,2.569082631973775e-06,—
catchup,1,2.569082631973775e-06,—
oldets,1,2.569082631973775e-06,—
reprocess,1,2.569082631973775e-06,—
mutated,1,2.569082631973775e-06,—
maintanance,1,2.569082631973775e-06,—
schemehash,1,2.569082631973775e-06,—
ancients,1,2.569082631973775e-06,—
repairing,1,2.569082631973775e-06,—
dreading,1,2.569082631973775e-06,—
subtrie,1,2.569082631973775e-06,—
resyncing,1,2.569082631973775e-06,—
resyncs,1,2.569082631973775e-06,—
ref,1,2.569082631973775e-06,—
dripped,1,2.569082631973775e-06,—
killed,1,2.569082631973775e-06,—
rewinding,1,2.569082631973775e-06,—
drips,1,2.569082631973775e-06,—
dampen,1,2.569082631973775e-06,—
dug,1,2.569082631973775e-06,—
eduplicating,1,2.569082631973775e-06,—
inoperable,1,2.569082631973775e-06,—
splinters,1,2.569082631973775e-06,—
reduplicates,1,2.569082631973775e-06,—
primarilly,1,2.569082631973775e-06,—
insta,1,2.569082631973775e-06,—
reeecute,1,2.569082631973775e-06,—
thrashing,1,2.569082631973775e-06,—
urned,1,2.569082631973775e-06,—
collector,1,2.569082631973775e-06,—
piles,1,2.569082631973775e-06,—
saga,1,2.569082631973775e-06,—
illed,1,2.569082631973775e-06,—
soften,1,2.569082631973775e-06,—
insanity,1,2.569082631973775e-06,—
outide,1,2.569082631973775e-06,—
fastcache,1,2.569082631973775e-06,—
prunes,1,2.569082631973775e-06,—
reassigned,1,2.569082631973775e-06,—
arena,1,2.569082631973775e-06,—
influece,1,2.569082631973775e-06,—
tweaked,1,2.569082631973775e-06,—
unset,1,2.569082631973775e-06,—
fosters,1,2.569082631973775e-06,—
comfy,1,2.569082631973775e-06,—
zlachciak,1,2.569082631973775e-06,—
oghrul,1,2.569082631973775e-06,—
aharramov,1,2.569082631973775e-06,—
remier,1,2.569082631973775e-06,—
ompeting,1,2.569082631973775e-06,—
localization,1,2.569082631973775e-06,—
centivizing,1,2.569082631973775e-06,—
donesia,1,2.569082631973775e-06,—
sinasi,1,2.569082631973775e-06,—
beril,1,2.569082631973775e-06,—
kal,1,2.569082631973775e-06,—
okan,1,2.569082631973775e-06,—
sahbaz,1,2.569082631973775e-06,—
selimc,1,2.569082631973775e-06,—
afiqz,1,2.569082631973775e-06,—
foma,1,2.569082631973775e-06,—
alamalu,1,2.569082631973775e-06,—
altinocoelho,1,2.569082631973775e-06,—
anaphant,1,2.569082631973775e-06,—
arifulone,1,2.569082631973775e-06,—
stronaut,1,2.569082631973775e-06,—
dwms,1,2.569082631973775e-06,—
bhangbuddy,1,2.569082631973775e-06,—
bicebaris,1,2.569082631973775e-06,—
bitblondy,1,2.569082631973775e-06,—
isionary,1,2.569082631973775e-06,—
blockson,1,2.569082631973775e-06,—
ohjypellar,1,2.569082631973775e-06,—
arla,1,2.569082631973775e-06,—
charlaiz,1,2.569082631973775e-06,—
chiogonzaleztn,1,2.569082631973775e-06,—
cinaryasemin,1,2.569082631973775e-06,—
oinoodie,1,2.569082631973775e-06,—
coiniran,1,2.569082631973775e-06,—
cryptoraketeros,1,2.569082631973775e-06,—
ryptotranslator,1,2.569082631973775e-06,—
ctaic,1,2.569082631973775e-06,—
cychung,1,2.569082631973775e-06,—
daniel,1,2.569082631973775e-06,—
zarzecki,1,2.569082631973775e-06,—
danimeister,1,2.569082631973775e-06,—
dawyer,1,2.569082631973775e-06,—
efiitherry,1,2.569082631973775e-06,—
dovbyshbgd,1,2.569082631973775e-06,—
ffecthen,1,2.569082631973775e-06,—
erfanej,1,2.569082631973775e-06,—
fabia,1,2.569082631973775e-06,—
ycnd,1,2.569082631973775e-06,—
aedo,1,2.569082631973775e-06,—
engfeng,1,2.569082631973775e-06,—
fernandostds,1,2.569082631973775e-06,—
uliggine,1,2.569082631973775e-06,—
globart,1,2.569082631973775e-06,—
okulvinayak,1,2.569082631973775e-06,—
gonzagramaglia,1,2.569082631973775e-06,—
ackedd,1,2.569082631973775e-06,—
hamkad,1,2.569082631973775e-06,—
hangleang,1,2.569082631973775e-06,—
hedwika,1,2.569082631973775e-06,—
horvathbenedek,1,2.569082631973775e-06,—
hyperalchemy,1,2.569082631973775e-06,—
hypolithe,1,2.569082631973775e-06,—
ikpongetimfon,1,2.569082631973775e-06,—
insidetrader,1,2.569082631973775e-06,—
iremkoci,1,2.569082631973775e-06,—
isaachavertz,1,2.569082631973775e-06,—
isinasli,1,2.569082631973775e-06,—
itsdeeters,1,2.569082631973775e-06,—
tungbenga,1,2.569082631973775e-06,—
jasminesprout,1,2.569082631973775e-06,—
jau,1,2.569082631973775e-06,—
ayu,1,2.569082631973775e-06,—
joha,1,2.569082631973775e-06,—
okowdd,1,2.569082631973775e-06,—
kenforever,1,2.569082631973775e-06,—
khalilhammod,1,2.569082631973775e-06,—
yungwonark,1,2.569082631973775e-06,—
leogold,1,2.569082631973775e-06,—
lilyfish,1,2.569082631973775e-06,—
lukakovacica,1,2.569082631973775e-06,—
creimer,1,2.569082631973775e-06,—
minhkek,1,2.569082631973775e-06,—
mireiacanaleta,1,2.569082631973775e-06,—
iromiro,1,2.569082631973775e-06,—
mk,1,2.569082631973775e-06,—
motunbeg,1,2.569082631973775e-06,—
rbaab,1,2.569082631973775e-06,—
msliwinski,1,2.569082631973775e-06,—
uneeb,1,2.569082631973775e-06,—
norhorn,1,2.569082631973775e-06,—
ntiu,1,2.569082631973775e-06,—
nugen,1,2.569082631973775e-06,—
omahs,1,2.569082631973775e-06,—
omkarkamale,1,2.569082631973775e-06,—
omsify,1,2.569082631973775e-06,—
zje,1,2.569082631973775e-06,—
patthpapong,1,2.569082631973775e-06,—
plamarque,1,2.569082631973775e-06,—
rafarocha,1,2.569082631973775e-06,—
regislanderge,1,2.569082631973775e-06,—
rooibos,1,2.569082631973775e-06,—
ubenilva,1,2.569082631973775e-06,—
ryoji,1,2.569082631973775e-06,—
imai,1,2.569082631973775e-06,—
agitario,1,2.569082631973775e-06,—
sakeenah,1,2.569082631973775e-06,—
selcuk,1,2.569082631973775e-06,—
seunbayo,1,2.569082631973775e-06,—
shsh,1,2.569082631973775e-06,—
sipbikardi,1,2.569082631973775e-06,—
smrtdeal,1,2.569082631973775e-06,—
socopower,1,2.569082631973775e-06,—
sophiesworld,1,2.569082631973775e-06,—
oplayerone,1,2.569082631973775e-06,—
anjaale,1,2.569082631973775e-06,—
tarcanhursit,1,2.569082631973775e-06,—
tareqgh,1,2.569082631973775e-06,—
tair,1,2.569082631973775e-06,—
abjadao,1,2.569082631973775e-06,—
emmytee,1,2.569082631973775e-06,—
thebuzagi,1,2.569082631973775e-06,—
thenfh,1,2.569082631973775e-06,—
timtey,1,2.569082631973775e-06,—
ommyolf,1,2.569082631973775e-06,—
ufsdgvkemywhunhgaboze,1,2.569082631973775e-06,—
utomo,1,2.569082631973775e-06,—
wlkns,1,2.569082631973775e-06,—
waseemnaik,1,2.569082631973775e-06,—
washbin,1,2.569082631973775e-06,—
wholesomebruh,1,2.569082631973775e-06,—
wosek,1,2.569082631973775e-06,—
shota,1,2.569082631973775e-06,—
aviershen,1,2.569082631973775e-06,—
eift,1,2.569082631973775e-06,—
yulkor,1,2.569082631973775e-06,—
zeydrm,1,2.569082631973775e-06,—
zharjac,1,2.569082631973775e-06,—
protests,1,2.569082631973775e-06,—
escalates,1,2.569082631973775e-06,—
nationals,1,2.569082631973775e-06,—
ewish,1,2.569082631973775e-06,—
justin,1,2.569082631973775e-06,—
traglia,1,2.569082631973775e-06,—
afl,1,2.569082631973775e-06,—
uzzerestnenput,1,2.569082631973775e-06,—
differentially,1,2.569082631973775e-06,—
profdata,1,2.569082631973775e-06,—
cov,1,2.569082631973775e-06,—
akefile,1,2.569082631973775e-06,—
rofiling,1,2.569082631973775e-06,—
prof,1,2.569082631973775e-06,—
everse,1,2.569082631973775e-06,—
decompiled,1,2.569082631973775e-06,—
inlined,1,2.569082631973775e-06,—
rename,1,2.569082631973775e-06,—
anitize,1,2.569082631973775e-06,—
antizers,1,2.569082631973775e-06,—
instrument,1,2.569082631973775e-06,—
sanitizers,1,2.569082631973775e-06,—
ddressanitizer,1,2.569082631973775e-06,—
fsanitizeaddress,1,2.569082631973775e-06,—
emoryanitizer,1,2.569082631973775e-06,—
fsanitizememory,1,2.569082631973775e-06,—
ehavior,1,2.569082631973775e-06,—
definedehavioranitizer,1,2.569082631973775e-06,—
langauge,1,2.569082631973775e-06,—
dereferencing,1,2.569082631973775e-06,—
fsanitizeundefined,1,2.569082631973775e-06,—
hread,1,2.569082631973775e-06,—
hreadanitizer,1,2.569082631973775e-06,—
semaphores,1,2.569082631973775e-06,—
pthread,1,2.569082631973775e-06,—
fsanitizethread,1,2.569082631973775e-06,—
instrumentation,1,2.569082631973775e-06,—
emcheck,1,2.569082631973775e-06,—
reputable,1,2.569082631973775e-06,—
sucessfully,1,2.569082631973775e-06,—
finders,1,2.569082631973775e-06,—
ndependent,1,2.569082631973775e-06,—
aksim,1,2.569082631973775e-06,—
smanbey,1,2.569082631973775e-06,—
ifi,1,2.569082631973775e-06,—
iralo,1,2.569082631973775e-06,—
crisp,1,2.569082631973775e-06,—
jacket,1,2.569082631973775e-06,—
hills,1,2.569082631973775e-06,—
sturdy,1,2.569082631973775e-06,—
shoes,1,2.569082631973775e-06,—
hilly,1,2.569082631973775e-06,—
ransportatio,1,2.569082631973775e-06,—
tram,1,2.569082631973775e-06,—
transports,1,2.569082631973775e-06,—
iaksi,1,2.569082631973775e-06,—
plate,1,2.569082631973775e-06,—
towel,1,2.569082631973775e-06,—
dispatched,1,2.569082631973775e-06,—
treameth,1,2.569082631973775e-06,—
thoughtfully,1,2.569082631973775e-06,—
rcade,1,2.569082631973775e-06,—
doptio,1,2.569082631973775e-06,—
ignite,1,2.569082631973775e-06,—
dpact,1,2.569082631973775e-06,—
erkezsiz,1,2.569082631973775e-06,—
aribu,1,2.569082631973775e-06,—
nite,1,2.569082631973775e-06,—
pact,1,2.569082631973775e-06,—
gathers,1,2.569082631973775e-06,—
esearchooors,1,2.569082631973775e-06,—
günü,1,2.569082631973775e-06,—
vail,1,2.569082631973775e-06,—
provoking,1,2.569082631973775e-06,—
hyperlinks,1,2.569082631973775e-06,—
theses,1,2.569082631973775e-06,—
eramic,1,2.569082631973775e-06,—
esh,1,2.569082631973775e-06,—
eramo,1,2.569082631973775e-06,—
enlighten,1,2.569082631973775e-06,—
revolutionizing,1,2.569082631973775e-06,—
dashboarding,1,2.569082631973775e-06,—
olus,1,2.569082631973775e-06,—
alletncon,1,2.569082631973775e-06,—
onflu,1,2.569082631973775e-06,—
nleashed,1,2.569082631973775e-06,—
incerely,1,2.569082631973775e-06,—
karam,1,2.569082631973775e-06,—
alhamad,1,2.569082631973775e-06,—
nrisis,1,2.569082631973775e-06,—
cruel,1,2.569082631973775e-06,—
twisted,1,2.569082631973775e-06,—
impotent,1,2.569082631973775e-06,—
dehumanization,1,2.569082631973775e-06,—
grounds,1,2.569082631973775e-06,—
detained,1,2.569082631973775e-06,—
tortured,1,2.569082631973775e-06,—
repression,1,2.569082631973775e-06,—
pursuits,1,2.569082631973775e-06,—
semblance,1,2.569082631973775e-06,—
smuggling,1,2.569082631973775e-06,—
residence,1,2.569082631973775e-06,—
nprecedented,1,2.569082631973775e-06,—
grappled,1,2.569082631973775e-06,—
troubling,1,2.569082631973775e-06,—
yanmar,1,2.569082631973775e-06,—
ebanon,1,2.569082631973775e-06,—
authoritarian,1,2.569082631973775e-06,—
unencumbered,1,2.569082631973775e-06,—
inertia,1,2.569082631973775e-06,—
etour,1,2.569082631973775e-06,—
ives,1,2.569082631973775e-06,—
icture,1,2.569082631973775e-06,—
colossal,1,2.569082631973775e-06,—
subcontractors,1,2.569082631973775e-06,—
multilateral,1,2.569082631973775e-06,—
pristine,1,2.569082631973775e-06,—
oyota,1,2.569082631973775e-06,—
ruisers,1,2.569082631973775e-06,—
mismanagement,1,2.569082631973775e-06,—
whittled,1,2.569082631973775e-06,—
betrayal,1,2.569082631973775e-06,—
squandering,1,2.569082631973775e-06,—
trickle,1,2.569082631973775e-06,—
attitudes,1,2.569082631973775e-06,—
raq,1,2.569082631973775e-06,—
surrounded,1,2.569082631973775e-06,—
neglect,1,2.569082631973775e-06,—
platforming,1,2.569082631973775e-06,—
ounde,1,2.569082631973775e-06,—
unintentional,1,2.569082631973775e-06,—
paralysis,1,2.569082631973775e-06,—
hesitancy,1,2.569082631973775e-06,—
nforgiving,1,2.569082631973775e-06,—
lassroom,1,2.569082631973775e-06,—
scarred,1,2.569082631973775e-06,—
displacement,1,2.569082631973775e-06,—
catastrophe,1,2.569082631973775e-06,—
crumbled,1,2.569082631973775e-06,—
ndaoment,1,2.569082631973775e-06,—
mobilization,1,2.569082631973775e-06,—
iras,1,2.569082631973775e-06,—
olham,1,2.569082631973775e-06,—
hindrance,1,2.569082631973775e-06,—
ractices,1,2.569082631973775e-06,—
mismanaging,1,2.569082631973775e-06,—
aftermath,1,2.569082631973775e-06,—
quake,1,2.569082631973775e-06,—
hawala,1,2.569082631973775e-06,—
patriate,1,2.569082631973775e-06,—
dvertisement,1,2.569082631973775e-06,—
leppo,1,2.569082631973775e-06,—
uratona,1,2.569082631973775e-06,—
eastern,1,2.569082631973775e-06,—
apprehensions,1,2.569082631973775e-06,—
kepticism,1,2.569082631973775e-06,—
remittances,1,2.569082631973775e-06,—
cues,1,2.569082631973775e-06,—
soliciting,1,2.569082631973775e-06,—
consultations,1,2.569082631973775e-06,—
maze,1,2.569082631973775e-06,—
paralyzed,1,2.569082631973775e-06,—
humanizing,1,2.569082631973775e-06,—
desperately,1,2.569082631973775e-06,—
marred,1,2.569082631973775e-06,—
proimity,1,2.569082631973775e-06,—
faceless,1,2.569082631973775e-06,—
artery,1,2.569082631973775e-06,—
pulse,1,2.569082631973775e-06,—
frailties,1,2.569082631973775e-06,—
falter,1,2.569082631973775e-06,—
duress,1,2.569082631973775e-06,—
ackson,1,2.569082631973775e-06,—
ffairs,1,2.569082631973775e-06,—
necades,1,2.569082631973775e-06,—
remenisce,1,2.569082631973775e-06,—
obscured,1,2.569082631973775e-06,—
earnestly,1,2.569082631973775e-06,—
wording,1,2.569082631973775e-06,—
altruistically,1,2.569082631973775e-06,—
emblematic,1,2.569082631973775e-06,—
iehaus,1,2.569082631973775e-06,—
brimming,1,2.569082631973775e-06,—
uco,1,2.569082631973775e-06,—
subscribing,1,2.569082631973775e-06,—
nformatics,1,2.569082631973775e-06,—
trainings,1,2.569082631973775e-06,—
zines,1,2.569082631973775e-06,—
lobtar,1,2.569082631973775e-06,—
furnishing,1,2.569082631973775e-06,—
ican,1,2.569082631973775e-06,—
duo,1,2.569082631973775e-06,—
thermals,1,2.569082631973775e-06,—
onkila,1,2.569082631973775e-06,—
internetworking,1,2.569082631973775e-06,—
homestaking,1,2.569082631973775e-06,—
omestaker,1,2.569082631973775e-06,—
customizing,1,2.569082631973775e-06,—
perated,1,2.569082631973775e-06,—
oyager,1,2.569082631973775e-06,—
phenomena,1,2.569082631973775e-06,—
draprastha,1,2.569082631973775e-06,—
del,1,2.569082631973775e-06,—
undergrads,1,2.569082631973775e-06,—
grads,1,2.569082631973775e-06,—
alums,1,2.569082631973775e-06,—
constituted,1,2.569082631973775e-06,—
undergirds,1,2.569082631973775e-06,—
cellular,1,2.569082631973775e-06,—
catalysts,1,2.569082631973775e-06,—
undleear,1,2.569082631973775e-06,—
olledge,1,2.569082631973775e-06,—
fellowships,1,2.569082631973775e-06,—
çukurova,1,2.569082631973775e-06,—
thon,1,2.569082631973775e-06,—
educates,1,2.569082631973775e-06,—
incenticize,1,2.569082631973775e-06,—
iabu,1,2.569082631973775e-06,—
teli,1,2.569082631973775e-06,—
angolquí,1,2.569082631973775e-06,—
cryptology,1,2.569082631973775e-06,—
nkara,1,2.569082631973775e-06,—
roeger,1,2.569082631973775e-06,—
eton,1,2.569082631973775e-06,—
maths,1,2.569082631973775e-06,—
esin,1,2.569082631973775e-06,—
lasov,1,2.569082631973775e-06,—
alini,1,2.569082631973775e-06,—
corpus,1,2.569082631973775e-06,—
rateless,1,2.569082631973775e-06,—
reconciliation,1,2.569082631973775e-06,—
moothing,1,2.569082631973775e-06,—
oah,1,2.569082631973775e-06,—
igueras,1,2.569082631973775e-06,—
ultiplications,1,2.569082631973775e-06,—
itizen,1,2.569082631973775e-06,—
ertificate,1,2.569082631973775e-06,—
yurenju,1,2.569082631973775e-06,—
iscreetly,1,2.569082631973775e-06,—
mbassy,1,2.569082631973775e-06,—
astávka,1,2.569082631973775e-06,—
ubmojis,1,2.569082631973775e-06,—
oham,1,2.569082631973775e-06,—
emse,1,2.569082631973775e-06,—
riter,1,2.569082631973775e-06,—
omurovec,1,2.569082631973775e-06,—
terations,1,2.569082631973775e-06,—
ern,1,2.569082631973775e-06,—
unpittaya,1,2.569082631973775e-06,—
raz,1,2.569082631973775e-06,—
uis,1,2.569082631973775e-06,—
astrangelo,1,2.569082631973775e-06,—
suzawa,1,2.569082631973775e-06,—
ebolsi,1,2.569082631973775e-06,—
drey,1,2.569082631973775e-06,—
decompile,1,2.569082631973775e-06,—
quantifies,1,2.569082631973775e-06,—
traders,1,2.569082631973775e-06,—
pacesider,1,2.569082631973775e-06,—
ockogic,1,2.569082631973775e-06,—
buildathon,1,2.569082631973775e-06,—
llocated,1,2.569082631973775e-06,—
tandardizatio,1,2.569082631973775e-06,—
inalization,1,2.569082631973775e-06,—
asia,1,2.569082631973775e-06,—
omes,1,2.569082631973775e-06,—
melting,1,2.569082631973775e-06,—
envelop,1,2.569082631973775e-06,—
scenic,1,2.569082631973775e-06,—
pulsates,1,2.569082631973775e-06,—
ambodia,1,2.569082631973775e-06,—
reflective,1,2.569082631973775e-06,—
livestreamed,1,2.569082631973775e-06,—
ummoning,1,2.569082631973775e-06,—
interrupting,1,2.569082631973775e-06,—
impediments,1,2.569082631973775e-06,—
edceaeeaecdcfccbfbfddcdefdc,1,2.569082631973775e-06,—
mzgygiihjbfmpsftwgrahdy,1,2.569082631973775e-06,—
ranscript,1,2.569082631973775e-06,—
commemorative,1,2.569082631973775e-06,—
musical,1,2.569082631973775e-06,—
boy,1,2.569082631973775e-06,—
improv,1,2.569082631973775e-06,—
chemicals,1,2.569082631973775e-06,—
trange,1,2.569082631973775e-06,—
ummons,1,2.569082631973775e-06,—
efiant,1,2.569082631973775e-06,—
egan,1,2.569082631973775e-06,—
pisode,1,2.569082631973775e-06,—
urkan,1,2.569082631973775e-06,—
offman,1,2.569082631973775e-06,—
thaterders,1,2.569082631973775e-06,—
ooja,1,2.569082631973775e-06,—
picenter,1,2.569082631973775e-06,—
riederike,1,2.569082631973775e-06,—
earnt,1,2.569082631973775e-06,—
orrying,1,2.569082631973775e-06,—
hotto,1,2.569082631973775e-06,—
jblst,1,2.569082631973775e-06,—
tefanratanov,1,2.569082631973775e-06,—
agopian,1,2.569082631973775e-06,—
jsign,1,2.569082631973775e-06,—
drand,1,2.569082631973775e-06,—
rnaucube,1,2.569082631973775e-06,—
arnaucube,1,2.569082631973775e-06,—
dknopik,1,2.569082631973775e-06,—
ariusanerijden,1,2.569082631973775e-06,—
atrice,1,2.569082631973775e-06,—
ignola,1,2.569082631973775e-06,—
atriceignola,1,2.569082631973775e-06,—
czg,1,2.569082631973775e-06,—
keremony,1,2.569082631973775e-06,—
oonyo,1,2.569082631973775e-06,—
yungi,1,2.569082631973775e-06,—
flcl,1,2.569082631973775e-06,—
heehyuan,1,2.569082631973775e-06,—
chee,1,2.569082631973775e-06,—
chyuan,1,2.569082631973775e-06,—
ichal,1,2.569082631973775e-06,—
mpzajac,1,2.569082631973775e-06,—
orge,1,2.569082631973775e-06,—
jmederosalvarado,1,2.569082631973775e-06,—
rince,1,2.569082631973775e-06,—
pri,1,2.569082631973775e-06,—
terface,1,2.569082631973775e-06,—
eferences,1,2.569082631973775e-06,—
departs,1,2.569082631973775e-06,—
dogekzg,1,2.569082631973775e-06,—
mevfvanincafmgwojovr,1,2.569082631973775e-06,—
mszhneeakiiwkjrmic,1,2.569082631973775e-06,—
ibraries,1,2.569082631973775e-06,—
onstantine,1,2.569082631973775e-06,—
matterlabs,1,2.569082631973775e-06,—
nlook,1,2.569082631973775e-06,—
nostalgic,1,2.569082631973775e-06,—
proudest,1,2.569082631973775e-06,—
ranslated,1,2.569082631973775e-06,—
ager,1,2.569082631973775e-06,—
uizzes,1,2.569082631973775e-06,—
uiz,1,2.569082631973775e-06,—
adapts,1,2.569082631973775e-06,—
assists,1,2.569082631973775e-06,—
prouder,1,2.569082631973775e-06,—
commissioning,1,2.569082631973775e-06,—
stylish,1,2.569082631973775e-06,—
alfway,1,2.569082631973775e-06,—
hecticness,1,2.569082631973775e-06,—
premise,1,2.569082631973775e-06,—
avigation,1,2.569082631973775e-06,—
overlook,1,2.569082631973775e-06,—
comically,1,2.569082631973775e-06,—
ridging,1,2.569082631973775e-06,—
webinar,1,2.569082631973775e-06,—
nven,1,2.569082631973775e-06,—
atterns,1,2.569082631973775e-06,—
kopje,1,2.569082631973775e-06,—
urocrypt,1,2.569082631973775e-06,—
anbir,1,2.569082631973775e-06,—
hino,1,2.569082631973775e-06,—
armaga,1,2.569082631973775e-06,—
ycademy,1,2.569082631973775e-06,—
laims,1,2.569082631973775e-06,—
featureset,1,2.569082631973775e-06,—
shadowforks,1,2.569082631973775e-06,—
indberg,1,2.569082631973775e-06,—
pepc,1,2.569082631973775e-06,—
aji,1,2.569082631973775e-06,—
andis,1,2.569082631973775e-06,—
chwartzbach,1,2.569082631973775e-06,—
olistic,1,2.569082631973775e-06,—
rett,1,2.569082631973775e-06,—
alatiello,1,2.569082631973775e-06,—
macroeconomic,1,2.569082631973775e-06,—
equilibria,1,2.569082631973775e-06,—
alil,1,2.569082631973775e-06,—
igueiredo,1,2.569082631973775e-06,—
ataru,1,2.569082631973775e-06,—
aylon,1,2.569082631973775e-06,—
epse,1,2.569082631973775e-06,—
roimity,1,2.569082631973775e-06,—
onurinanc,1,2.569082631973775e-06,—
leepinghell,1,2.569082631973775e-06,—
tarky,1,2.569082631973775e-06,—
laborated,1,2.569082631973775e-06,—
echniques,1,2.569082631973775e-06,—
ranger,1,2.569082631973775e-06,—
hisk,1,2.569082631973775e-06,—
urdleproofs,1,2.569082631973775e-06,—
aewon,1,2.569082631973775e-06,—
ingchi,1,2.569082631973775e-06,—
discerning,1,2.569082631973775e-06,—
zkobileet,1,2.569082631973775e-06,—
emar,1,2.569082631973775e-06,—
ugusto,1,2.569082631973775e-06,—
obileet,1,2.569082631973775e-06,—
quantization,1,2.569082631973775e-06,—
atan,1,2.569082631973775e-06,—
rasma,1,2.569082631973775e-06,—
eekly,1,2.569082631973775e-06,—
oundedness,1,2.569082631973775e-06,—
soundedness,1,2.569082631973775e-06,—
incidences,1,2.569082631973775e-06,—
avide,1,2.569082631973775e-06,—
ezzoli,1,2.569082631973775e-06,—
epatriation,1,2.569082631973775e-06,—
disburse,1,2.569082631973775e-06,—
ornell,1,2.569082631973775e-06,—
funder,1,2.569082631973775e-06,—
girl,1,2.569082631973775e-06,—
moonmath,1,2.569082631973775e-06,—
whitepapers,1,2.569082631973775e-06,—
blowing,1,2.569082631973775e-06,—
nabling,1,2.569082631973775e-06,—
lphonce,1,2.569082631973775e-06,—
eflections,1,2.569082631973775e-06,—
nveiling,1,2.569082631973775e-06,—
nclusivity,1,2.569082631973775e-06,—
awaiters,1,2.569082631973775e-06,—
bookmarking,1,2.569082631973775e-06,—
corridors,1,2.569082631973775e-06,—
blending,1,2.569082631973775e-06,—
infuse,1,2.569082631973775e-06,—
mystical,1,2.569082631973775e-06,—
prisms,1,2.569082631973775e-06,—
pilled,1,2.569082631973775e-06,—
lizards,1,2.569082631973775e-06,—
hyped,1,2.569082631973775e-06,—
marius,1,2.569082631973775e-06,—
wijden,1,2.569082631973775e-06,—
wahrstätter,1,2.569082631973775e-06,—
parithosh,1,2.569082631973775e-06,—
jayanthi,1,2.569082631973775e-06,—
outpays,1,2.569082631973775e-06,—
reorging,1,2.569082631973775e-06,—
specificly,1,2.569082631973775e-06,—
grinded,1,2.569082631973775e-06,—
snappy,1,2.569082631973775e-06,—
mysticryuuji,1,2.569082631973775e-06,—
struggeling,1,2.569082631973775e-06,—
emediatio,1,2.569082631973775e-06,—
ambdaclass,1,2.569082631973775e-06,—
rapper,1,2.569082631973775e-06,—
ptimises,1,2.569082631973775e-06,—
aggregtion,1,2.569082631973775e-06,—
lados,1,2.569082631973775e-06,—
onitors,1,2.569082631973775e-06,—
visualises,1,2.569082631973775e-06,—
bundlers,1,2.569082631973775e-06,—
steep,1,2.569082631973775e-06,—
irla,1,2.569082631973775e-06,—
eris,1,2.569082631973775e-06,—
thiopian,1,2.569082631973775e-06,—
mharic,1,2.569082631973775e-06,—
ourses,1,2.569082631973775e-06,—
osto,1,2.569082631973775e-06,—
oston,1,2.569082631973775e-06,—
lovakia,1,2.569082631973775e-06,—
arcourt,1,2.569082631973775e-06,—
stonia,1,2.569082631973775e-06,—
muuenos,1,2.569082631973775e-06,—
useatri,1,2.569082631973775e-06,—
etnica,1,2.569082631973775e-06,—
webinars,1,2.569082631973775e-06,—
outhern,1,2.569082631973775e-06,—
espaigne,1,2.569082631973775e-06,—
zkay,1,2.569082631973775e-06,—
zkarek,1,2.569082631973775e-06,—
antern,1,2.569082631973775e-06,—
lla,1,2.569082631973775e-06,—
ascal,1,2.569082631973775e-06,—
tichler,1,2.569082631973775e-06,—
aug,1,2.569082631973775e-06,—
oordinations,1,2.569082631973775e-06,—
coordinations,1,2.569082631973775e-06,—
conductor,1,2.569082631973775e-06,—
yperlonk,1,2.569082631973775e-06,—
ublicly,1,2.569082631973775e-06,—
eim,1,2.569082631973775e-06,—
dunge,1,2.569082631973775e-06,—
anmay,1,2.569082631973775e-06,—
ollout,1,2.569082631973775e-06,—
seng,1,2.569082631973775e-06,—
rocuring,1,2.569082631973775e-06,—
surveying,1,2.569082631973775e-06,—
ugo,1,2.569082631973775e-06,—
rticle,1,2.569082631973775e-06,—
aussia,1,2.569082631973775e-06,—
uickilver,1,2.569082631973775e-06,—
émi,1,2.569082631973775e-06,—
oli,1,2.569082631973775e-06,—
elving,1,2.569082631973775e-06,—
alizk,1,2.569082631973775e-06,—
nhancement,1,2.569082631973775e-06,—
ometh,1,2.569082631973775e-06,—
fortify,1,2.569082631973775e-06,—
icro,1,2.569082631973775e-06,—
goc,1,2.569082631973775e-06,—
aguib,1,2.569082631973775e-06,—
autoencoder,1,2.569082631973775e-06,—
trapping,1,2.569082631973775e-06,—
oungwan,1,2.569082631973775e-06,—
bservability,1,2.569082631973775e-06,—
ariety,1,2.569082631973775e-06,—
paymasters,1,2.569082631973775e-06,—
overnors,1,2.569082631973775e-06,—
olide,1,2.569082631973775e-06,—
ethto,1,2.569082631973775e-06,—
eographical,1,2.569082631973775e-06,—
osterts,1,2.569082631973775e-06,—
ostoe,1,2.569082631973775e-06,—
ilipovic,1,2.569082631973775e-06,—
krainians,1,2.569082631973775e-06,—
ranscriptions,1,2.569082631973775e-06,—
transcriptions,1,2.569082631973775e-06,—
suppot,1,2.569082631973775e-06,—
vita,1,2.569082631973775e-06,—
iroshi,1,2.569082631973775e-06,—
imehai,1,2.569082631973775e-06,—
uggested,1,2.569082631973775e-06,—
elayer,1,2.569082631973775e-06,—
moo,1,2.569082631973775e-06,—
dustrialization,1,2.569082631973775e-06,—
ibd,1,2.569082631973775e-06,—
ilos,1,2.569082631973775e-06,—
tankovic,1,2.569082631973775e-06,—
rin,1,2.569082631973775e-06,—
ohas,1,2.569082631973775e-06,—
gus,1,2.569082631973775e-06,—
ippenaar,1,2.569082631973775e-06,—
nyota,1,2.569082631973775e-06,—
preceded,1,2.569082631973775e-06,—
spired,1,2.569082631973775e-06,—
borderless,1,2.569082631973775e-06,—
africa,1,2.569082631973775e-06,—
uickly,1,2.569082631973775e-06,—
austinen,1,2.569082631973775e-06,—
interation,1,2.569082631973775e-06,—
eflecting,1,2.569082631973775e-06,—
thandaps,1,2.569082631973775e-06,—
contrbutions,1,2.569082631973775e-06,—
mbrace,1,2.569082631973775e-06,—
kytrain,1,2.569082631973775e-06,—
nvolvement,1,2.569082631973775e-06,—
etracurricular,1,2.569082631973775e-06,—
roven,1,2.569082631973775e-06,—
evidenced,1,2.569082631973775e-06,—
dance,1,2.569082631973775e-06,—
poetry,1,2.569082631973775e-06,—
sci,1,2.569082631973775e-06,—
paced,1,2.569082631973775e-06,—
affles,1,2.569082631973775e-06,—
airy,1,2.569082631973775e-06,—
rchblock,1,2.569082631973775e-06,—
olden,1,2.569082631973775e-06,—
laiming,1,2.569082631973775e-06,—
equests,1,2.569082631973775e-06,—
egins,1,2.569082631973775e-06,—
reti,1,2.569082631973775e-06,—
anoi,1,2.569082631973775e-06,—
hnom,1,2.569082631973775e-06,—
enh,1,2.569082631973775e-06,—
akarta,1,2.569082631973775e-06,—
anila,1,2.569082631973775e-06,—
brainstorm,1,2.569082631973775e-06,—
ongkra,1,2.569082631973775e-06,—
rames,1,2.569082631973775e-06,—
frames,1,2.569082631973775e-06,—
foresee,1,2.569082631973775e-06,—
uplifted,1,2.569082631973775e-06,—
zochukwu,1,2.569082631973775e-06,—
tugrow,1,2.569082631973775e-06,—
digitizes,1,2.569082631973775e-06,—
cooperatives,1,2.569082631973775e-06,—
advertisement,1,2.569082631973775e-06,—
arberger,1,2.569082631973775e-06,—
rapakis,1,2.569082631973775e-06,—
aleia,1,2.569082631973775e-06,—
editerranean,1,2.569082631973775e-06,—
recycled,1,2.569082631973775e-06,—
ercedes,1,2.569082631973775e-06,—
imo,1,2.569082631973775e-06,—
activist,1,2.569082631973775e-06,—
ebecca,1,2.569082631973775e-06,—
qamelo,1,2.569082631973775e-06,—
omislav,1,2.569082631973775e-06,—
amić,1,2.569082631973775e-06,—
unicipal,1,2.569082631973775e-06,—
protostar,1,2.569082631973775e-06,—
oldwasser,1,2.569082631973775e-06,—
alai,1,2.569082631973775e-06,—
othblum,1,2.569082631973775e-06,—
rotostar,1,2.569082631973775e-06,—
parallelism,1,2.569082631973775e-06,—
onstraints,1,2.569082631973775e-06,—
tanislav,1,2.569082631973775e-06,—
arycev,1,2.569082631973775e-06,—
reesitter,1,2.569082631973775e-06,—
gnostic,1,2.569082631973775e-06,—
ako,1,2.569082631973775e-06,—
ema,1,2.569082631973775e-06,—
widen,1,2.569082631973775e-06,—
oojum,1,2.569082631973775e-06,—
inyi,1,2.569082631973775e-06,—
rings,1,2.569082631973775e-06,—
arithmetized,1,2.569082631973775e-06,—
eproducible,1,2.569082631973775e-06,—
posing,1,2.569082631973775e-06,—
lessens,1,2.569082631973775e-06,—
etecting,1,2.569082631973775e-06,—
eakage,1,2.569082631973775e-06,—
necessitating,1,2.569082631973775e-06,—
deduction,1,2.569082631973775e-06,—
taint,1,2.569082631973775e-06,—
hader,1,2.569082631973775e-06,—
acbook,1,2.569082631973775e-06,—
aylord,1,2.569082631973775e-06,—
rendan,1,2.569082631973775e-06,—
armer,1,2.569082631973775e-06,—
obbin,1,2.569082631973775e-06,—
hreadbare,1,2.569082631973775e-06,—
enhao,1,2.569082631973775e-06,—
erformant,1,2.569082631973775e-06,—
houhy,1,2.569082631973775e-06,—
anas,1,2.569082631973775e-06,—
ookups,1,2.569082631973775e-06,—
aulk,1,2.569082631973775e-06,—
aloo,1,2.569082631973775e-06,—
asso,1,2.569082631973775e-06,—
eroool,1,2.569082631973775e-06,—
deevelopment,1,2.569082631973775e-06,—
arkify,1,2.569082631973775e-06,—
lonkish,1,2.569082631973775e-06,—
ncrementally,1,2.569082631973775e-06,—
symmetrically,1,2.569082631973775e-06,—
anze,1,2.569082631973775e-06,—
modularly,1,2.569082631973775e-06,—
alus,1,2.569082631973775e-06,—
updatesblog,1,2.569082631973775e-06,—
clicked,1,2.569082631973775e-06,—
drainer,1,2.569082631973775e-06,—
drained,1,2.569082631973775e-06,—
intial,1,2.569082631973775e-06,—
revented,1,2.569082631973775e-06,—
cloudflare,1,2.569082631973775e-06,—
immunefi,1,2.569082631973775e-06,—
eps,1,2.569082631973775e-06,—
ttackathons,1,2.569082631973775e-06,—
claimable,1,2.569082631973775e-06,—
rejections,1,2.569082631973775e-06,—
afeguard,1,2.569082631973775e-06,—
loggers,1,2.569082631973775e-06,—
podcasters,1,2.569082631973775e-06,—
friendships,1,2.569082631973775e-06,—
ewcomers,1,2.569082631973775e-06,—
nomads,1,2.569082631973775e-06,—
translatatho,1,2.569082631973775e-06,—
codev,1,2.569082631973775e-06,—
oordinators,1,2.569082631973775e-06,—
arquet,1,2.569082631973775e-06,—
webhooks,1,2.569082631973775e-06,—
backfills,1,2.569082631973775e-06,—
synchronises,1,2.569082631973775e-06,—
dashboad,1,2.569082631973775e-06,—
incoprorating,1,2.569082631973775e-06,—
ayloads,1,2.569082631973775e-06,—
censorable,1,2.569082631973775e-06,—
ealthy,1,2.569082631973775e-06,—
aselines,1,2.569082631973775e-06,—
veering,1,2.569082631973775e-06,—
unhealthy,1,2.569082631973775e-06,—
atu,1,2.569082631973775e-06,—
reth,1,2.569082631973775e-06,—
linu,1,2.569082631973775e-06,—
pansio,1,2.569082631973775e-06,—
tandardised,1,2.569082631973775e-06,—
geneses,1,2.569082631973775e-06,—
tandardizing,1,2.569082631973775e-06,—
nriching,1,2.569082631973775e-06,—
actionable,1,2.569082631973775e-06,—
eeri,1,2.569082631973775e-06,—
acional,1,2.569082631973775e-06,—
utónoma,1,2.569082631973775e-06,—
lockplit,1,2.569082631973775e-06,—
uplift,1,2.569082631973775e-06,—
ubli,1,2.569082631973775e-06,—
anpur,1,2.569082631973775e-06,—
omets,1,2.569082631973775e-06,—
uildathon,1,2.569082631973775e-06,—
urbe,1,2.569082631973775e-06,—
ackiesta,1,2.569082631973775e-06,—
ucknow,1,2.569082631973775e-06,—
raterntiy,1,2.569082631973775e-06,—
ett,1,2.569082631973775e-06,—
ornadas,1,2.569082631973775e-06,—
rgentinas,1,2.569082631973775e-06,—
idáctica,1,2.569082631973775e-06,—
omputació,1,2.569082631973775e-06,—
pedagogy,1,2.569082631973775e-06,—
muccra,1,2.569082631973775e-06,—
penense,1,2.569082631973775e-06,—
uardians,1,2.569082631973775e-06,—
hau,1,2.569082631973775e-06,—
onds,1,2.569082631973775e-06,—
hristoforos,1,2.569082631973775e-06,—
achris,1,2.569082631973775e-06,—
ranesh,1,2.569082631973775e-06,—
handbook,1,2.569082631973775e-06,—
astle,1,2.569082631973775e-06,—
eipzig,1,2.569082631973775e-06,—
lden,1,2.569082631973775e-06,—
eresa,1,2.569082631973775e-06,—
adilla,1,2.569082631973775e-06,—
ucila,1,2.569082631973775e-06,—
astore,1,2.569082631973775e-06,—
taps,1,2.569082631973775e-06,—
peeding,1,2.569082631973775e-06,—
reserving,1,2.569082631973775e-06,—
ryanycw,1,2.569082631973775e-06,—
nonymized,1,2.569082631973775e-06,—
ignup,1,2.569082631973775e-06,—
evisiting,1,2.569082631973775e-06,—
azumune,1,2.569082631973775e-06,—
asaki,1,2.569082631973775e-06,—
ssisting,1,2.569082631973775e-06,—
oname,1,2.569082631973775e-06,—
zksecurity,1,2.569082631973775e-06,—
ondhe,1,2.569082631973775e-06,—
ajesh,1,2.569082631973775e-06,—
tsuki,1,2.569082631973775e-06,—
omose,1,2.569082631973775e-06,—
ommissio,1,2.569082631973775e-06,—
implementability,1,2.569082631973775e-06,—
everie,1,2.569082631973775e-06,—
otelnikova,1,2.569082631973775e-06,—
ébastien,1,2.569082631973775e-06,—
ontigny,1,2.569082631973775e-06,—
adic,1,2.569082631973775e-06,—
ccelerators,1,2.569082631973775e-06,—
icah,1,2.569082631973775e-06,—
itch,1,2.569082631973775e-06,—
ttended,1,2.569082631973775e-06,—
heung,1,2.569082631973775e-06,—
watchers,1,2.569082631973775e-06,—
breakpoints,1,2.569082631973775e-06,—
rrelayer,1,2.569082631973775e-06,—
relayer,1,2.569082631973775e-06,—
gasless,1,2.569082631973775e-06,—
outers,1,2.569082631973775e-06,—
shitij,1,2.569082631973775e-06,—
ruv,1,2.569082631973775e-06,—
ein,1,2.569082631973775e-06,—
konavi,1,2.569082631973775e-06,—
reno,1,2.569082631973775e-06,—
eiga,1,2.569082631973775e-06,—
agroforestry,1,2.569082631973775e-06,—
nderrepresented,1,2.569082631973775e-06,—
dalberto,1,2.569082631973775e-06,—
unior,1,2.569082631973775e-06,—
promotion,1,2.569082631973775e-06,—
favelas,1,2.569082631973775e-06,—
slums,1,2.569082631973775e-06,—
amshreyas,1,2.569082631973775e-06,—
sequencers,1,2.569082631973775e-06,—
adical,1,2.569082631973775e-06,—
ossification,1,2.569082631973775e-06,—
iko,1,2.569082631973775e-06,—
tkinso,1,2.569082631973775e-06,—
spejel,1,2.569082631973775e-06,—
wellness,1,2.569082631973775e-06,—
ufuor,1,2.569082631973775e-06,—
mega,1,2.569082631973775e-06,—
lipside,1,2.569082631973775e-06,—
ictoria,1,2.569082631973775e-06,—
tilization,1,2.569082631973775e-06,—
preconf,1,2.569082631973775e-06,—
ichel,1,2.569082631973775e-06,—
onths,1,2.569082631973775e-06,—
ombinatorics,1,2.569082631973775e-06,—
delves,1,2.569082631973775e-06,—
six,1,2.569082631973775e-06,—
nhy,1,2.569082631973775e-06,—
energizes,1,2.569082631973775e-06,—
philosopher,1,2.569082631973775e-06,—
politician,1,2.569082631973775e-06,—
accelerationism,1,2.569082631973775e-06,—
rganized,1,2.569082631973775e-06,—
angout,1,2.569082631973775e-06,—
nformal,1,2.569082631973775e-06,—
eservations,1,2.569082631973775e-06,—
perts,1,2.569082631973775e-06,—
elebrates,1,2.569082631973775e-06,—
egen,1,2.569082631973775e-06,—
ustaining,1,2.569082631973775e-06,—
ocuses,1,2.569082631973775e-06,—
fireside,1,2.569082631973775e-06,—
neon,1,2.569082631973775e-06,—
lush,1,2.569082631973775e-06,—
plants,1,2.569082631973775e-06,—
rchestra,1,2.569082631973775e-06,—
musician,1,2.569082631973775e-06,—
scape,1,2.569082631973775e-06,—
nteract,1,2.569082631973775e-06,—
rought,1,2.569082631973775e-06,—
aedalus,1,2.569082631973775e-06,—
rea,1,2.569082631973775e-06,—
decompression,1,2.569082631973775e-06,—
roam,1,2.569082631973775e-06,—
quipped,1,2.569082631973775e-06,—
hammocks,1,2.569082631973775e-06,—
beds,1,2.569082631973775e-06,—
massage,1,2.569082631973775e-06,—
therapy,1,2.569082631973775e-06,—
recharge,1,2.569082631973775e-06,—
aterially,1,2.569082631973775e-06,—
ngagement,1,2.569082631973775e-06,—
eliverables,1,2.569082631973775e-06,—
ords,1,2.569082631973775e-06,—
scored,1,2.569082631973775e-06,—
agadeesh,1,2.569082631973775e-06,—
epehr,1,2.569082631973775e-06,—
ashemi,1,2.569082631973775e-06,—
edwika,1,2.569082631973775e-06,—
ursit,1,2.569082631973775e-06,—
arca,1,2.569082631973775e-06,—
itsoukakis,1,2.569082631973775e-06,—
kan,1,2.569082631973775e-06,—
ausa,1,2.569082631973775e-06,—
hona,1,2.569082631973775e-06,—
agalog,1,2.569082631973775e-06,—
oruba,1,2.569082631973775e-06,—
peedun,1,2.569082631973775e-06,—
sleeps,1,2.569082631973775e-06,—
rips,1,2.569082631973775e-06,—
mmunei,1,2.569082631973775e-06,—
antle,1,2.569082631973775e-06,—
penuild,1,2.569082631973775e-06,—
ymbiotic,1,2.569082631973775e-06,—
vara,1,2.569082631973775e-06,—
elia,1,2.569082631973775e-06,—
moja,1,2.569082631973775e-06,—
ichai,1,2.569082631973775e-06,—
ltayer,1,2.569082631973775e-06,—
ovalent,1,2.569082631973775e-06,—
afetake,1,2.569082631973775e-06,—
frens,1,2.569082631973775e-06,—
ileverse,1,2.569082631973775e-06,—
frogcrypto,1,2.569082631973775e-06,—
karaoke,1,2.569082631973775e-06,—
tereo,1,2.569082631973775e-06,—
iwi,1,2.569082631973775e-06,—
foyer,1,2.569082631973775e-06,—
eremonies,1,2.569082631973775e-06,—
pening,1,2.569082631973775e-06,—
resonates,1,2.569082631973775e-06,—
iver,1,2.569082631973775e-06,—
therstaker,1,2.569082631973775e-06,—
thstaker,1,2.569082631973775e-06,—
ehlig,1,2.569082631973775e-06,—
terns,1,2.569082631973775e-06,—
demonstrable,1,2.569082631973775e-06,—
speciality,1,2.569082631973775e-06,—
nterns,1,2.569082631973775e-06,—
screenings,1,2.569082631973775e-06,—
eseach,1,2.569082631973775e-06,—
meticulous,1,2.569082631973775e-06,—
amiliarity,1,2.569082631973775e-06,—
strain,1,2.569082631973775e-06,—
eneralist,1,2.569082631973775e-06,—
rangers,1,2.569082631973775e-06,—
bono,1,2.569082631973775e-06,—
disqualify,1,2.569082631973775e-06,—
nurious,1,2.569082631973775e-06,—
teenagers,1,2.569082631973775e-06,—
otonou,1,2.569082631973775e-06,—
enin,1,2.569082631973775e-06,—
lockack,1,2.569082631973775e-06,—
rivandrum,1,2.569082631973775e-06,—
eblubs,1,2.569082631973775e-06,—
ndustry,1,2.569082631973775e-06,—
wanda,1,2.569082631973775e-06,—
érida,1,2.569082631973775e-06,—
eiackabs,1,2.569082631973775e-06,—
ura,1,2.569082631973775e-06,—
ida,1,2.569082631973775e-06,—
takesaurus,1,2.569082631973775e-06,—
ducat,1,2.569082631973775e-06,—
rogrypto,1,2.569082631973775e-06,—
alkans,1,2.569082631973775e-06,—
ovićević,1,2.569082631973775e-06,—
ethics,1,2.569082631973775e-06,—
zkity,1,2.569082631973775e-06,—
onlanthe,1,2.569082631973775e-06,—
ucia,1,2.569082631973775e-06,—
iffer,1,2.569082631973775e-06,—
sero,1,2.569082631973775e-06,—
ackpocket,1,2.569082631973775e-06,—
commonalities,1,2.569082631973775e-06,—
auss,1,2.569082631973775e-06,—
ircuitsca,1,2.569082631973775e-06,—
unusuable,1,2.569082631973775e-06,—
teddav,1,2.569082631973775e-06,—
ionlysim,1,2.569082631973775e-06,—
hourly,1,2.569082631973775e-06,—
polarimetric,1,2.569082631973775e-06,—
radar,1,2.569082631973775e-06,—
harti,1,2.569082631973775e-06,—
apidsnark,1,2.569082631973775e-06,—
ogan,1,2.569082631973775e-06,—
orma,1,2.569082631973775e-06,—
ubhasish,1,2.569082631973775e-06,—
ehera,1,2.569082631973775e-06,—
winderica,1,2.569082631973775e-06,—
rotoalay,1,2.569082631973775e-06,—
mpc,1,2.569082631973775e-06,—
ackends,1,2.569082631973775e-06,—
egistry,1,2.569082631973775e-06,—
okoridani,1,2.569082631973775e-06,—
lok,1,2.569082631973775e-06,—
erurkar,1,2.569082631973775e-06,—
acpherso,1,2.569082631973775e-06,—
obcroft,1,2.569082631973775e-06,—
aplin,1,2.569082631973775e-06,—
apli,1,2.569082631973775e-06,—
iviue,1,2.569082631973775e-06,—
ivic,1,2.569082631973775e-06,—
odelling,1,2.569082631973775e-06,—
eneric,1,2.569082631973775e-06,—
irenjith,1,2.569082631973775e-06,—
asidhara,1,2.569082631973775e-06,—
manule,1,2.569082631973775e-06,—
iterbo,1,2.569082631973775e-06,—
circulant,1,2.569082631973775e-06,—
stitching,1,2.569082631973775e-06,—
igoken,1,2.569082631973775e-06,—
subcultures,1,2.569082631973775e-06,—
overshadowed,1,2.569082631973775e-06,—
hallways,1,2.569082631973775e-06,—
controversies,1,2.569082631973775e-06,—
rgot,1,2.569082631973775e-06,—
embodying,1,2.569082631973775e-06,—
aily,1,2.569082631973775e-06,—
assano,1,2.569082631973775e-06,—
obinson,1,2.569082631973775e-06,—
readguy,1,2.569082631973775e-06,—
artek,1,2.569082631973775e-06,—
iepuszewski,1,2.569082631973775e-06,—
ollak,1,2.569082631973775e-06,—
oldfeder,1,2.569082631973775e-06,—
rchitectural,1,2.569082631973775e-06,—
heong,1,2.569082631973775e-06,—
reminded,1,2.569082631973775e-06,—
manifesto,1,2.569082631973775e-06,—
illiamso,1,2.569082631973775e-06,—
ouses,1,2.569082631973775e-06,—
ornados,1,2.569082631973775e-06,—
alkenburgh,1,2.569082631973775e-06,—
essons,1,2.569082631973775e-06,—
eneratio,1,2.569082631973775e-06,—
eers,1,2.569082631973775e-06,—
oyer,1,2.569082631973775e-06,—
edefining,1,2.569082631973775e-06,—
biodefense,1,2.569082631973775e-06,—
neurotech,1,2.569082631973775e-06,—
epistemics,1,2.569082631973775e-06,—
tephane,1,2.569082631973775e-06,—
osseli,1,2.569082631973775e-06,—
ulie,1,2.569082631973775e-06,—
dhaar,1,2.569082631973775e-06,—
olymarket,1,2.569082631973775e-06,—
iroyuki,1,2.569082631973775e-06,—
achibana,1,2.569082631973775e-06,—
lliot,1,2.569082631973775e-06,—
nico,1,2.569082631973775e-06,—
ilmar,1,2.569082631973775e-06,—
eterson,1,2.569082631973775e-06,—
ltimate,1,2.569082631973775e-06,—
irthing,1,2.569082631973775e-06,—
hrumil,1,2.569082631973775e-06,—
hah,1,2.569082631973775e-06,—
reaffirmed,1,2.569082631973775e-06,—
euder,1,2.569082631973775e-06,—
redacted,1,2.569082631973775e-06,—
chwarz,1,2.569082631973775e-06,—
etractive,1,2.569082631973775e-06,—
lowsso,1,2.569082631973775e-06,—
plushy,1,2.569082631973775e-06,—
lips,1,2.569082631973775e-06,—
hallucinate,1,2.569082631973775e-06,—
onsumers,1,2.569082631973775e-06,—
ourado,1,2.569082631973775e-06,—
ombinations,1,2.569082631973775e-06,—
udrey,1,2.569082631973775e-06,—
fra,1,2.569082631973775e-06,—
atnash,1,2.569082631973775e-06,—
ethnicities,1,2.569082631973775e-06,—
manifold,1,2.569082631973775e-06,—
degens,1,2.569082631973775e-06,—
regens,1,2.569082631973775e-06,—
ajority,1,2.569082631973775e-06,—
eeks,1,2.569082631973775e-06,—
manifestations,1,2.569082631973775e-06,—
transcripts,1,2.569082631973775e-06,—
ollab,1,2.569082631973775e-06,—
mulenga,1,2.569082631973775e-06,—
kapwepwe,1,2.569082631973775e-06,—
summitshare,1,2.569082631973775e-06,—
ummitshare,1,2.569082631973775e-06,—
younger,1,2.569082631973775e-06,—
fricans,1,2.569082631973775e-06,—
fidelity,1,2.569082631973775e-06,—
projectors,1,2.569082631973775e-06,—
goggles,1,2.569082631973775e-06,—
ehibited,1,2.569082631973775e-06,—
arare,1,2.569082631973775e-06,—
retoria,1,2.569082631973775e-06,—
recontetualize,1,2.569082631973775e-06,—
restoring,1,2.569082631973775e-06,—
sparks,1,2.569082631973775e-06,—
enkatesh,1,2.569082631973775e-06,—
bloodcoi,1,2.569082631973775e-06,—
inscribe,1,2.569082631973775e-06,—
fade,1,2.569082631973775e-06,—
distort,1,2.569082631973775e-06,—
injecting,1,2.569082631973775e-06,—
reparations,1,2.569082631973775e-06,—
ondwe,1,2.569082631973775e-06,—
hyira,1,2.569082631973775e-06,—
mofa,1,2.569082631973775e-06,—
ekyi,1,2.569082631973775e-06,—
fluent,1,2.569082631973775e-06,—
temporal,1,2.569082631973775e-06,—
permanence,1,2.569082631973775e-06,—
inscribing,1,2.569082631973775e-06,—
democratizes,1,2.569082631973775e-06,—
thnographic,1,2.569082631973775e-06,—
tokenizing,1,2.569082631973775e-06,—
anan,1,2.569082631973775e-06,—
alestinian,1,2.569082631973775e-06,—
embo,1,2.569082631973775e-06,—
ccelerator,1,2.569082631973775e-06,—
trailblazers,1,2.569082631973775e-06,—
generals,1,2.569082631973775e-06,—
uration,1,2.569082631973775e-06,—
association,1,2.569082631973775e-06,—
legacies,1,2.569082631973775e-06,—
democratized,1,2.569082631973775e-06,—
infosummitshare,1,2.569082631973775e-06,—
elwine,1,2.569082631973775e-06,—
énédicte,1,2.569082631973775e-06,—
acron,1,2.569082631973775e-06,—
ccessed,1,2.569082631973775e-06,—
restitutionreport,1,2.569082631973775e-06,—
iting,1,2.569082631973775e-06,—
lain,1,2.569082631973775e-06,—
odonou,1,2.569082631973775e-06,—
sara,1,2.569082631973775e-06,—
amaral,1,2.569082631973775e-06,—
oluntarily,1,2.569082631973775e-06,—
mran,1,2.569082631973775e-06,—
ybils,1,2.569082631973775e-06,—
redible,1,2.569082631973775e-06,—
icolás,1,2.569082631973775e-06,—
ella,1,2.569082631973775e-06,—
ueries,1,2.569082631973775e-06,—
ukovec,1,2.569082631973775e-06,—
ndrey,1,2.569082631973775e-06,—
uprianov,1,2.569082631973775e-06,—
establishes,1,2.569082631973775e-06,—
enetration,1,2.569082631973775e-06,—
dentifying,1,2.569082631973775e-06,—
ujia,1,2.569082631973775e-06,—
isi,1,2.569082631973775e-06,—
ingfei,1,2.569082631973775e-06,—
ueqian,1,2.569082631973775e-06,—
penetration,1,2.569082631973775e-06,—
arisht,1,2.569082631973775e-06,—
adhwa,1,2.569082631973775e-06,—
ggelos,1,2.569082631973775e-06,—
iayias,1,2.569082631973775e-06,—
nstitutional,1,2.569082631973775e-06,—
ehr,1,2.569082631973775e-06,—
uhammed,1,2.569082631973775e-06,—
sgi,1,2.569082631973775e-06,—
teinfeld,1,2.569082631973775e-06,—
uen,1,2.569082631973775e-06,—
alancing,1,2.569082631973775e-06,—
nonymity,1,2.569082631973775e-06,—
ysyanskaya,1,2.569082631973775e-06,—
riffy,1,2.569082631973775e-06,—
blueprints,1,2.569082631973775e-06,—
ichele,1,2.569082631973775e-06,—
rrù,1,2.569082631973775e-06,—
revor,1,2.569082631973775e-06,—
errin,1,2.569082631973775e-06,—
arhuenda,1,2.569082631973775e-06,—
iniang,1,2.569082631973775e-06,—
ucong,1,2.569082631973775e-06,—
ihan,1,2.569082631973775e-06,—
ouwei,1,2.569082631973775e-06,—
iwei,1,2.569082631973775e-06,—
ealed,1,2.569082631973775e-06,—
ovanovic,1,2.569082631973775e-06,—
lireza,1,2.569082631973775e-06,—
avousi,1,2.569082631973775e-06,—
ndrija,1,2.569082631973775e-06,—
ovakovic,1,2.569082631973775e-06,—
atthieu,1,2.569082631973775e-06,—
ivai,1,2.569082631973775e-06,—
hibauld,1,2.569082631973775e-06,—
eneuil,1,2.569082631973775e-06,—
ryptoperts,1,2.569082631973775e-06,—
iguel,1,2.569082631973775e-06,—
sabel,1,2.569082631973775e-06,—
lara,1,2.569082631973775e-06,—
ddy,1,2.569082631973775e-06,—
estbrook,1,2.569082631973775e-06,—
oberto,1,2.569082631973775e-06,—
altini,1,2.569082631973775e-06,—
hipeng,1,2.569082631973775e-06,—
iahao,1,2.569082631973775e-06,—
ylvie,1,2.569082631973775e-06,—
lockchainov,1,2.569082631973775e-06,—
udong,1,2.569082631973775e-06,—
iaoyu,1,2.569082631973775e-06,—
ialing,1,2.569082631973775e-06,—
eihang,1,2.569082631973775e-06,—
enrui,1,2.569082631973775e-06,—
anzhi,1,2.569082631973775e-06,—
strengthens,1,2.569082631973775e-06,—
arcía,1,2.569082631973775e-06,—
rredondo,1,2.569082631973775e-06,—
eilin,1,2.569082631973775e-06,—
lockspace,1,2.569082631973775e-06,—
erivative,1,2.569082631973775e-06,—
houqiao,1,2.569082631973775e-06,—
arlour,1,2.569082631973775e-06,—
rincipal,1,2.569082631973775e-06,—
postolos,1,2.569082631973775e-06,—
zinas,1,2.569082631973775e-06,—
ocketpool,1,2.569082631973775e-06,—
engqian,1,2.569082631973775e-06,—
onperrus,1,2.569082631973775e-06,—
olving,1,2.569082631973775e-06,—
ectors,1,2.569082631973775e-06,—
lark,1,2.569082631973775e-06,—
iemetz,1,2.569082631973775e-06,—
reiner,1,2.569082631973775e-06,—
odrigo,1,2.569082631973775e-06,—
ibeiro,1,2.569082631973775e-06,—
abricio,1,2.569082631973775e-06,—
aranhos,1,2.569082631973775e-06,—
urduşa,1,2.569082631973775e-06,—
recise,1,2.569082631973775e-06,—
lejandro,1,2.569082631973775e-06,—
omán,1,2.569082631973775e-06,—
íez,1,2.569082631973775e-06,—
efinement,1,2.569082631973775e-06,—
anagiotis,1,2.569082631973775e-06,—
anolios,1,2.569082631973775e-06,—
ristina,1,2.569082631973775e-06,—
ita,1,2.569082631973775e-06,—
otaru,1,2.569082631973775e-06,—
nkit,1,2.569082631973775e-06,—
ortheastern,1,2.569082631973775e-06,—
øren,1,2.569082631973775e-06,—
ller,1,2.569082631973775e-06,—
homse,1,2.569082631973775e-06,—
erspective,1,2.569082631973775e-06,—
urak,1,2.569082631973775e-06,—
öz,1,2.569082631973775e-06,—
lorian,1,2.569082631973775e-06,—
atthes,1,2.569082631973775e-06,—
aburu,1,2.569082631973775e-06,—
enyatta,1,2.569082631973775e-06,—
umanities,1,2.569082631973775e-06,—
ssentials,1,2.569082631973775e-06,—
udience,1,2.569082631973775e-06,—
encu,1,2.569082631973775e-06,—
ailwind,1,2.569082631973775e-06,—
ehibiting,1,2.569082631973775e-06,—
colouring,1,2.569082631973775e-06,—
postcards,1,2.569082631973775e-06,—
stellar,1,2.569082631973775e-06,—
glossary,1,2.569082631973775e-06,—
biweekly,1,2.569082631973775e-06,—
cooldowns,1,2.569082631973775e-06,—
rollovers,1,2.569082631973775e-06,—
clarificatio,1,2.569082631973775e-06,—
hadcn,1,2.569082631973775e-06,—
ethproofs,1,2.569082631973775e-06,—
snarkification,1,2.569082631973775e-06,—
eodework,1,2.569082631973775e-06,—
ighlighting,1,2.569082631973775e-06,—
istributing,1,2.569082631973775e-06,—
acknowledgments,1,2.569082631973775e-06,—
standout,1,2.569082631973775e-06,—
availablilty,1,2.569082631973775e-06,—
intricies,1,2.569082631973775e-06,—
erano,1,2.569082631973775e-06,—
spects,1,2.569082631973775e-06,—
unites,1,2.569082631973775e-06,—
bink,1,2.569082631973775e-06,—
etbook,1,2.569082631973775e-06,—
lockeader,1,2.569082631973775e-06,—
aduna,1,2.569082631973775e-06,—
ysteries,1,2.569082631973775e-06,—
ackerspace,1,2.569082631973775e-06,—
azakhstan,1,2.569082631973775e-06,—
rchives,1,2.569082631973775e-06,—
lina,1,2.569082631973775e-06,—
atinina,1,2.569082631973775e-06,—
engaluru,1,2.569082631973775e-06,—
atiorypt,1,2.569082631973775e-06,—
uru,1,2.569082631973775e-06,—
arnival,1,2.569082631973775e-06,—
orizonte,1,2.569082631973775e-06,—
ymposium,1,2.569082631973775e-06,—
uzzles,1,2.569082631973775e-06,—
arekills,1,2.569082631973775e-06,—
oratger,1,2.569082631973775e-06,—
ptimize,1,2.569082631973775e-06,—
åvard,1,2.569082631973775e-06,—
nda,1,2.569082631973775e-06,—
inge,1,2.569082631973775e-06,—
hashtree,1,2.569082631973775e-06,—
erenita,1,2.569082631973775e-06,—
arbling,1,2.569082631973775e-06,—
akul,1,2.569082631973775e-06,—
hambhati,1,2.569082631973775e-06,—
garbling,1,2.569082631973775e-06,—
ungeo,1,2.569082631973775e-06,—
uyhy,1,2.569082631973775e-06,—
ookup,1,2.569082631973775e-06,—
haya,1,2.569082631973775e-06,—
anesh,1,2.569082631973775e-06,—
iammarco,1,2.569082631973775e-06,—
asanova,1,2.569082631973775e-06,—
geeloko,1,2.569082631973775e-06,—
dge,1,2.569082631973775e-06,—
essa,1,2.569082631973775e-06,—
aneewong,1,2.569082631973775e-06,—
llema,1,2.569082631973775e-06,—
rema,1,2.569082631973775e-06,—
cea,1,2.569082631973775e-06,—
ashi,1,2.569082631973775e-06,—
ultilateral,1,2.569082631973775e-06,—
nonymization,1,2.569082631973775e-06,—
asato,1,2.569082631973775e-06,—
penassport,1,2.569082631973775e-06,—
icole,1,2.569082631973775e-06,—
anguk,1,2.569082631973775e-06,—
ishal,1,2.569082631973775e-06,—
immy,1,2.569082631973775e-06,—
lfredo,1,2.569082631973775e-06,—
onilla,1,2.569082631973775e-06,—
zkintro,1,2.569082631973775e-06,—
eridise,1,2.569082631973775e-06,—
zkea,1,2.569082631973775e-06,—
regor,1,2.569082631973775e-06,—
itscha,1,2.569082631973775e-06,—
aude,1,2.569082631973775e-06,—
dery,1,2.569082631973775e-06,—
yfri,1,2.569082631973775e-06,—
indy,1,2.569082631973775e-06,—
iocini,1,2.569082631973775e-06,—
tevm,1,2.569082631973775e-06,—
udo,1,2.569082631973775e-06,—
alabru,1,2.569082631973775e-06,—
icaiah,1,2.569082631973775e-06,—
eid,1,2.569082631973775e-06,—
ightweight,1,2.569082631973775e-06,—
ertified,1,2.569082631973775e-06,—
almskog,1,2.569082631973775e-06,—
maintainable,1,2.569082631973775e-06,—
ongyeon,1,2.569082631973775e-06,—
deserialization,1,2.569082631973775e-06,—
onstantinescu,1,2.569082631973775e-06,—
llis,1,2.569082631973775e-06,—
sparsity,1,2.569082631973775e-06,—
parameterized,1,2.569082631973775e-06,—
inboes,1,2.569082631973775e-06,—
degraded,1,2.569082631973775e-06,—
oordinated,1,2.569082631973775e-06,—
designate,1,2.569082631973775e-06,—
arris,1,2.569082631973775e-06,—
ricorio,1,2.569082631973775e-06,—
imestamp,1,2.569082631973775e-06,—
ugprade,1,2.569082631973775e-06,—
pertains,1,2.569082631973775e-06,—
competitio,1,2.569082631973775e-06,—
ncross,1,2.569082631973775e-06,—
odríguez,1,2.569082631973775e-06,—
nyesto,1,2.569082631973775e-06,—
robotics,1,2.569082631973775e-06,—
ntonio,1,2.569082631973775e-06,—
eperiential,1,2.569082631973775e-06,—
mycorrhizal,1,2.569082631973775e-06,—
orres,1,2.569082631973775e-06,—
inco,1,2.569082631973775e-06,—
ayo,1,2.569082631973775e-06,—
misalignment,1,2.569082631973775e-06,—
rotz,1,2.569082631973775e-06,—
jurors,1,2.569082631973775e-06,—
formulating,1,2.569082631973775e-06,—
ulupenko,1,2.569082631973775e-06,—
oki,1,2.569082631973775e-06,—
sculptor,1,2.569082631973775e-06,—
spatial,1,2.569082631973775e-06,—
affordance,1,2.569082631973775e-06,—
soto,1,2.569082631973775e-06,—
roji,1,2.569082631973775e-06,—
subtlety,1,2.569082631973775e-06,—
nurtures,1,2.569082631973775e-06,—
cantina,1,2.569082631973775e-06,—
ontrols,1,2.569082631973775e-06,—
elegations,1,2.569082631973775e-06,—
aises,1,2.569082631973775e-06,—
consolidatio,1,2.569082631973775e-06,—
riggerable,1,2.569082631973775e-06,—
educes,1,2.569082631973775e-06,—
peeds,1,2.569082631973775e-06,—
uts,1,2.569082631973775e-06,—
emoves,1,2.569082631973775e-06,—
apacity,1,2.569082631973775e-06,—
underscored,1,2.569082631973775e-06,—
illuminated,1,2.569082631973775e-06,—
clearest,1,2.569082631973775e-06,—
permissionlessness,1,2.569082631973775e-06,—
tewart,1,2.569082631973775e-06,—
ayers,1,2.569082631973775e-06,—
futurists,1,2.569082631973775e-06,—
pholding,1,2.569082631973775e-06,—
misunderstood,1,2.569082631973775e-06,—
subtractive,1,2.569082631973775e-06,—
uided,1,2.569082631973775e-06,—
retreats,1,2.569082631973775e-06,—
pollinate,1,2.569082631973775e-06,—
cultivation,1,2.569082631973775e-06,—
oversimplificatio,1,2.569082631973775e-06,—
epansio,1,2.569082631973775e-06,—
rreplaceably,1,2.569082631973775e-06,—
nique,1,2.569082631973775e-06,—
clectic,1,2.569082631973775e-06,—
irreplaceably,1,2.569082631973775e-06,—
biodiversity,1,2.569082631973775e-06,—
thrives,1,2.569082631973775e-06,—
collage,1,2.569082631973775e-06,—
propels,1,2.569082631973775e-06,—
courageously,1,2.569082631973775e-06,—
ethodology,1,2.569082631973775e-06,—
lackthorn,1,2.569082631973775e-06,—
edaub,1,2.569082631973775e-06,—
lainhift,1,2.569082631973775e-06,—
buenos,1,2.569082631973775e-06,—
aires,1,2.569082631973775e-06,—
kickoff,1,2.569082631973775e-06,—
uark,1,2.569082631973775e-06,—
almy,1,2.569082631973775e-06,—
ouldertech,1,2.569082631973775e-06,—
ecentraland,1,2.569082631973775e-06,—
eionderland,1,2.569082631973775e-06,—
actlyrotocol,1,2.569082631973775e-06,—
ambdalass,1,2.569082631973775e-06,—
imic,1,2.569082631973775e-06,—
ipio,1,2.569082631973775e-06,—
iudad,1,2.569082631973775e-06,—
rgentinians,1,2.569082631973775e-06,—
airs,1,2.569082631973775e-06,—
eighborhood,1,2.569082631973775e-06,—
cafes,1,2.569082631973775e-06,—
laza,1,2.569082631973775e-06,—
crisscrossing,1,2.569082631973775e-06,—
ullstack,1,2.569082631973775e-06,—
agicia,1,2.569082631973775e-06,—
unfolds,1,2.569082631973775e-06,—
hoodi,1,2.569082631973775e-06,—
activatio,1,2.569082631973775e-06,—
consolidations,1,2.569082631973775e-06,—
timeframe,1,2.569082631973775e-06,—
hackmd,1,2.569082631973775e-06,—
mikeneuder,1,2.569082631973775e-06,—
rovided,1,2.569082631973775e-06,—
pushback,1,2.569082631973775e-06,—
scopes,1,2.569082631973775e-06,—
nshrined,1,2.569082631973775e-06,—
elegator,1,2.569082631973775e-06,—
epricing,1,2.569082631973775e-06,—
imulations,1,2.569082631973775e-06,—
hadow,1,2.569082631973775e-06,—
ontinues,1,2.569082631973775e-06,—
convering,1,2.569082631973775e-06,—
hone,1,2.569082631973775e-06,—
destino,1,2.569082631973775e-06,—
argentina,1,2.569082631973775e-06,—
missio,1,2.569082631973775e-06,—
thrived,1,2.569082631973775e-06,—
tokenization,1,2.569082631973775e-06,—
yearsethereum,1,2.569082631973775e-06,—
roundsethereum,1,2.569082631973775e-06,—
requently,1,2.569082631973775e-06,—
omms,1,2.569082631973775e-06,—
versight,1,2.569082631973775e-06,—
ision,1,2.569082631973775e-06,—
oversees,1,2.569082631973775e-06,—
anages,1,2.569082631973775e-06,—
articulates,1,2.569082631973775e-06,—
restate,1,2.569082631973775e-06,—
isio,1,2.569082631973775e-06,—
soil,1,2.569082631973775e-06,—
ole,1,2.569082631973775e-06,—
ngaging,1,2.569082631973775e-06,—
pproach,1,2.569082631973775e-06,—
reassessing,1,2.569082631973775e-06,—
generational,1,2.569082631973775e-06,—
acilitating,1,2.569082631973775e-06,—
etortionate,1,2.569082631973775e-06,—
stitutions,1,2.569082631973775e-06,—
erformative,1,2.569082631973775e-06,—
tomasz,1,2.569082631973775e-06,—
stańczak,1,2.569082631973775e-06,—
honeymoon,1,2.569082631973775e-06,—
oment,1,2.569082631973775e-06,—
embraced,1,2.569082631973775e-06,—
carriage,1,2.569082631973775e-06,—
bjectives,1,2.569082631973775e-06,—
champio,1,2.569082631973775e-06,—
ostering,1,2.569082631973775e-06,—
rotectio,1,2.569082631973775e-06,—
afeguarding,1,2.569082631973775e-06,—
coodination,1,2.569082631973775e-06,—
amplifying,1,2.569082631973775e-06,—
dialogues,1,2.569082631973775e-06,—
nimble,1,2.569082631973775e-06,—
sharper,1,2.569082631973775e-06,—
flourishes,1,2.569082631973775e-06,—
apr,1,2.569082631973775e-06,—
guardrails,1,2.569082631973775e-06,—
formalizatio,1,2.569082631973775e-06,—
standardizatio,1,2.569082631973775e-06,—
piecemeal,1,2.569082631973775e-06,—
ritics,1,2.569082631973775e-06,—
preconfigured,1,2.569082631973775e-06,—
doable,1,2.569082631973775e-06,—
revisiting,1,2.569082631973775e-06,—
conflate,1,2.569082631973775e-06,—
gloom,1,2.569082631973775e-06,—
timestamped,1,2.569082631973775e-06,—
austin,1,2.569082631973775e-06,—
griffith,1,2.569082631973775e-06,—
nre,1,2.569082631973775e-06,—
campuses,1,2.569082631973775e-06,—
universityethereum,1,2.569082631973775e-06,—
peedunthereum,1,2.569082631973775e-06,—
nvery,1,2.569082631973775e-06,—
uratio,1,2.569082631973775e-06,—
ompensatio,1,2.569082631973775e-06,—
leibility,1,2.569082631973775e-06,—
ntern,1,2.569082631973775e-06,—
emonstrate,1,2.569082631973775e-06,—
aintain,1,2.569082631973775e-06,—
ocumenting,1,2.569082631973775e-06,—
ultivating,1,2.569082631973775e-06,—
tern,1,2.569082631973775e-06,—
cve,1,2.569082631973775e-06,—
uiang,1,2.569082631973775e-06,—
raglia,1,2.569082631973775e-06,—
enedikt,1,2.569082631973775e-06,—
agner,1,2.569082631973775e-06,—
proofreading,1,2.569082631973775e-06,—
asanso,1,2.569082631973775e-06,—
cryptosystems,1,2.569082631973775e-06,—
ubgroup,1,2.569082631973775e-06,—
endomorphism,1,2.569082631973775e-06,—
lim,1,2.569082631973775e-06,—
hady,1,2.569082631973775e-06,—
trigued,1,2.569082631973775e-06,—
eaky,1,2.569082631973775e-06,—
isomorpshism,1,2.569082631973775e-06,—
equatio,1,2.569082631973775e-06,—
neq,1,2.569082631973775e-06,—
violated,1,2.569082631973775e-06,—
tangent,1,2.569082631973775e-06,—
somorphisms,1,2.569082631973775e-06,—
isogenous,1,2.569082631973775e-06,—
affine,1,2.569082631973775e-06,—
mapsto,1,2.569082631973775e-06,—
voilà,1,2.569082631973775e-06,—
jeu,1,2.569082631973775e-06,—
fait,1,2.569082631973775e-06,—
divergent,1,2.569082631973775e-06,—
jeopardize,1,2.569082631973775e-06,—
uniformity,1,2.569082631973775e-06,—
oticed,1,2.569082631973775e-06,—
missteps,1,2.569082631973775e-06,—
scrutinize,1,2.569082631973775e-06,—
iscovered,1,2.569082631973775e-06,—
fterhours,1,2.569082631973775e-06,—
irko,1,2.569082631973775e-06,—
arozzo,1,2.569082631973775e-06,—
ndreoli,1,2.569082631973775e-06,—
empirics,1,2.569082631973775e-06,—
ocalism,1,2.569082631973775e-06,—
penivics,1,2.569082631973775e-06,—
lokkat,1,2.569082631973775e-06,—
equipping,1,2.569082631973775e-06,—
scuela,1,2.569082631973775e-06,—
nformáticas,1,2.569082631973775e-06,—
iopia,1,2.569082631973775e-06,—
ddis,1,2.569082631973775e-06,—
baba,1,2.569082631973775e-06,—
thiopia,1,2.569082631973775e-06,—
acklahoma,1,2.569082631973775e-06,—
ssurance,1,2.569082631973775e-06,—
flawless,1,2.569082631973775e-06,—
associate,1,2.569082631973775e-06,—
lasgow,1,2.569082631973775e-06,—
thereumzech,1,2.569082631973775e-06,—
luechain,1,2.569082631973775e-06,—
northeastern,1,2.569082631973775e-06,—
idwest,1,2.569082631973775e-06,—
ansas,1,2.569082631973775e-06,—
ellbeing,1,2.569082631973775e-06,—
zumaki,1,2.569082631973775e-06,—
rāma,1,2.569082631973775e-06,—
thematic,1,2.569082631973775e-06,—
abric,1,2.569082631973775e-06,—
otth,1,2.569082631973775e-06,—
eergos,1,2.569082631973775e-06,—
ewis,1,2.569082631973775e-06,—
delineates,1,2.569082631973775e-06,—
isogenies,1,2.569082631973775e-06,—
lueprint,1,2.569082631973775e-06,—
mathlib,1,2.569082631973775e-06,—
lueprints,1,2.569082631973775e-06,—
lemmas,1,2.569082631973775e-06,—
achina,1,2.569082631973775e-06,—
hantom,1,2.569082631973775e-06,—
evasive,1,2.569082631973775e-06,—
uca,1,2.569082631973775e-06,—
tefano,1,2.569082631973775e-06,—
revisani,1,2.569082631973775e-06,—
ashloak,1,2.569082631973775e-06,—
ltraonk,1,2.569082631973775e-06,—
utput,1,2.569082631973775e-06,—
oseido,1,2.569082631973775e-06,—
imula,1,2.569082631973775e-06,—
deriving,1,2.569082631973775e-06,—
houki,1,2.569082631973775e-06,—
suda,1,2.569082631973775e-06,—
nr,1,2.569082631973775e-06,—
droidortal,1,2.569082631973775e-06,—
irk,1,2.569082631973775e-06,—
äckel,1,2.569082631973775e-06,—
rueblocks,1,2.569082631973775e-06,—
sidecar,1,2.569082631973775e-06,—
ntology,1,2.569082631973775e-06,—
yland,1,2.569082631973775e-06,—
lloreev,1,2.569082631973775e-06,—
ategorizatio,1,2.569082631973775e-06,—
bserver,1,2.569082631973775e-06,—
traightforward,1,2.569082631973775e-06,—
penauced,1,2.569082631973775e-06,—
ogging,1,2.569082631973775e-06,—
itiku,1,2.569082631973775e-06,—
loctopus,1,2.569082631973775e-06,—
uriithi,1,2.569082631973775e-06,—
serps,1,2.569082631973775e-06,—
drafting,1,2.569082631973775e-06,—
nês,1,2.569082631973775e-06,—
ilva,1,2.569082631973775e-06,—
erek,1,2.569082631973775e-06,—
orke,1,2.569082631973775e-06,—
elilat,1,2.569082631973775e-06,—
nofiu,1,2.569082631973775e-06,—
otts,1,2.569082631973775e-06,—
materially,1,2.569082631973775e-06,—
affordances,1,2.569082631973775e-06,—
osul,1,2.569082631973775e-06,—
ouradeep,1,2.569082631973775e-06,—
hantikiran,1,2.569082631973775e-06,—
hanal,1,2.569082631973775e-06,—
onbin,1,2.569082631973775e-06,—
briefs,1,2.569082631973775e-06,—
rivote,1,2.569082631973775e-06,—
stitutional,1,2.569082631973775e-06,—
mal,1,2.569082631973775e-06,—
rique,1,2.569082631973775e-06,—
luechip,1,2.569082631973775e-06,—
erifereum,1,2.569082631973775e-06,—
definitional,1,2.569082631973775e-06,—
ecludes,1,2.569082631973775e-06,—
ulip,1,2.569082631973775e-06,—
delegator,1,2.569082631973775e-06,—
leandre,1,2.569082631973775e-06,—
oïc,1,2.569082631973775e-06,—
ugnier,1,2.569082631973775e-06,—
blackbigswan,1,2.569082631973775e-06,—
alina,1,2.569082631973775e-06,—
olmach,1,2.569082631973775e-06,—
acherginsky,1,2.569082631973775e-06,—
arcia,1,2.569082631973775e-06,—
ilehchiha,1,2.569082631973775e-06,—
unec,1,2.569082631973775e-06,—
jsvisa,1,2.569082631973775e-06,—
yazantseva,1,2.569082631973775e-06,—
etric,1,2.569082631973775e-06,—
ambition,1,2.569082631973775e-06,—
amounting,1,2.569082631973775e-06,—
ompanies,1,2.569082631973775e-06,—
samczsu,1,2.569082631973775e-06,—
samczsun,1,2.569082631973775e-06,—
writeups,1,2.569082631973775e-06,—
erouali,1,2.569082631973775e-06,—
assessments,1,2.569082631973775e-06,—
bront,1,2.569082631973775e-06,—
trilliondollarsecurityethereum,1,2.569082631973775e-06,—
barnabé,1,2.569082631973775e-06,—
mo,1,2.569082631973775e-06,—
stokes,1,2.569082631973775e-06,—
stewarding,1,2.569082631973775e-06,—
unmatched,1,2.569082631973775e-06,—
orienting,1,2.569082631973775e-06,—
articulating,1,2.569082631973775e-06,—
mato,1,2.569082631973775e-06,—
udolf,1,2.569082631973775e-06,—
apidly,1,2.569082631973775e-06,—
reconfiguring,1,2.569082631973775e-06,—
eliciting,1,2.569082631973775e-06,—
solicited,1,2.569082631973775e-06,—
unlocks,1,2.569082631973775e-06,—
poiler,1,2.569082631973775e-06,—
headliners,1,2.569082631973775e-06,—
inalizatio,1,2.569082631973775e-06,—
reconfiguration,1,2.569082631973775e-06,—
sprints,1,2.569082631973775e-06,—
orks,1,2.569082631973775e-06,—
ncluding,1,2.569082631973775e-06,—
awyers,1,2.569082631973775e-06,—
eperimentations,1,2.569082631973775e-06,—
musicians,1,2.569082631973775e-06,—
poets,1,2.569082631973775e-06,—
opa,1,2.569082631973775e-06,—
icolas,1,2.569082631973775e-06,—
onsigny,1,2.569082631973775e-06,—
adislaus,1,2.569082631973775e-06,—
kpk,1,2.569082631973775e-06,—
teakhouse,1,2.569082631973775e-06,—
pcaversaccio,1,2.569082631973775e-06,—
negotiable,1,2.569082631973775e-06,—
acro,1,2.569082631973775e-06,—
otalreasury,1,2.569082631973775e-06,—
lenses,1,2.569082631973775e-06,—
cyclical,1,2.569082631973775e-06,—
posture,1,2.569082631973775e-06,—
downturns,1,2.569082631973775e-06,—
bull,1,2.569082631973775e-06,—
warranting,1,2.569082631973775e-06,—
envisions,1,2.569082631973775e-06,—
ncourage,1,2.569082631973775e-06,—
counterbalance,1,2.569082631973775e-06,—
ontinually,1,2.569082631973775e-06,—
chasing,1,2.569082631973775e-06,—
uard,1,2.569082631973775e-06,—
barbed,1,2.569082631973775e-06,—
fences,1,2.569082631973775e-06,—
endorsements,1,2.569082631973775e-06,—
ramps,1,2.569082631973775e-06,—
mmediate,1,2.569082631973775e-06,—
iability,1,2.569082631973775e-06,—
okenized,1,2.569082631973775e-06,—
sensitivity,1,2.569082631973775e-06,—
uarterly,1,2.569082631973775e-06,—
overeignty,1,2.569082631973775e-06,—
ivil,1,2.569082631973775e-06,—
iberties,1,2.569082631973775e-06,—
sandwiching,1,2.569082631973775e-06,—
sniping,1,2.569082631973775e-06,—
ncumbent,1,2.569082631973775e-06,—
constrain,1,2.569082631973775e-06,—
etraction,1,2.569082631973775e-06,—
pervasive,1,2.569082631973775e-06,—
whitelists,1,2.569082631973775e-06,—
surveilled,1,2.569082631973775e-06,—
anifesto,1,2.569082631973775e-06,—
romoting,1,2.569082631973775e-06,—
secureware,1,2.569082631973775e-06,—
upskilling,1,2.569082631973775e-06,—
breathe,1,2.569082631973775e-06,—
ermissionless,1,2.569082631973775e-06,—
whitelisting,1,2.569082631973775e-06,—
ibre,1,2.569082631973775e-06,—
copyleft,1,2.569082631973775e-06,—
shielding,1,2.569082631973775e-06,—
upgradeable,1,2.569082631973775e-06,—
collateralization,1,2.569082631973775e-06,—
alerting,1,2.569082631973775e-06,—
civilizational,1,2.569082631973775e-06,—
precedents,1,2.569082631973775e-06,—
skilling,1,2.569082631973775e-06,—
anchoring,1,2.569082631973775e-06,—
esks,1,2.569082631973775e-06,—
desks,1,2.569082631973775e-06,—
erks,1,2.569082631973775e-06,—
finger,1,2.569082631973775e-06,—
ttendee,1,2.569082631973775e-06,—
ird,1,2.569082631973775e-06,—
zkassport,1,2.569082631973775e-06,—
ocals,1,2.569082631973775e-06,—
ovra,1,2.569082631973775e-06,—
cademics,1,2.569082631973775e-06,—
rowse,1,2.569082631973775e-06,—
assholders,1,2.569082631973775e-06,—
terview,1,2.569082631973775e-06,—
isas,1,2.569082631973775e-06,—
